Frequency,Magnitude,Phase
0,5.26588e-13,-0.329266
1,6.41907e-11,-1.96558
2,6.38596e-11,-1.82627
3,1.09815e-10,-1.47818
4,2.15372e-10,-1.17218
5,1.19188e-10,-2.49523
6,1.80869e-10,-1.65448
7,2.11938e-10,-1.6718
8,2.51233e-10,-1.63013
9,2.88113e-10,-1.58773
10,3.00279e-10,-1.45386
11,3.57476e-10,-1.65591
12,3.53427e-10,-1.52121
13,3.99176e-10,-1.57705
14,4.58555e-10,-1.46652
15,4.65527e-10,-1.65491
16,5.05881e-10,-1.48491
17,5.23842e-10,-1.47306
18,5.58524e-10,-1.58368
19,4.99362e-10,-1.677
20,6.1295e-10,-1.53741
21,6.57969e-10,-1.57414
22,6.97137e-10,-1.58348
23,7.63041e-10,-1.57367
24,8.5591e-10,-1.55553
25,8.17224e-10,-1.4892
26,7.94165e-10,-1.54925
27,8.29914e-10,-1.57516
28,8.61525e-10,-1.5661
29,9.4515e-10,-1.54961
30,9.46344e-10,-1.57811
31,9.63272e-10,-1.57083
32,9.87677e-10,-1.56742
33,1.00885e-09,-1.55922
34,1.02301e-09,-1.51961
35,1.09999e-09,-1.5539
36,1.11043e-09,-1.55417
37,1.16593e-09,-1.53741
38,1.1681e-09,-1.5407
39,1.20917e-09,-1.56815
40,1.24217e-09,-1.54658
41,1.31425e-09,-1.58748
42,1.31412e-09,-1.57385
43,1.33854e-09,-1.56554
44,1.29985e-09,-1.53207
45,1.38621e-09,-1.59951
46,1.42512e-09,-1.55781
47,1.45459e-09,-1.5569
48,1.46108e-09,-1.57251
49,1.49003e-09,-1.56745
50,1.5347e-09,-1.55946
51,1.70341e-09,-1.5332
52,1.61039e-09,-1.55658
53,1.6413e-09,-1.54689
54,1.65027e-09,-1.56275
55,1.71531e-09,-1.54912
56,1.72577e-09,-1.55897
57,1.78437e-09,-1.55833
58,2.94973e-09,-1.87645
59,1.8294e-09,-1.54713
60,1.92261e-09,-1.54728
61,1.87708e-09,-1.55364
62,1.92586e-09,-1.54548
63,2.00115e-09,-1.57779
64,1.99401e-09,-1.55525
65,2.0443e-09,-1.56516
66,2.03289e-09,-1.55745
67,2.11707e-09,-1.54075
68,2.10952e-09,-1.54835
69,2.13872e-09,-1.54867
70,2.19392e-09,-1.54179
71,2.21273e-09,-1.54835
72,2.23067e-09,-1.55624
73,2.2873e-09,-1.54836
74,2.30332e-09,-1.54439
75,2.34108e-09,-1.54529
76,2.35979e-09,-1.54041
77,2.37903e-09,-1.54636
78,2.57952e-09,-1.56667
79,2.43726e-09,-1.55483
80,2.48118e-09,-1.54926
81,2.5253e-09,-1.54452
82,2.58111e-09,-1.54846
83,2.57187e-09,-1.54334
84,2.61105e-09,-1.54921
85,2.65336e-09,-1.54278
86,2.66347e-09,-1.54856
87,2.70219e-09,-1.53542
88,2.72419e-09,-1.54067
89,2.77427e-09,-1.54834
90,2.80546e-09,-1.5427
91,2.82226e-09,-1.53937
92,2.9176e-09,-1.53273
93,2.90175e-09,-1.5574
94,2.82605e-09,-1.54087
95,2.95355e-09,-1.54969
96,2.96847e-09,-1.55515
97,3.03208e-09,-1.54804
98,3.07268e-09,-1.53887
99,3.02414e-09,-1.52198
100,3.0956e-09,-1.54213
101,3.10977e-09,-1.54233
102,3.15859e-09,-1.53917
103,3.20852e-09,-1.54349
104,3.2665e-09,-1.51542
105,3.27935e-09,-1.5425
106,3.29404e-09,-1.53975
107,3.3321e-09,-1.52746
108,3.3529e-09,-1.53966
109,3.3868e-09,-1.53679
110,3.41867e-09,-1.53375
111,3.44566e-09,-1.53077
112,3.47003e-09,-1.53455
113,3.48911e-09,-1.54178
114,3.51978e-09,-1.53394
115,3.54334e-09,-1.52966
116,3.59676e-09,-1.53574
117,3.63242e-09,-1.54882
118,3.65544e-09,-1.52926
119,3.68794e-09,-1.53805
120,3.7182e-09,-1.53438
121,3.78925e-09,-1.53063
122,3.78056e-09,-1.52889
123,3.81426e-09,-1.53732
124,3.83413e-09,-1.52923
125,3.90751e-09,-1.51795
126,3.94171e-09,-1.53151
127,3.96038e-09,-1.53212
128,3.90827e-09,-1.53656
129,3.97201e-09,-1.52743
130,4.04057e-09,-1.52616
131,4.07014e-09,-1.53243
132,4.10375e-09,-1.5243
133,4.12613e-09,-1.52796
134,4.15148e-09,-1.52881
135,4.21482e-09,-1.51988
136,4.22937e-09,-1.53166
137,4.27027e-09,-1.52701
138,4.2477e-09,-1.53396
139,4.31139e-09,-1.52615
140,4.38411e-09,-1.52772
141,4.38131e-09,-1.52717
142,4.40845e-09,-1.52577
143,4.45291e-09,-1.52533
144,4.47884e-09,-1.5238
145,4.52447e-09,-1.52661
146,4.53727e-09,-1.52857
147,4.57735e-09,-1.52337
148,4.60396e-09,-1.5213
149,4.62432e-09,-1.52247
150,4.65988e-09,-1.52894
151,4.68465e-09,-1.52434
152,4.70958e-09,-1.52361
153,4.76467e-09,-1.52307
154,4.76777e-09,-1.52428
155,4.82587e-09,-1.52313
156,4.84915e-09,-1.51882
157,4.85945e-09,-1.52072
158,4.91284e-09,-1.52128
159,4.91883e-09,-1.51961
160,4.97439e-09,-1.52034
161,5.01516e-09,-1.51858
162,5.04553e-09,-1.51795
163,5.0848e-09,-1.51719
164,5.09625e-09,-1.54655
165,5.1001e-09,-1.52562
166,5.17557e-09,-1.51946
167,5.16398e-09,-1.51975
168,5.21056e-09,-1.51862
169,5.26141e-09,-1.51682
170,5.23715e-09,-1.52309
171,5.31561e-09,-1.51873
172,5.32929e-09,-1.51607
173,5.26744e-09,-1.54569
174,5.42342e-09,-1.51698
175,5.42504e-09,-1.52057
176,5.44833e-09,-1.51511
177,5.50328e-09,-1.51105
178,5.54108e-09,-1.51461
179,5.57271e-09,-1.51265
180,5.74956e-09,-1.49709
181,5.63695e-09,-1.51482
182,5.59374e-09,-1.51267
183,5.52522e-09,-1.48152
184,5.76103e-09,-1.51657
185,5.71692e-09,-1.51607
186,5.80392e-09,-1.50655
187,5.83243e-09,-1.51288
188,5.85821e-09,-1.51241
189,5.87095e-09,-1.51445
190,5.93372e-09,-1.51015
191,5.93526e-09,-1.51153
192,5.97336e-09,-1.51373
193,6.29095e-09,-1.507
194,6.01565e-09,-1.50613
195,6.04591e-09,-1.5112
196,6.09682e-09,-1.50834
197,6.13211e-09,-1.51128
198,6.17763e-09,-1.50643
199,6.19598e-09,-1.51041
200,6.21557e-09,-1.5035
201,6.2589e-09,-1.50874
202,6.2813e-09,-1.50778
203,6.31633e-09,-1.50705
204,6.35939e-09,-1.51137
205,6.30702e-09,-1.50361
206,6.63867e-09,-1.52089
207,6.42626e-09,-1.50706
208,5.07881e-09,-1.44567
209,6.52805e-09,-1.50477
210,6.54197e-09,-1.50064
211,6.56463e-09,-1.50263
212,6.60642e-09,-1.50333
213,6.6452e-09,-1.50565
214,6.659e-09,-1.50349
215,6.696e-09,-1.50597
216,6.71353e-09,-1.50045
217,6.77992e-09,-1.50407
218,6.7733e-09,-1.50178
219,6.82554e-09,-1.50291
220,6.85181e-09,-1.50258
221,6.87864e-09,-1.5022
222,6.85856e-09,-1.49824
223,7.32427e-09,-1.51879
224,6.96011e-09,-1.5018
225,7.01522e-09,-1.50062
226,7.06186e-09,-1.50681
227,7.0792e-09,-1.49856
228,7.09322e-09,-1.49847
229,7.14473e-09,-1.49824
230,7.17156e-09,-1.5104
231,7.16329e-09,-1.4924
232,7.25194e-09,-1.49501
233,7.25054e-09,-1.49488
234,7.27225e-09,-1.49848
235,7.32039e-09,-1.49726
236,7.34627e-09,-1.49889
237,7.35095e-09,-1.49675
238,7.39883e-09,-1.49167
239,7.17926e-09,-1.46479
240,7.48015e-09,-1.49719
241,7.51352e-09,-1.49442
242,7.55062e-09,-1.49606
243,7.56919e-09,-1.49816
244,7.59508e-09,-1.49571
245,7.62247e-09,-1.49493
246,7.56892e-09,-1.49173
247,7.69743e-09,-1.49167
248,7.68657e-09,-1.49157
249,7.77483e-09,-1.5004
250,7.79133e-09,-1.49981
251,7.84808e-09,-1.49089
252,7.81711e-09,-1.49189
253,7.77833e-09,-1.50281
254,7.9071e-09,-1.49277
255,7.81346e-09,-1.50053
256,7.97612e-09,-1.49037
257,8.0135e-09,-1.49098
258,8.04415e-09,-1.48857
259,8.07423e-09,-1.48701
260,8.10001e-09,-1.48855
261,8.13735e-09,-1.4869
262,8.20235e-09,-1.48856
263,8.20827e-09,-1.48795
264,8.23772e-09,-1.48566
265,8.26212e-09,-1.4868
266,8.29079e-09,-1.48564
267,8.35001e-09,-1.48522
268,8.35225e-09,-1.48442
269,8.38999e-09,-1.48729
270,8.45404e-09,-1.48721
271,8.52144e-09,-1.48153
272,8.16643e-09,-1.44152
273,8.49004e-09,-1.48552
274,8.56093e-09,-1.49343
275,8.58321e-09,-1.48165
276,8.58606e-09,-1.48452
277,8.65268e-09,-1.4853
278,8.67283e-09,-1.48425
279,8.73465e-09,-1.4499
280,8.73451e-09,-1.4832
281,8.75616e-09,-1.48333
282,8.80187e-09,-1.48202
283,8.83043e-09,-1.48025
284,8.87536e-09,-1.48227
285,8.88205e-09,-1.4829
286,8.93e-09,-1.47986
287,8.97344e-09,-1.48067
288,8.95639e-09,-1.48262
289,8.78077e-09,-1.49533
290,9.06158e-09,-1.47116
291,9.07309e-09,-1.4744
292,9.1087e-09,-1.4796
293,9.15717e-09,-1.47831
294,9.18726e-09,-1.47866
295,9.19014e-09,-1.47743
296,9.23596e-09,-1.477
297,9.24752e-09,-1.48081
298,9.29976e-09,-1.47616
299,9.34608e-09,-1.47657
300,9.40127e-09,-1.47714
301,9.56891e-09,-1.47692
302,9.4428e-09,-1.47613
303,9.47942e-09,-1.47441
304,9.48946e-09,-1.47359
305,9.52552e-09,-1.47548
306,9.58655e-09,-1.47098
307,9.59769e-09,-1.47409
308,9.64674e-09,-1.47832
309,9.65468e-09,-1.47417
310,9.7406e-09,-1.46335
311,9.71152e-09,-1.469
312,9.7732e-09,-1.47226
313,9.78706e-09,-1.47336
314,9.77337e-09,-1.46342
315,9.86314e-09,-1.4711
316,9.8781e-09,-1.47092
317,9.9189e-09,-1.46929
318,9.94457e-09,-1.47145
319,9.97601e-09,-1.47095
320,1.00195e-08,-1.46968
321,1.00458e-08,-1.47154
322,1.00639e-08,-1.46835
323,1.01017e-08,-1.46844
324,1.01345e-08,-1.46964
325,1.01664e-08,-1.46796
326,1.01968e-08,-1.46845
327,1.02242e-08,-1.46805
328,1.02355e-08,-1.46824
329,1.0273e-08,-1.46636
330,1.03195e-08,-1.46734
331,1.03636e-08,-1.46544
332,1.04008e-08,-1.46592
333,1.04342e-08,-1.46535
334,1.04543e-08,-1.46587
335,1.04874e-08,-1.46182
336,1.04964e-08,-1.46159
337,1.05523e-08,-1.46307
338,1.05664e-08,-1.45866
339,1.05912e-08,-1.46372
340,1.06352e-08,-1.46548
341,1.06473e-08,-1.46495
342,1.07236e-08,-1.46811
343,1.07406e-08,-1.46084
344,1.07758e-08,-1.46308
345,1.08042e-08,-1.46259
346,1.07989e-08,-1.46557
347,1.09154e-08,-1.46257
348,1.09019e-08,-1.46201
349,1.09138e-08,-1.46928
350,1.09706e-08,-1.46312
351,1.09999e-08,-1.46037
352,1.10223e-08,-1.46133
353,1.10518e-08,-1.45923
354,1.10956e-08,-1.46114
355,1.11142e-08,-1.45948
356,1.11518e-08,-1.45985
357,1.11915e-08,-1.45918
358,1.12335e-08,-1.46089
359,1.12388e-08,-1.45815
360,1.12269e-08,-1.46538
361,1.13762e-08,-1.45903
362,1.13499e-08,-1.45818
363,1.14037e-08,-1.45425
364,1.13816e-08,-1.45678
365,1.14294e-08,-1.45483
366,1.14843e-08,-1.45633
367,1.15024e-08,-1.45634
368,1.15257e-08,-1.45531
369,1.15931e-08,-1.45566
370,1.15986e-08,-1.45445
371,1.1652e-08,-1.45292
372,1.16722e-08,-1.45474
373,1.17081e-08,-1.45431
374,1.17295e-08,-1.45304
375,1.17677e-08,-1.45333
376,1.18051e-08,-1.45089
377,1.18455e-08,-1.4526
378,1.18353e-08,-1.45101
379,1.18514e-08,-1.45278
380,1.19103e-08,-1.45055
381,1.19282e-08,-1.45078
382,1.20487e-08,-1.45214
383,1.20571e-08,-1.45277
384,1.20513e-08,-1.4455
385,1.21242e-08,-1.4401
386,1.23418e-08,-1.4475
387,1.21509e-08,-1.44941
388,1.21973e-08,-1.44888
389,1.22378e-08,-1.44894
390,1.22519e-08,-1.4486
391,1.22571e-08,-1.44986
392,1.23165e-08,-1.44966
393,1.23576e-08,-1.44813
394,1.23671e-08,-1.44482
395,1.24233e-08,-1.446
396,1.2421e-08,-1.44555
397,1.24452e-08,-1.44619
398,1.2514e-08,-1.44403
399,1.25689e-08,-1.44412
400,1.25738e-08,-1.44516
401,1.25876e-08,-1.44501
402,1.26457e-08,-1.44484
403,1.2668e-08,-1.44329
404,1.26832e-08,-1.44455
405,1.27505e-08,-1.44308
406,1.27533e-08,-1.44348
407,1.27835e-08,-1.4435
408,1.28203e-08,-1.44402
409,1.28525e-08,-1.44331
410,1.29265e-08,-1.44119
411,1.2941e-08,-1.44142
412,1.29563e-08,-1.4414
413,1.29854e-08,-1.4399
414,1.3022e-08,-1.44192
415,1.30629e-08,-1.44107
416,1.30734e-08,-1.43911
417,1.31361e-08,-1.44149
418,1.31605e-08,-1.43732
419,1.31713e-08,-1.4392
420,1.3173e-08,-1.43931
421,1.32207e-08,-1.43762
422,1.33061e-08,-1.43513
423,1.33112e-08,-1.43824
424,1.33844e-08,-1.43068
425,1.33432e-08,-1.43712
426,1.34044e-08,-1.43665
427,1.34681e-08,-1.43803
428,1.34522e-08,-1.43423
429,1.34855e-08,-1.43443
430,1.35383e-08,-1.43579
431,1.36096e-08,-1.33526
432,1.35942e-08,-1.43424
433,1.36216e-08,-1.43528
434,1.36595e-08,-1.43568
435,1.37035e-08,-1.43391
436,1.37162e-08,-1.43331
437,1.37696e-08,-1.43335
438,1.38023e-08,-1.4326
439,1.38333e-08,-1.43208
440,1.38647e-08,-1.43289
441,1.38949e-08,-1.4345
442,1.39203e-08,-1.43162
443,1.39505e-08,-1.43139
444,1.40158e-08,-1.43008
445,1.39984e-08,-1.43141
446,1.40647e-08,-1.42972
447,1.40885e-08,-1.43075
448,1.41188e-08,-1.43038
449,1.41618e-08,-1.42943
450,1.41786e-08,-1.42231
451,1.42256e-08,-1.42891
452,1.42512e-08,-1.42791
453,1.42899e-08,-1.42901
454,1.43505e-08,-1.42837
455,1.41941e-08,-1.43955
456,1.43816e-08,-1.42693
457,1.4417e-08,-1.4266
458,1.44541e-08,-1.42797
459,1.44905e-08,-1.42765
460,1.45089e-08,-1.42638
461,1.45646e-08,-1.42676
462,1.46158e-08,-1.42762
463,1.45882e-08,-1.42563
464,1.46098e-08,-1.42556
465,1.46549e-08,-1.42531
466,1.47148e-08,-1.42659
467,1.475e-08,-1.42404
468,1.47884e-08,-1.42439
469,1.48216e-08,-1.42287
470,1.48419e-08,-1.42569
471,1.4885e-08,-1.42097
472,1.49039e-08,-1.42275
473,1.50024e-08,-1.42019
474,1.49705e-08,-1.42276
475,1.49922e-08,-1.41986
476,1.50542e-08,-1.41928
477,1.50805e-08,-1.42073
478,1.51309e-08,-1.42517
479,1.51454e-08,-1.41924
480,1.51544e-08,-1.41698
481,1.5181e-08,-1.41853
482,1.52856e-08,-1.4113
483,1.52634e-08,-1.41842
484,1.53156e-08,-1.41998
485,1.53217e-08,-1.41698
486,1.54117e-08,-1.4215
487,1.54035e-08,-1.4178
488,1.54292e-08,-1.4176
489,1.54852e-08,-1.41562
490,1.54959e-08,-1.41552
491,1.54947e-08,-1.41745
492,1.5588e-08,-1.41787
493,1.56111e-08,-1.41561
494,1.56281e-08,-1.41506
495,1.56587e-08,-1.41463
496,1.56905e-08,-1.41522
497,1.57095e-08,-1.41385
498,1.57563e-08,-1.41443
499,1.58044e-08,-1.41513
500,1.58315e-08,-1.41286
501,1.58744e-08,-1.41256
502,1.58292e-08,-1.41526
503,1.59273e-08,-1.41086
504,1.59827e-08,-1.41282
505,1.59814e-08,-1.41094
506,1.60305e-08,-1.4122
507,1.60723e-08,-1.41227
508,1.61008e-08,-1.41221
509,1.61164e-08,-1.41156
510,1.61583e-08,-1.41079
511,1.61875e-08,-1.40902
512,1.62372e-08,-1.40992
513,1.63209e-08,-1.41289
514,1.6133e-08,-1.40574
515,1.62969e-08,-1.40984
516,1.63352e-08,-1.4128
517,1.63946e-08,-1.40765
518,1.6418e-08,-1.40875
519,1.64433e-08,-1.40893
520,1.65049e-08,-1.40697
521,1.65441e-08,-1.4064
522,1.65538e-08,-1.40734
523,1.67032e-08,-1.40459
524,1.66232e-08,-1.40774
525,1.66564e-08,-1.40574
526,1.6697e-08,-1.40444
527,1.67668e-08,-1.40653
528,1.67467e-08,-1.40876
529,1.68177e-08,-1.40383
530,1.68108e-08,-1.40515
531,1.68487e-08,-1.40459
532,1.68882e-08,-1.40362
533,1.69295e-08,-1.40329
534,1.6951e-08,-1.40128
535,1.70271e-08,-1.4031
536,1.7016e-08,-1.40315
537,1.70547e-08,-1.40257
538,1.71026e-08,-1.40214
539,1.57991e-08,-1.41061
540,1.71609e-08,-1.40339
541,1.71932e-08,-1.40124
542,1.72253e-08,-1.39986
543,1.72534e-08,-1.4
544,1.72989e-08,-1.40005
545,1.73178e-08,-1.4005
546,1.73846e-08,-1.39659
547,1.73635e-08,-1.39849
548,1.74252e-08,-1.39955
549,1.74716e-08,-1.39829
550,1.74892e-08,-1.39883
551,1.75328e-08,-1.39721
552,1.75376e-08,-1.39768
553,1.76302e-08,-1.39668
554,1.76234e-08,-1.39756
555,1.7647e-08,-1.39643
556,1.76932e-08,-1.39742
557,1.772e-08,-1.39736
558,1.77619e-08,-1.39514
559,1.77856e-08,-1.39492
560,1.78573e-08,-1.39532
561,1.76337e-08,-1.39241
562,1.78828e-08,-1.39491
563,1.79086e-08,-1.39422
564,1.79688e-08,-1.39419
565,1.79745e-08,-1.39158
566,1.79891e-08,-1.39127
567,1.80691e-08,-1.39284
568,1.80712e-08,-1.39288
569,1.81268e-08,-1.39207
570,1.81597e-08,-1.3909
571,1.81874e-08,-1.39055
572,1.81522e-08,-1.39108
573,1.82567e-08,-1.39122
574,1.8291e-08,-1.39095
575,1.83522e-08,-1.39155
576,1.82704e-08,-1.38853
577,1.83979e-08,-1.39001
578,1.84124e-08,-1.38932
579,1.84203e-08,-1.38964
580,1.84801e-08,-1.38946
581,1.85122e-08,-1.3882
582,1.86364e-08,-1.38646
583,1.85575e-08,-1.38454
584,1.86299e-08,-1.38724
585,1.86558e-08,-1.37928
586,1.86942e-08,-1.38709
587,1.87198e-08,-1.3854
588,1.87442e-08,-1.38601
589,1.87887e-08,-1.38452
590,1.88333e-08,-1.38761
591,1.88834e-08,-1.38382
592,1.89392e-08,-1.38322
593,1.89575e-08,-1.3814
594,1.89228e-08,-1.38362
595,1.90782e-08,-1.38686
596,1.91289e-08,-1.38353
597,1.90716e-08,-1.38317
598,1.91524e-08,-1.37945
599,1.91227e-08,-1.3816
600,1.91893e-08,-1.38007
601,1.9184e-08,-1.38241
602,1.92413e-08,-1.38049
603,1.92644e-08,-1.38178
604,1.92971e-08,-1.38167
605,1.93362e-08,-1.3802
606,1.93318e-08,-1.37704
607,1.94328e-08,-1.37972
608,1.91602e-08,-1.38518
609,1.95082e-08,-1.37884
610,1.94958e-08,-1.38143
611,1.95424e-08,-1.37904
612,1.95722e-08,-1.37842
613,1.96135e-08,-1.37708
614,1.96391e-08,-1.37636
615,1.97014e-08,-1.37776
616,1.96895e-08,-1.37667
617,1.97449e-08,-1.37635
618,1.97604e-08,-1.37558
619,1.97996e-08,-1.37644
620,1.98552e-08,-1.37686
621,1.98923e-08,-1.37444
622,1.99314e-08,-1.37518
623,1.99227e-08,-1.37351
624,1.99986e-08,-1.37511
625,2.00417e-08,-1.37335
626,2.00415e-08,-1.37604
627,2.00873e-08,-1.37447
628,2.01181e-08,-1.37273
629,2.01562e-08,-1.37151
630,2.01986e-08,-1.37334
631,2.01877e-08,-1.37188
632,2.02609e-08,-1.36949
633,2.02913e-08,-1.37168
634,2.0331e-08,-1.37137
635,2.03752e-08,-1.37259
636,2.04102e-08,-1.37114
637,2.04351e-08,-1.37081
638,2.04885e-08,-1.37088
639,2.05125e-08,-1.37096
640,2.05524e-08,-1.369
641,2.05848e-08,-1.36947
642,2.06165e-08,-1.36809
643,2.06134e-08,-1.3696
644,2.06586e-08,-1.36939
645,2.06787e-08,-1.36882
646,2.07318e-08,-1.3667
647,2.07658e-08,-1.36825
648,2.07863e-08,-1.36622
649,2.08264e-08,-1.36489
650,2.09221e-08,-1.36596
651,2.0885e-08,-1.36365
652,2.09541e-08,-1.36477
653,2.09583e-08,-1.36671
654,2.09749e-08,-1.36986
655,2.10534e-08,-1.36523
656,2.09748e-08,-1.36667
657,2.11403e-08,-1.36374
658,2.11649e-08,-1.36396
659,2.1277e-08,-1.36771
660,2.12172e-08,-1.36261
661,2.12566e-08,-1.36305
662,2.12636e-08,-1.3634
663,2.1362e-08,-1.36058
664,2.13726e-08,-1.36332
665,2.13841e-08,-1.36241
666,2.14453e-08,-1.36155
667,2.14604e-08,-1.36105
668,2.151e-08,-1.36142
669,2.14184e-08,-1.35628
670,2.15877e-08,-1.35757
671,2.15548e-08,-1.36105
672,2.1634e-08,-1.35942
673,2.16531e-08,-1.36111
674,2.16861e-08,-1.35979
675,2.17246e-08,-1.35857
676,2.17659e-08,-1.35981
677,2.17846e-08,-1.35714
678,2.18278e-08,-1.35869
679,2.18647e-08,-1.35688
680,2.18815e-08,-1.35907
681,2.19405e-08,-1.35684
682,2.2053e-08,-1.35617
683,2.20434e-08,-1.35496
684,2.21414e-08,-1.35064
685,2.20755e-08,-1.35506
686,2.2163e-08,-1.3552
687,2.21211e-08,-1.35576
688,2.21736e-08,-1.35474
689,2.2246e-08,-1.35398
690,2.22577e-08,-1.35331
691,2.23514e-08,-1.34997
692,2.23054e-08,-1.3534
693,2.23721e-08,-1.35181
694,2.23985e-08,-1.35312
695,2.24605e-08,-1.35047
696,2.24242e-08,-1.35252
697,2.25347e-08,-1.35309
698,2.25586e-08,-1.35112
699,2.27217e-08,-1.35621
700,2.26059e-08,-1.34761
701,2.26497e-08,-1.35073
702,2.26819e-08,-1.34941
703,2.2717e-08,-1.3495
704,2.27639e-08,-1.34845
705,2.27436e-08,-1.35
706,2.27983e-08,-1.35001
707,2.28611e-08,-1.34856
708,2.28918e-08,-1.34922
709,2.28189e-08,-1.34271
710,2.2864e-08,-1.35401
711,2.2953e-08,-1.34556
712,2.30263e-08,-1.34789
713,2.29959e-08,-1.34742
714,2.31203e-08,-1.35475
715,2.31489e-08,-1.34717
716,2.30682e-08,-1.3405
717,2.32239e-08,-1.34556
718,2.32225e-08,-1.34526
719,2.32938e-08,-1.3452
720,2.3265e-08,-1.34141
721,2.33684e-08,-1.34488
722,2.33866e-08,-1.34434
723,2.34422e-08,-1.3434
724,2.34959e-08,-1.34418
725,2.34598e-08,-1.34638
726,2.35314e-08,-1.34501
727,2.3544e-08,-1.34221
728,2.36096e-08,-1.34308
729,2.32952e-08,-1.342
730,2.36943e-08,-1.33753
731,2.37061e-08,-1.34172
732,2.37381e-08,-1.34062
733,2.37771e-08,-1.34022
734,2.37998e-08,-1.33933
735,2.38399e-08,-1.34004
736,2.38571e-08,-1.34181
737,2.39308e-08,-1.33991
738,2.39514e-08,-1.33689
739,2.39882e-08,-1.33873
740,2.40338e-08,-1.33872
741,2.40401e-08,-1.33756
742,2.40984e-08,-1.33798
743,2.4079e-08,-1.33697
744,2.41926e-08,-1.31816
745,2.42371e-08,-1.33809
746,2.42359e-08,-1.33605
747,2.42818e-08,-1.33615
748,2.43219e-08,-1.33559
749,2.4373e-08,-1.33672
750,2.43605e-08,-1.33578
751,2.44138e-08,-1.33492
752,2.44478e-08,-1.33374
753,2.43817e-08,-1.33175
754,2.45269e-08,-1.33271
755,2.45103e-08,-1.33289
756,2.45766e-08,-1.33294
757,2.46409e-08,-1.33428
758,2.47499e-08,-1.33351
759,2.51097e-08,-1.3379
760,2.47429e-08,-1.33235
761,2.47599e-08,-1.33124
762,2.47914e-08,-1.33106
763,2.48406e-08,-1.33199
764,2.48911e-08,-1.3317
765,2.49033e-08,-1.33123
766,2.49488e-08,-1.32982
767,2.49563e-08,-1.33014
768,2.50392e-08,-1.3316
769,2.50265e-08,-1.32882
770,2.51224e-08,-1.32807
771,2.51346e-08,-1.32915
772,2.51192e-08,-1.32842
773,2.51419e-08,-1.3267
774,2.52091e-08,-1.33736
775,2.55215e-08,-1.32315
776,2.53413e-08,-1.32667
777,2.53368e-08,-1.32574
778,2.5406e-08,-1.33228
779,2.54065e-08,-1.32401
780,2.54572e-08,-1.3324
781,2.5491e-08,-1.32574
782,2.54589e-08,-1.32015
783,2.55423e-08,-1.32319
784,2.55899e-08,-1.32436
785,2.56518e-08,-1.32409
786,2.56519e-08,-1.32406
787,2.56539e-08,-1.32676
788,2.58164e-08,-1.31812
789,2.56431e-08,-1.32633
790,2.58138e-08,-1.32158
791,2.58477e-08,-1.32197
792,2.58894e-08,-1.322
793,2.59195e-08,-1.32215
794,2.59564e-08,-1.32093
795,2.59466e-08,-1.32105
796,2.60251e-08,-1.32223
797,2.60333e-08,-1.31997
798,2.60651e-08,-1.32053
799,2.61362e-08,-1.31966
800,2.61547e-08,-1.31929
801,2.6194e-08,-1.31805
802,2.62399e-08,-1.31882
803,2.61699e-08,-1.31931
804,2.6161e-08,-1.31362
805,2.63811e-08,-1.31904
806,2.64395e-08,-1.31753
807,2.64166e-08,-1.31985
808,2.64325e-08,-1.31764
809,2.65121e-08,-1.31626
810,2.65428e-08,-1.31733
811,2.65637e-08,-1.31519
812,2.66003e-08,-1.31476
813,2.66271e-08,-1.31257
814,2.66556e-08,-1.31501
815,2.67003e-08,-1.31414
816,2.67469e-08,-1.31274
817,2.67726e-08,-1.31331
818,2.6829e-08,-1.31443
819,2.69174e-08,-1.30919
820,2.6898e-08,-1.31425
821,2.6919e-08,-1.30902
822,2.69683e-08,-1.31312
823,2.69954e-08,-1.31209
824,2.71209e-08,-1.31371
825,2.70845e-08,-1.31206
826,2.71124e-08,-1.31193
827,2.71905e-08,-1.31342
828,2.72063e-08,-1.31017
829,2.72502e-08,-1.31131
830,2.72349e-08,-1.30984
831,2.73063e-08,-1.30989
832,2.73412e-08,-1.30828
833,2.73441e-08,-1.30887
834,2.74438e-08,-1.30892
835,2.74513e-08,-1.30867
836,2.74941e-08,-1.30917
837,2.75048e-08,-1.30745
838,2.74848e-08,-1.30856
839,2.75841e-08,-1.30672
840,2.76243e-08,-1.30723
841,2.75966e-08,-1.30788
842,2.77204e-08,-1.30645
843,2.77619e-08,-1.30606
844,2.78247e-08,-1.30633
845,2.78284e-08,-1.30532
846,2.78202e-08,-1.30497
847,2.79655e-08,-1.30729
848,2.79695e-08,-1.30287
849,2.80294e-08,-1.30252
850,2.80276e-08,-1.30236
851,2.80442e-08,-1.30312
852,2.80636e-08,-1.30322
853,2.80774e-08,-1.30216
854,2.81338e-08,-1.3057
855,2.8161e-08,-1.30172
856,2.81998e-08,-1.30041
857,2.82778e-08,-1.30008
858,2.82856e-08,-1.30034
859,2.83593e-08,-1.30185
860,2.8372e-08,-1.30126
861,2.83802e-08,-1.30038
862,2.85354e-08,-1.3017
863,2.84876e-08,-1.29891
864,2.86093e-08,-1.30041
865,2.85571e-08,-1.29926
866,2.85676e-08,-1.29886
867,2.86563e-08,-1.29803
868,2.86294e-08,-1.29843
869,2.87362e-08,-1.29839
870,2.87464e-08,-1.29646
871,2.87943e-08,-1.29598
872,2.87146e-08,-1.29417
873,2.88849e-08,-1.29614
874,2.8894e-08,-1.29642
875,2.89342e-08,-1.29753
876,2.89751e-08,-1.29922
877,2.89848e-08,-1.29448
878,2.90198e-08,-1.29377
879,2.91185e-08,-1.29568
880,2.9135e-08,-1.29506
881,2.91492e-08,-1.29424
882,2.91954e-08,-1.29444
883,2.91679e-08,-1.2928
884,2.93045e-08,-1.29363
885,2.92641e-08,-1.29301
886,2.93634e-08,-1.29152
887,2.93598e-08,-1.29099
888,2.94538e-08,-1.2952
889,2.94014e-08,-1.29236
890,2.95131e-08,-1.2917
891,2.95218e-08,-1.29061
892,2.95587e-08,-1.2908
893,2.95555e-08,-1.2894
894,2.95776e-08,-1.29134
895,2.96734e-08,-1.2907
896,2.97108e-08,-1.28902
897,2.97544e-08,-1.28877
898,2.97709e-08,-1.28793
899,2.98338e-08,-1.28846
900,2.98641e-08,-1.28784
901,2.98972e-08,-1.2878
902,2.99245e-08,-1.28705
903,2.99922e-08,-1.28713
904,3.00112e-08,-1.28691
905,2.99234e-08,-1.28023
906,3.00763e-08,-1.28672
907,3.01248e-08,-1.28636
908,3.01624e-08,-1.28517
909,3.01765e-08,-1.28544
910,3.03277e-08,-1.28231
911,3.0261e-08,-1.28308
912,3.03215e-08,-1.28487
913,3.03589e-08,-1.283
914,3.03683e-08,-1.284
915,3.04318e-08,-1.28321
916,3.04452e-08,-1.28217
917,3.04967e-08,-1.28218
918,3.05493e-08,-1.28218
919,3.058e-08,-1.2821
920,3.06185e-08,-1.28272
921,3.06604e-08,-1.28077
922,3.06867e-08,-1.28049
923,3.07304e-08,-1.28028
924,3.07417e-08,-1.28191
925,3.08021e-08,-1.27972
926,3.08675e-08,-1.28017
927,3.08608e-08,-1.27956
928,3.08643e-08,-1.28367
929,3.09883e-08,-1.27975
930,3.09974e-08,-1.27867
931,3.11538e-08,-1.27857
932,3.10825e-08,-1.27848
933,3.11465e-08,-1.27773
934,3.11448e-08,-1.27705
935,3.12168e-08,-1.27902
936,3.11226e-08,-1.28017
937,3.12841e-08,-1.27612
938,3.13673e-08,-1.27869
939,3.13149e-08,-1.27579
940,3.13735e-08,-1.27608
941,3.14475e-08,-1.27578
942,3.13237e-08,-1.27579
943,3.15132e-08,-1.27463
944,3.15359e-08,-1.27449
945,3.15843e-08,-1.27432
946,3.16203e-08,-1.27251
947,3.16489e-08,-1.2741
948,3.16819e-08,-1.27311
949,3.1719e-08,-1.27143
950,3.17693e-08,-1.27246
951,3.18496e-08,-1.2718
952,3.1878e-08,-1.27091
953,3.16414e-08,-1.27208
954,3.18958e-08,-1.26965
955,3.19623e-08,-1.27105
956,3.2015e-08,-1.27076
957,3.20281e-08,-1.27011
958,3.20768e-08,-1.27013
959,3.21006e-08,-1.26903
960,3.21475e-08,-1.26901
961,3.21978e-08,-1.26841
962,3.23116e-08,-1.26876
963,3.22876e-08,-1.27048
964,3.23136e-08,-1.26768
965,3.23527e-08,-1.26869
966,3.24032e-08,-1.26573
967,3.24101e-08,-1.26654
968,3.24712e-08,-1.26732
969,3.25057e-08,-1.2645
970,3.25362e-08,-1.26606
971,3.25729e-08,-1.26549
972,3.25516e-08,-1.26568
973,3.26648e-08,-1.2644
974,3.27065e-08,-1.26491
975,3.2719e-08,-1.26761
976,3.2778e-08,-1.26378
977,3.28617e-08,-1.26383
978,3.28389e-08,-1.26338
979,3.28922e-08,-1.26324
980,3.29245e-08,-1.26245
981,3.29893e-08,-1.26133
982,3.30352e-08,-1.2634
983,3.30629e-08,-1.26202
984,3.30851e-08,-1.25528
985,3.3129e-08,-1.26122
986,3.31485e-08,-1.25853
987,3.32244e-08,-1.26031
988,3.32452e-08,-1.25953
989,3.32877e-08,-1.25968
990,3.33316e-08,-1.26183
991,3.33644e-08,-1.25946
992,3.3435e-08,-1.26019
993,3.34738e-08,-1.25919
994,3.35499e-08,-1.26081
995,3.35457e-08,-1.25832
996,3.35438e-08,-1.25876
997,3.3607e-08,-1.25745
998,3.3588e-08,-1.25602
999,3.37759e-08,-1.25676
1000,3.37206e-08,-1.25676
1001,3.37318e-08,-1.25602
1002,3.38398e-08,-1.25586
1003,3.38194e-08,-1.25571
1004,3.38908e-08,-1.2564
1005,3.3929e-08,-1.25494
1006,3.39614e-08,-1.25421
1007,3.40054e-08,-1.25422
1008,3.40527e-08,-1.25474
1009,3.40749e-08,-1.2544
1010,3.42452e-08,-1.24737
1011,3.41555e-08,-1.25291
1012,3.42158e-08,-1.25297
1013,3.42097e-08,-1.25162
1014,3.42754e-08,-1.2516
1015,3.42914e-08,-1.25179
1016,3.43592e-08,-1.25271
1017,3.45729e-08,-1.23965
1018,3.44481e-08,-1.25168
1019,3.44792e-08,-1.25039
1020,3.46724e-08,-1.25239
1021,3.45662e-08,-1.25034
1022,3.45867e-08,-1.24968
1023,3.46396e-08,-1.24932
1024,3.46795e-08,-1.24902
1025,3.47516e-08,-1.25043
1026,3.48249e-08,-1.24784
1027,3.48305e-08,-1.24816
1028,3.48429e-08,-1.24772
1029,3.48426e-08,-1.25079
1030,3.50827e-08,-1.25169
1031,3.49289e-08,-1.24667
1032,3.50646e-08,-1.24676
1033,3.50329e-08,-1.24674
1034,3.50687e-08,-1.24654
1035,3.51493e-08,-1.24942
1036,3.50775e-08,-1.26112
1037,3.51799e-08,-1.2449
1038,3.52552e-08,-1.24445
1039,3.53616e-08,-1.24786
1040,3.53432e-08,-1.24467
1041,3.53106e-08,-1.24417
1042,3.53861e-08,-1.24355
1043,3.54302e-08,-1.24327
1044,3.54668e-08,-1.24431
1045,3.5481e-08,-1.24442
1046,3.55626e-08,-1.24178
1047,3.5371e-08,-1.24051
1048,3.56393e-08,-1.24185
1049,3.56525e-08,-1.24066
1050,3.57554e-08,-1.24088
1051,3.5782e-08,-1.23868
1052,3.57985e-08,-1.24082
1053,3.58512e-08,-1.24015
1054,3.58863e-08,-1.23957
1055,3.57583e-08,-1.23589
1056,3.59249e-08,-1.24186
1057,3.60391e-08,-1.23898
1058,3.60596e-08,-1.2379
1059,3.60929e-08,-1.23909
1060,3.61041e-08,-1.23729
1061,3.61996e-08,-1.23866
1062,3.62989e-08,-1.23772
1063,3.626e-08,-1.2365
1064,3.62766e-08,-1.23604
1065,3.63313e-08,-1.23635
1066,3.64158e-08,-1.23753
1067,3.64068e-08,-1.23622
1068,3.64581e-08,-1.23529
1069,3.64856e-08,-1.23647
1070,3.6505e-08,-1.23365
1071,3.69357e-08,-1.23254
1072,3.65905e-08,-1.2337
1073,3.6683e-08,-1.23355
1074,3.6699e-08,-1.23213
1075,3.67322e-08,-1.23336
1076,3.67866e-08,-1.2332
1077,3.68536e-08,-1.23298
1078,3.68664e-08,-1.23235
1079,3.6936e-08,-1.23103
1080,3.69633e-08,-1.23068
1081,3.70241e-08,-1.2313
1082,3.70288e-08,-1.23052
1083,3.70859e-08,-1.23079
1084,3.71422e-08,-1.2309
1085,3.71448e-08,-1.23023
1086,3.74792e-08,-1.23032
1087,3.72376e-08,-1.22938
1088,3.73347e-08,-1.22879
1089,3.73106e-08,-1.2289
1090,3.73424e-08,-1.22846
1091,3.74157e-08,-1.22851
1092,3.74437e-08,-1.22761
1093,3.74973e-08,-1.22676
1094,3.74973e-08,-1.22666
1095,3.75627e-08,-1.22097
1096,3.76278e-08,-1.22788
1097,3.76604e-08,-1.22649
1098,3.77236e-08,-1.22475
1099,3.7794e-08,-1.22578
1100,3.77689e-08,-1.22532
1101,3.78405e-08,-1.2254
1102,3.78376e-08,-1.22389
1103,3.78739e-08,-1.22426
1104,3.79417e-08,-1.22399
1105,3.79614e-08,-1.22359
1106,3.80358e-08,-1.22375
1107,3.80666e-08,-1.2228
1108,3.8104e-08,-1.222
1109,3.81489e-08,-1.22269
1110,3.82158e-08,-1.22282
1111,3.82394e-08,-1.22182
1112,3.82768e-08,-1.22166
1113,3.83145e-08,-1.22095
1114,3.89548e-08,-1.21973
1115,3.84309e-08,-1.22101
1116,3.84978e-08,-1.21976
1117,3.86371e-08,-1.21891
1118,3.85197e-08,-1.21933
1119,3.8573e-08,-1.21891
1120,3.85743e-08,-1.21913
1121,3.86307e-08,-1.21843
1122,3.86878e-08,-1.21873
1123,3.87333e-08,-1.21755
1124,3.87592e-08,-1.2183
1125,3.88215e-08,-1.21748
1126,3.88682e-08,-1.2165
1127,3.89353e-08,-1.21692
1128,3.89419e-08,-1.21555
1129,3.89904e-08,-1.21636
1130,3.90279e-08,-1.21581
1131,3.91099e-08,-1.21449
1132,3.91611e-08,-1.21742
1133,3.91379e-08,-1.21487
1134,3.91334e-08,-1.21577
1135,3.92385e-08,-1.2141
1136,3.92803e-08,-1.21352
1137,3.93114e-08,-1.21389
1138,3.94672e-08,-1.21144
1139,3.94072e-08,-1.21267
1140,3.94511e-08,-1.21244
1141,3.94706e-08,-1.2124
1142,3.95391e-08,-1.21183
1143,3.94795e-08,-1.21143
1144,3.96357e-08,-1.21144
1145,3.968e-08,-1.21145
1146,3.96967e-08,-1.21056
1147,3.97377e-08,-1.21035
1148,3.98217e-08,-1.20987
1149,3.98514e-08,-1.20967
1150,3.98855e-08,-1.20933
1151,3.98549e-08,-1.20903
1152,3.99609e-08,-1.20904
1153,4.00086e-08,-1.20886
1154,4.00352e-08,-1.2081
1155,4.0095e-08,-1.20716
1156,4.01183e-08,-1.20813
1157,4.0199e-08,-1.20677
1158,4.02264e-08,-1.20769
1159,4.0275e-08,-1.20592
1160,4.03096e-08,-1.20588
1161,4.03337e-08,-1.20595
1162,4.0379e-08,-1.20532
1163,4.04445e-08,-1.20586
1164,4.04998e-08,-1.20576
1165,4.05226e-08,-1.20499
1166,4.05453e-08,-1.2049
1167,4.06108e-08,-1.20432
1168,4.07109e-08,-1.20354
1169,4.06974e-08,-1.20375
1170,4.07127e-08,-1.20316
1171,4.07647e-08,-1.20213
1172,4.0826e-08,-1.2037
1173,4.08922e-08,-1.20309
1174,4.09144e-08,-1.20162
1175,4.09206e-08,-1.20124
1176,4.09665e-08,-1.19948
1177,4.10366e-08,-1.20093
1178,4.11147e-08,-1.19979
1179,4.11242e-08,-1.19998
1180,4.116e-08,-1.20009
1181,4.12191e-08,-1.20026
1182,4.12681e-08,-1.19988
1183,4.12871e-08,-1.19923
1184,4.13833e-08,-1.19805
1185,4.13878e-08,-1.19835
1186,4.13995e-08,-1.19819
1187,4.14841e-08,-1.19724
1188,4.15229e-08,-1.19764
1189,4.15431e-08,-1.19729
1190,4.16e-08,-1.19722
1191,4.16217e-08,-1.19655
1192,4.17524e-08,-1.19674
1193,4.17243e-08,-1.196
1194,4.17933e-08,-1.19547
1195,4.2088e-08,-1.19801
1196,4.18547e-08,-1.19462
1197,4.18846e-08,-1.19306
1198,4.1944e-08,-1.19431
1199,4.19883e-08,-1.19503
1200,4.19897e-08,-1.19385
1201,4.20705e-08,-1.1941
1202,4.21249e-08,-1.19289
1203,4.21541e-08,-1.193
1204,4.21862e-08,-1.19279
1205,4.22489e-08,-1.19238
1206,4.22965e-08,-1.19003
1207,4.24234e-08,-1.19603
1208,4.24638e-08,-1.18763
1209,4.24387e-08,-1.19067
1210,4.24741e-08,-1.19084
1211,4.25225e-08,-1.19069
1212,4.25631e-08,-1.18955
1213,4.26056e-08,-1.18943
1214,4.26354e-08,-1.1894
1215,4.26936e-08,-1.18929
1216,4.2738e-08,-1.18857
1217,4.27895e-08,-1.18814
1218,4.27981e-08,-1.18814
1219,4.28435e-08,-1.18806
1220,4.29275e-08,-1.18743
1221,4.29753e-08,-1.18758
1222,4.2999e-08,-1.18696
1223,4.30407e-08,-1.18659
1224,4.31088e-08,-1.18689
1225,4.31493e-08,-1.18637
1226,4.31582e-08,-1.18572
1227,4.32135e-08,-1.18549
1228,4.32979e-08,-1.18451
1229,4.33281e-08,-1.18493
1230,4.33565e-08,-1.18475
1231,4.34155e-08,-1.18395
1232,4.34499e-08,-1.18383
1233,4.3494e-08,-1.18324
1234,4.3541e-08,-1.18278
1235,4.35982e-08,-1.18287
1236,4.36112e-08,-1.18377
1237,4.36714e-08,-1.18214
1238,4.37472e-08,-1.18197
1239,4.37857e-08,-1.18146
1240,4.37567e-08,-1.18076
1241,4.38807e-08,-1.18092
1242,4.39129e-08,-1.18052
1243,4.39514e-08,-1.17993
1244,4.42143e-08,-1.18526
1245,4.40248e-08,-1.17992
1246,4.4091e-08,-1.17934
1247,4.41186e-08,-1.17976
1248,4.41425e-08,-1.17907
1249,4.41902e-08,-1.17948
1250,4.42746e-08,-1.17807
1251,4.42694e-08,-1.17695
1252,4.43373e-08,-1.17708
1253,4.43731e-08,-1.17718
1254,4.44216e-08,-1.1767
1255,4.44744e-08,-1.17684
1256,4.45193e-08,-1.17654
1257,4.45644e-08,-1.17366
1258,4.46071e-08,-1.1759
1259,4.4672e-08,-1.17482
1260,4.47454e-08,-1.17488
1261,4.47868e-08,-1.17499
1262,4.47633e-08,-1.17403
1263,4.48603e-08,-1.1738
1264,4.49385e-08,-1.17292
1265,4.49243e-08,-1.17319
1266,4.49762e-08,-1.17254
1267,4.50457e-08,-1.17248
1268,4.50515e-08,-1.17516
1269,4.50918e-08,-1.17225
1270,4.52028e-08,-1.17133
1271,4.52204e-08,-1.17155
1272,4.52359e-08,-1.17108
1273,4.5303e-08,-1.17018
1274,4.53431e-08,-1.17053
1275,4.53481e-08,-1.17013
1276,4.54682e-08,-1.16999
1277,4.5489e-08,-1.16925
1278,4.55158e-08,-1.1694
1279,4.55668e-08,-1.17095
1280,4.54311e-08,-1.16963
1281,4.56498e-08,-1.16986
1282,4.57099e-08,-1.1678
1283,4.57424e-08,-1.16721
1284,4.58113e-08,-1.16751
1285,4.58399e-08,-1.16731
1286,4.59078e-08,-1.16667
1287,4.59446e-08,-1.16658
1288,4.59925e-08,-1.16653
1289,4.60917e-08,-1.15976
1290,4.60845e-08,-1.16491
1291,4.61464e-08,-1.16465
1292,4.61898e-08,-1.16486
1293,4.62063e-08,-1.1647
1294,4.62689e-08,-1.16473
1295,4.63611e-08,-1.16551
1296,4.63537e-08,-1.16397
1297,4.63598e-08,-1.1647
1298,4.64517e-08,-1.16289
1299,4.64805e-08,-1.16181
1300,4.65386e-08,-1.16235
1301,4.65527e-08,-1.16235
1302,4.67989e-08,-1.1645
1303,4.66704e-08,-1.16145
1304,4.67193e-08,-1.16131
1305,4.67772e-08,-1.161
1306,4.67958e-08,-1.15926
1307,4.6628e-08,-1.15752
1308,4.69391e-08,-1.15938
1309,4.69513e-08,-1.15934
1310,4.70184e-08,-1.16017
1311,4.70895e-08,-1.15801
1312,4.7083e-08,-1.15861
1313,4.71643e-08,-1.15784
1314,4.71617e-08,-1.15773
1315,4.7282e-08,-1.15751
1316,4.73019e-08,-1.1579
1317,4.7356e-08,-1.15694
1318,4.7402e-08,-1.15735
1319,4.74272e-08,-1.15576
1320,4.74852e-08,-1.15626
1321,4.76362e-08,-1.15314
1322,4.77262e-08,-1.15766
1323,4.76426e-08,-1.15588
1324,4.76777e-08,-1.15512
1325,4.77138e-08,-1.15452
1326,4.77785e-08,-1.15444
1327,4.7844e-08,-1.15425
1328,4.78757e-08,-1.15366
1329,4.78804e-08,-1.15324
1330,4.79527e-08,-1.15368
1331,4.79469e-08,-1.15324
1332,4.80393e-08,-1.15204
1333,4.80784e-08,-1.1525
1334,4.81483e-08,-1.15188
1335,4.82121e-08,-1.1513
1336,4.8212e-08,-1.15102
1337,4.82855e-08,-1.14874
1338,4.83393e-08,-1.15061
1339,4.83129e-08,-1.14908
1340,4.83725e-08,-1.14983
1341,4.84514e-08,-1.14897
1342,4.85324e-08,-1.14882
1343,4.85525e-08,-1.14887
1344,4.85687e-08,-1.15051
1345,4.86793e-08,-1.14085
1346,4.87193e-08,-1.14776
1347,4.86862e-08,-1.14721
1348,4.87872e-08,-1.14689
1349,4.88614e-08,-1.1471
1350,4.89236e-08,-1.14616
1351,4.8937e-08,-1.14609
1352,4.89294e-08,-1.14648
1353,4.90326e-08,-1.14613
1354,4.90915e-08,-1.14499
1355,4.91307e-08,-1.14497
1356,4.91921e-08,-1.14485
1357,4.91983e-08,-1.14473
1358,4.93277e-08,-1.14475
1359,4.92813e-08,-1.14443
1360,4.93871e-08,-1.14389
1361,4.94342e-08,-1.14095
1362,4.94797e-08,-1.14278
1363,4.95168e-08,-1.14318
1364,4.95694e-08,-1.14219
1365,4.9652e-08,-1.14084
1366,4.96651e-08,-1.14236
1367,4.96915e-08,-1.14171
1368,4.98101e-08,-1.14059
1369,4.98229e-08,-1.14102
1370,4.98748e-08,-1.14055
1371,4.99091e-08,-1.14022
1372,4.99607e-08,-1.13962
1373,5.00045e-08,-1.14006
1374,5.00176e-08,-1.13929
1375,5.00947e-08,-1.13861
1376,5.01855e-08,-1.13843
1377,5.02109e-08,-1.13866
1378,5.02687e-08,-1.13283
1379,5.03195e-08,-1.13809
1380,5.03645e-08,-1.13765
1381,5.04006e-08,-1.13682
1382,5.04395e-08,-1.13687
1383,5.05001e-08,-1.13647
1384,5.05535e-08,-1.13605
1385,5.05961e-08,-1.13521
1386,5.06509e-08,-1.13579
1387,5.06349e-08,-1.13538
1388,5.07247e-08,-1.1352
1389,5.0742e-08,-1.13426
1390,5.08628e-08,-1.1342
1391,5.09922e-08,-1.13463
1392,5.09494e-08,-1.13469
1393,5.09359e-08,-1.13257
1394,5.10732e-08,-1.13399
1395,5.10765e-08,-1.13231
1396,5.11385e-08,-1.13199
1397,5.11922e-08,-1.13173
1398,5.12272e-08,-1.132
1399,5.12917e-08,-1.13105
1400,5.13228e-08,-1.13093
1401,5.14084e-08,-1.13145
1402,5.14133e-08,-1.12991
1403,5.14858e-08,-1.12994
1404,5.15709e-08,-1.12991
1405,5.15703e-08,-1.12951
1406,5.16432e-08,-1.12887
1407,5.16652e-08,-1.1294
1408,5.1972e-08,-1.1276
1409,5.17686e-08,-1.12822
1410,5.18335e-08,-1.12797
1411,5.18936e-08,-1.1274
1412,5.19051e-08,-1.12702
1413,5.19855e-08,-1.12694
1414,5.20314e-08,-1.12709
1415,5.20666e-08,-1.1259
1416,5.21738e-08,-1.12567
1417,5.21115e-08,-1.12505
1418,5.22393e-08,-1.12522
1419,5.23392e-08,-1.12517
1420,5.23351e-08,-1.12375
1421,5.23811e-08,-1.12414
1422,5.23525e-08,-1.12397
1423,5.24938e-08,-1.12417
1424,5.25597e-08,-1.1235
1425,5.24919e-08,-1.12189
1426,5.26366e-08,-1.12318
1427,5.26836e-08,-1.1223
1428,5.27324e-08,-1.12236
1429,5.27939e-08,-1.12233
1430,5.28588e-08,-1.12163
1431,5.29166e-08,-1.1221
1432,5.29312e-08,-1.1207
1433,5.30177e-08,-1.12065
1434,5.30659e-08,-1.12047
1435,5.30721e-08,-1.11983
1436,5.31218e-08,-1.11973
1437,5.31945e-08,-1.12087
1438,5.32403e-08,-1.11844
1439,5.31464e-08,-1.11756
1440,5.33254e-08,-1.11844
1441,5.32634e-08,-1.11842
1442,5.34439e-08,-1.11758
1443,5.35031e-08,-1.11722
1444,5.35317e-08,-1.11735
1445,5.35688e-08,-1.11693
1446,5.36632e-08,-1.11653
1447,5.36914e-08,-1.11635
1448,5.36529e-08,-1.11593
1449,5.38182e-08,-1.11574
1450,5.38449e-08,-1.1148
1451,5.39424e-08,-1.11549
1452,5.39653e-08,-1.11415
1453,5.39711e-08,-1.11448
1454,5.4056e-08,-1.11344
1455,5.41276e-08,-1.11421
1456,5.416e-08,-1.11335
1457,5.42317e-08,-1.11295
1458,5.42107e-08,-1.11235
1459,5.43019e-08,-1.11221
1460,5.43625e-08,-1.11218
1461,5.43995e-08,-1.11164
1462,5.44739e-08,-1.1112
1463,5.45156e-08,-1.11094
1464,5.45583e-08,-1.11055
1465,5.46771e-08,-1.10993
1466,5.46895e-08,-1.11021
1467,5.4728e-08,-1.10991
1468,5.48529e-08,-1.10902
1469,5.48191e-08,-1.10943
1470,5.48774e-08,-1.10897
1471,5.49564e-08,-1.10885
1472,5.49719e-08,-1.11045
1473,5.50374e-08,-1.10843
1474,5.50861e-08,-1.10762
1475,5.51467e-08,-1.10756
1476,5.51801e-08,-1.10678
1477,5.52525e-08,-1.10607
1478,5.52708e-08,-1.10585
1479,5.53334e-08,-1.10627
1480,5.53649e-08,-1.10595
1481,5.54555e-08,-1.10559
1482,5.55085e-08,-1.10511
1483,5.55362e-08,-1.10463
1484,5.55994e-08,-1.10448
1485,5.56737e-08,-1.10315
1486,5.57984e-08,-1.10393
1487,5.57532e-08,-1.10361
1488,5.58375e-08,-1.10295
1489,5.58697e-08,-1.103
1490,5.59e-08,-1.10274
1491,5.64046e-08,-1.09382
1492,5.60043e-08,-1.10267
1493,5.60602e-08,-1.10165
1494,5.61412e-08,-1.10135
1495,5.6185e-08,-1.10087
1496,5.62436e-08,-1.10104
1497,5.63364e-08,-1.10003
1498,5.63267e-08,-1.10011
1499,5.64196e-08,-1.09952
1500,5.64539e-08,-1.09935
1501,5.63867e-08,-1.09643
1502,5.6607e-08,-1.10025
1503,5.66134e-08,-1.09851
1504,5.65835e-08,-1.09774
1505,5.67484e-08,-1.09768
1506,5.67648e-08,-1.09791
1507,5.64486e-08,-1.09882
1508,5.68799e-08,-1.09608
1509,5.69222e-08,-1.09697
1510,5.69868e-08,-1.09661
1511,5.70344e-08,-1.09599
1512,5.70779e-08,-1.09556
1513,5.71367e-08,-1.09562
1514,5.71955e-08,-1.09524
1515,5.72473e-08,-1.09465
1516,5.73006e-08,-1.0956
1517,5.73463e-08,-1.09392
1518,5.7415e-08,-1.09403
1519,5.74578e-08,-1.09347
1520,5.75208e-08,-1.09315
1521,5.75649e-08,-1.09329
1522,5.76249e-08,-1.09263
1523,5.76568e-08,-1.09285
1524,5.76762e-08,-1.08831
1525,5.77867e-08,-1.09155
1526,5.78141e-08,-1.09172
1527,5.7844e-08,-1.0918
1528,5.79489e-08,-1.09049
1529,5.79227e-08,-1.08956
1530,5.80561e-08,-1.0901
1531,5.80939e-08,-1.08949
1532,5.81758e-08,-1.08949
1533,5.81984e-08,-1.08854
1534,5.82662e-08,-1.08825
1535,5.8312e-08,-1.08857
1536,5.83907e-08,-1.08809
1537,5.84496e-08,-1.0878
1538,5.84836e-08,-1.08721
1539,5.85257e-08,-1.08682
1540,5.86115e-08,-1.08732
1541,5.86456e-08,-1.08682
1542,5.86783e-08,-1.08624
1543,5.87484e-08,-1.0853
1544,5.88081e-08,-1.08541
1545,5.88582e-08,-1.0851
1546,5.90633e-08,-1.08132
1547,5.89691e-08,-1.08536
1548,5.90233e-08,-1.08407
1549,5.90378e-08,-1.08415
1550,5.91172e-08,-1.08358
1551,5.91936e-08,-1.08331
1552,5.92518e-08,-1.0831
1553,5.94067e-08,-1.08277
1554,5.94162e-08,-1.08262
1555,5.93984e-08,-1.08333
1556,5.94068e-08,-1.08224
1557,5.96498e-08,-1.0825
1558,5.94357e-08,-1.08103
1559,5.96751e-08,-1.08191
1560,5.97218e-08,-1.08048
1561,5.9748e-08,-1.08047
1562,5.9816e-08,-1.08065
1563,5.97844e-08,-1.07874
1564,5.99151e-08,-1.07918
1565,5.99781e-08,-1.07863
1566,6.00248e-08,-1.07886
1567,6.00664e-08,-1.07951
1568,6.01569e-08,-1.07851
1569,6.01597e-08,-1.07773
1570,6.02395e-08,-1.07736
1571,6.0293e-08,-1.07748
1572,6.00549e-08,-1.07565
1573,6.0404e-08,-1.07721
1574,6.04781e-08,-1.07606
1575,6.05267e-08,-1.07616
1576,6.05635e-08,-1.07534
1577,6.06082e-08,-1.07478
1578,6.06929e-08,-1.07526
1579,6.07374e-08,-1.07508
1580,6.07903e-08,-1.07367
1581,6.08428e-08,-1.07406
1582,6.08958e-08,-1.07368
1583,6.09706e-08,-1.07347
1584,6.10186e-08,-1.07327
1585,6.10599e-08,-1.07282
1586,6.11331e-08,-1.0725
1587,6.1187e-08,-1.07201
1588,6.12779e-08,-1.07205
1589,6.1252e-08,-1.07169
1590,6.11e-08,-1.07245
1591,6.14299e-08,-1.07109
1592,6.14356e-08,-1.0703
1593,6.15457e-08,-1.07011
1594,6.15277e-08,-1.07049
1595,6.16301e-08,-1.06915
1596,6.17346e-08,-1.06863
1597,6.17968e-08,-1.06915
1598,6.18372e-08,-1.06857
1599,6.18557e-08,-1.06823
1600,6.19273e-08,-1.0681
1601,6.1793e-08,-1.06728
1602,6.2066e-08,-1.06745
1603,6.213e-08,-1.06692
1604,6.21516e-08,-1.0671
1605,6.22157e-08,-1.06621
1606,6.23044e-08,-1.06711
1607,6.23204e-08,-1.06636
1608,6.23909e-08,-1.06553
1609,6.24233e-08,-1.06463
1610,6.2488e-08,-1.06496
1611,6.25901e-08,-1.06443
1612,6.26118e-08,-1.06427
1613,6.26883e-08,-1.06378
1614,6.27104e-08,-1.06381
1615,6.2794e-08,-1.06023
1616,6.28244e-08,-1.06291
1617,6.2809e-08,-1.06208
1618,6.29729e-08,-1.06246
1619,6.30421e-08,-1.06218
1620,6.30615e-08,-1.06185
1621,6.31404e-08,-1.06182
1622,6.32268e-08,-1.06245
1623,6.32374e-08,-1.06128
1624,6.33333e-08,-1.06032
1625,6.33481e-08,-1.05987
1626,6.34181e-08,-1.05944
1627,6.34794e-08,-1.05976
1628,6.35376e-08,-1.05934
1629,6.35978e-08,-1.05887
1630,6.36975e-08,-1.05836
1631,6.3743e-08,-1.0583
1632,6.37873e-08,-1.05838
1633,6.3819e-08,-1.05768
1634,6.38295e-08,-1.05529
1635,6.39227e-08,-1.05724
1636,6.39785e-08,-1.05625
1637,6.40686e-08,-1.05705
1638,6.41502e-08,-1.05623
1639,6.42039e-08,-1.05487
1640,6.42303e-08,-1.05555
1641,6.43044e-08,-1.05488
1642,6.43992e-08,-1.05637
1643,6.44369e-08,-1.0543
1644,6.44918e-08,-1.05395
1645,6.44654e-08,-1.05436
1646,6.45829e-08,-1.05363
1647,6.45757e-08,-1.05236
1648,6.47239e-08,-1.05337
1649,6.47372e-08,-1.05266
1650,6.4832e-08,-1.05221
1651,6.48686e-08,-1.052
1652,6.50294e-08,-1.05419
1653,6.49731e-08,-1.05137
1654,6.50564e-08,-1.05142
1655,6.51475e-08,-1.05139
1656,6.52109e-08,-1.05084
1657,6.52496e-08,-1.05008
1658,6.53035e-08,-1.0496
1659,6.54147e-08,-1.04915
1660,6.53994e-08,-1.04917
1661,6.54965e-08,-1.04901
1662,6.55197e-08,-1.04877
1663,6.56662e-08,-1.04708
1664,6.56453e-08,-1.04765
1665,6.56901e-08,-1.04742
1666,6.57787e-08,-1.04761
1667,6.58286e-08,-1.0473
1668,6.59271e-08,-1.04615
1669,6.59383e-08,-1.04694
1670,6.60121e-08,-1.04634
1671,6.60618e-08,-1.04611
1672,6.61494e-08,-1.04497
1673,6.6138e-08,-1.04538
1674,6.62343e-08,-1.04469
1675,6.6348e-08,-1.04418
1676,6.63719e-08,-1.04444
1677,6.64351e-08,-1.04434
1678,6.64741e-08,-1.04419
1679,6.65419e-08,-1.04352
1680,6.65999e-08,-1.04339
1681,6.66081e-08,-1.04263
1682,6.67221e-08,-1.04219
1683,6.68055e-08,-1.04208
1684,6.68388e-08,-1.04223
1685,6.69277e-08,-1.04144
1686,6.69704e-08,-1.04077
1687,6.7065e-08,-1.04085
1688,6.70918e-08,-1.04075
1689,6.71388e-08,-1.04014
1690,6.72392e-08,-1.03928
1691,6.7283e-08,-1.0399
1692,6.7341e-08,-1.03952
1693,6.73995e-08,-1.0388
1694,6.74597e-08,-1.03883
1695,6.75004e-08,-1.03829
1696,6.75529e-08,-1.03813
1697,6.75831e-08,-1.03697
1698,6.77018e-08,-1.03742
1699,6.77616e-08,-1.03666
1700,6.77515e-08,-1.03554
1701,6.78925e-08,-1.0363
1702,6.79695e-08,-1.03577
1703,6.80095e-08,-1.03686
1704,6.80766e-08,-1.03535
1705,6.81363e-08,-1.03479
1706,6.82061e-08,-1.03478
1707,6.82444e-08,-1.03459
1708,6.83168e-08,-1.03403
1709,6.83151e-08,-1.03429
1710,6.84224e-08,-1.0334
1711,6.85097e-08,-1.03334
1712,6.85885e-08,-1.03269
1713,6.86128e-08,-1.03207
1714,6.86878e-08,-1.03233
1715,6.87383e-08,-1.03241
1716,6.88162e-08,-1.03168
1717,6.88769e-08,-1.03152
1718,6.89397e-08,-1.03118
1719,6.90273e-08,-1.03058
1720,6.90937e-08,-1.03018
1721,6.91148e-08,-1.03039
1722,6.91997e-08,-1.02939
1723,6.92592e-08,-1.02923
1724,7.02029e-08,-1.0278
1725,6.93994e-08,-1.02911
1726,6.94283e-08,-1.02838
1727,6.95127e-08,-1.02801
1728,6.95491e-08,-1.0284
1729,6.96084e-08,-1.02771
1730,6.96609e-08,-1.02729
1731,6.97598e-08,-1.02679
1732,6.98254e-08,-1.02682
1733,6.99088e-08,-1.0265
1734,6.99077e-08,-1.02657
1735,7.00303e-08,-1.02579
1736,7.00416e-08,-1.02534
1737,7.01574e-08,-1.02499
1738,7.01924e-08,-1.0248
1739,7.0285e-08,-1.0251
1740,7.02865e-08,-1.02362
1741,7.04989e-08,-1.02378
1742,7.0495e-08,-1.02268
1743,7.05036e-08,-1.02328
1744,7.0569e-08,-1.02269
1745,7.06278e-08,-1.02261
1746,7.07029e-08,-1.02238
1747,7.08414e-08,-1.02106
1748,7.08377e-08,-1.02144
1749,7.11281e-08,-1.0198
1750,7.09276e-08,-1.02246
1751,7.1037e-08,-1.02028
1752,7.1069e-08,-1.02041
1753,7.09065e-08,-1.01942
1754,7.11902e-08,-1.02018
1755,7.12631e-08,-1.01966
1756,7.13599e-08,-1.01899
1757,7.13836e-08,-1.01902
1758,7.15004e-08,-1.01775
1759,7.15212e-08,-1.01813
1760,7.16136e-08,-1.01811
1761,7.1681e-08,-1.01761
1762,7.17158e-08,-1.01766
1763,7.17809e-08,-1.01693
1764,7.18235e-08,-1.01648
1765,7.19195e-08,-1.01616
1766,7.19607e-08,-1.01594
1767,7.20761e-08,-1.01499
1768,7.21233e-08,-1.01522
1769,7.21513e-08,-1.01526
1770,7.22279e-08,-1.01501
1771,7.23098e-08,-1.01292
1772,7.23603e-08,-1.0138
1773,7.24232e-08,-1.01366
1774,7.24961e-08,-1.01366
1775,7.26472e-08,-1.01155
1776,7.26374e-08,-1.0129
1777,7.27077e-08,-1.01254
1778,7.27263e-08,-1.01213
1779,7.28255e-08,-1.01232
1780,7.28812e-08,-1.01136
1781,7.29544e-08,-1.01147
1782,7.30298e-08,-1.01141
1783,7.30408e-08,-1.01055
1784,7.31348e-08,-1.01066
1785,7.32034e-08,-1.0095
1786,7.32786e-08,-1.00955
1787,7.33381e-08,-1.0084
1788,7.33937e-08,-1.00909
1789,7.34716e-08,-1.00876
1790,7.35302e-08,-1.0084
1791,7.36046e-08,-1.00806
1792,7.36565e-08,-1.00776
1793,7.37585e-08,-1.00734
1794,7.37539e-08,-1.00836
1795,7.38742e-08,-1.00688
1796,7.39663e-08,-1.00612
1797,7.40325e-08,-1.00636
1798,7.40731e-08,-1.00592
1799,7.41664e-08,-1.00477
1800,7.42517e-08,-1.0057
1801,7.42952e-08,-1.0048
1802,7.42717e-08,-1.00467
1803,7.43602e-08,-1.005
1804,7.44536e-08,-1.00382
1805,7.45611e-08,-1.00398
1806,7.45787e-08,-1.00337
1807,7.46654e-08,-1.00316
1808,7.47314e-08,-1.00287
1809,7.48756e-08,-1.00221
1810,7.48651e-08,-1.00224
1811,7.49297e-08,-1.0016
1812,7.50056e-08,-1.00186
1813,7.51136e-08,-1.00184
1814,7.51598e-08,-1.00066
1815,7.52057e-08,-1.0007
1816,7.52432e-08,-0.999888
1817,7.53115e-08,-0.999006
1818,7.53631e-08,-0.999688
1819,7.54089e-08,-0.999965
1820,7.5553e-08,-0.999704
1821,7.5613e-08,-0.998544
1822,7.56755e-08,-0.998753
1823,7.5658e-08,-0.994792
1824,7.5804e-08,-0.997427
1825,7.58622e-08,-0.997393
1826,7.59829e-08,-0.997527
1827,7.59813e-08,-0.996606
1828,7.6085e-08,-0.996562
1829,7.61113e-08,-0.99627
1830,7.61964e-08,-0.995641
1831,7.58449e-08,-0.990552
1832,7.63579e-08,-0.995366
1833,7.63957e-08,-0.995245
1834,7.65101e-08,-0.994551
1835,7.65236e-08,-0.994069
1836,7.66075e-08,-0.993709
1837,7.67227e-08,-0.99406
1838,7.67781e-08,-0.993139
1839,7.66356e-08,-0.992616
1840,7.68848e-08,-0.99203
1841,7.69179e-08,-0.992508
1842,7.7043e-08,-0.992283
1843,7.71095e-08,-0.991716
1844,7.71625e-08,-0.991571
1845,7.72255e-08,-0.990548
1846,7.73066e-08,-0.990719
1847,7.73993e-08,-0.99051
1848,7.74342e-08,-0.990418
1849,7.75115e-08,-0.989955
1850,7.75713e-08,-0.989298
1851,7.76709e-08,-0.989352
1852,7.7698e-08,-0.988631
1853,7.7781e-08,-0.988663
1854,7.78688e-08,-0.988504
1855,7.79225e-08,-0.988064
1856,7.81651e-08,-0.987461
1857,7.80277e-08,-0.987094
1858,7.81429e-08,-0.987074
1859,7.8218e-08,-0.986711
1860,7.82702e-08,-0.986367
1861,7.83353e-08,-0.986108
1862,7.84027e-08,-0.985723
1863,7.8466e-08,-0.985532
1864,7.85545e-08,-0.984861
1865,7.86734e-08,-0.985379
1866,7.86947e-08,-0.984244
1867,7.87606e-08,-0.984063
1868,7.88528e-08,-0.983977
1869,7.89381e-08,-0.983127
1870,7.89633e-08,-0.983317
1871,7.90617e-08,-0.982951
1872,7.91006e-08,-0.982493
1873,7.91572e-08,-0.982657
1874,7.92555e-08,-0.982399
1875,7.93388e-08,-0.981532
1876,7.93889e-08,-0.98109
1877,7.94675e-08,-0.981004
1878,7.95151e-08,-0.978875
1879,7.96181e-08,-0.980416
1880,7.9707e-08,-0.979763
1881,7.9739e-08,-0.979857
1882,7.97948e-08,-0.978202
1883,8.00027e-08,-0.979285
1884,7.99511e-08,-0.97885
1885,8.00171e-08,-0.978462
1886,8.01094e-08,-0.978265
1887,8.02141e-08,-0.978131
1888,8.02589e-08,-0.977593
1889,8.03495e-08,-0.977275
1890,8.03907e-08,-0.976831
1891,8.04677e-08,-0.976875
1892,8.06494e-08,-0.973018
1893,8.06158e-08,-0.97607
1894,8.07283e-08,-0.975541
1895,8.07469e-08,-0.975536
1896,8.08493e-08,-0.975111
1897,8.0883e-08,-0.974693
1898,8.10771e-08,-0.97464
1899,8.10307e-08,-0.974129
1900,8.11193e-08,-0.97406
1901,8.11752e-08,-0.973322
1902,8.12164e-08,-0.973597
1903,8.13398e-08,-0.973356
1904,8.13535e-08,-0.971419
1905,8.15189e-08,-0.972148
1906,8.15363e-08,-0.971855
1907,8.15782e-08,-0.97115
1908,8.14455e-08,-0.964429
1909,8.17977e-08,-0.971134
1910,8.18207e-08,-0.97099
1911,8.19531e-08,-0.97082
1912,8.19614e-08,-0.970121
1913,8.20987e-08,-0.969481
1914,8.21912e-08,-0.967533
1915,8.22625e-08,-0.968808
1916,8.22836e-08,-0.968838
1917,8.2381e-08,-0.967355
1918,8.24127e-08,-0.969086
1919,8.24633e-08,-0.968313
1920,8.25597e-08,-0.968075
1921,8.26282e-08,-0.967054
1922,8.27363e-08,-0.967123
1923,8.2782e-08,-0.966557
1924,8.28723e-08,-0.966747
1925,8.29765e-08,-0.966805
1926,8.30496e-08,-0.965469
1927,8.30457e-08,-0.966293
1928,8.31664e-08,-0.965108
1929,8.3197e-08,-0.964848
1930,8.32682e-08,-0.964526
1931,8.33725e-08,-0.965328
1932,8.34551e-08,-0.963561
1933,8.35155e-08,-0.963619
1934,8.38242e-08,-0.956948
1935,8.36803e-08,-0.962865
1936,8.38212e-08,-0.962953
1937,8.38298e-08,-0.962088
1938,8.38875e-08,-0.961786
1939,8.39819e-08,-0.961748
1940,8.40503e-08,-0.961173
1941,8.41411e-08,-0.961127
1942,8.42362e-08,-0.960555
1943,8.42589e-08,-0.96077
1944,8.44e-08,-0.959756
1945,8.44532e-08,-0.959956
1946,8.4498e-08,-0.960014
1947,8.45574e-08,-0.959147
1948,8.46571e-08,-0.95901
1949,8.50832e-08,-0.960117
1950,8.48211e-08,-0.958063
1951,8.48837e-08,-0.958099
1952,8.4968e-08,-0.957449
1953,8.50201e-08,-0.95707
1954,8.51222e-08,-0.956708
1955,8.51822e-08,-0.956467
1956,8.52598e-08,-0.95605
1957,8.53658e-08,-0.95606
1958,8.54096e-08,-0.955704
1959,8.55014e-08,-0.955634
1960,8.55718e-08,-0.954809
1961,8.56361e-08,-0.954762
1962,8.5722e-08,-0.954475
1963,8.5789e-08,-0.954195
1964,8.60245e-08,-0.95488
1965,8.5967e-08,-0.953362
1966,8.59398e-08,-0.952988
1967,8.60691e-08,-0.952779
1968,8.6265e-08,-0.95334
1969,8.62201e-08,-0.952444
1970,8.60377e-08,-0.953701
1971,8.63817e-08,-0.951397
1972,8.65131e-08,-0.951008
1973,8.65609e-08,-0.951053
1974,8.66239e-08,-0.951083
1975,8.66417e-08,-0.951587
1976,8.68023e-08,-0.950311
1977,8.69597e-08,-0.949586
1978,8.69181e-08,-0.949411
1979,8.70066e-08,-0.948854
1980,8.70888e-08,-0.949001
1981,8.70691e-08,-0.945284
1982,8.68385e-08,-0.952642
1983,8.73169e-08,-0.947774
1984,8.74087e-08,-0.947607
1985,8.74881e-08,-0.947353
1986,8.75031e-08,-0.947474
1987,8.76267e-08,-0.946615
1988,8.7701e-08,-0.946211
1989,8.77621e-08,-0.945978
1990,8.7867e-08,-0.945009
1991,8.79691e-08,-0.945346
1992,8.80139e-08,-0.945153
1993,8.80858e-08,-0.94451
1994,8.81924e-08,-0.944473
1995,8.82457e-08,-0.944251
1996,8.83538e-08,-0.943824
1997,8.84251e-08,-0.943156
1998,8.84955e-08,-0.94335
1999,8.85804e-08,-0.942457
2000,8.86529e-08,-0.942461
2001,8.87269e-08,-0.94206
2002,8.88119e-08,-0.942019
2003,8.88754e-08,-0.941135
2004,8.89446e-08,-0.941216
2005,8.90697e-08,-0.940863
2006,8.91132e-08,-0.940659
2007,8.91989e-08,-0.939999
2008,8.92989e-08,-0.939952
2009,8.93546e-08,-0.939879
2010,8.9408e-08,-0.939115
2011,8.95265e-08,-0.939133
2012,8.95707e-08,-0.938774
2013,8.96833e-08,-0.938182
2014,8.97721e-08,-0.93785
2015,8.98512e-08,-0.937855
2016,8.99207e-08,-0.937361
2017,8.99998e-08,-0.937164
2018,9.00619e-08,-0.936854
2019,9.01849e-08,-0.936821
2020,9.02779e-08,-0.936169
2021,9.0401e-08,-0.939338
2022,9.04382e-08,-0.935206
2023,9.04894e-08,-0.935106
2024,9.05207e-08,-0.934976
2025,9.06116e-08,-0.933404
2026,9.07231e-08,-0.934432
2027,9.08236e-08,-0.934037
2028,9.09522e-08,-0.933268
2029,9.099e-08,-0.933274
2030,9.10824e-08,-0.933181
2031,9.11504e-08,-0.932492
2032,9.12216e-08,-0.932351
2033,9.13057e-08,-0.932123
2034,9.14754e-08,-0.930653
2035,9.14655e-08,-0.931345
2036,9.15417e-08,-0.930991
2037,9.16139e-08,-0.930949
2038,9.16824e-08,-0.930216
2039,9.18061e-08,-0.930332
2040,9.18768e-08,-0.92958
2041,9.19535e-08,-0.929797
2042,9.20326e-08,-0.928807
2043,9.21203e-08,-0.929126
2044,9.22243e-08,-0.928515
2045,9.23454e-08,-0.9281
2046,9.2331e-08,-0.927892
2047,9.24118e-08,-0.928034
2048,9.25725e-08,-0.927041
2049,9.26057e-08,-0.927334
2050,9.27057e-08,-0.926776
2051,9.27795e-08,-0.926647
2052,9.28318e-08,-0.92601
2053,9.29418e-08,-0.925773
2054,9.30734e-08,-0.925652
2055,9.3108e-08,-0.925383
2056,9.31551e-08,-0.924938
2057,9.35455e-08,-0.921344
2058,9.33459e-08,-0.924105
2059,9.34476e-08,-0.923929
2060,9.35166e-08,-0.923481
2061,9.36295e-08,-0.923336
2062,9.37077e-08,-0.922743
2063,9.3771e-08,-0.922922
2064,9.3846e-08,-0.921549
2065,9.39868e-08,-0.921913
2066,9.40091e-08,-0.921872
2067,9.40856e-08,-0.921087
2068,9.4162e-08,-0.921615
2069,9.42635e-08,-0.920827
2070,9.44517e-08,-0.920063
2071,9.44281e-08,-0.920088
2072,9.45328e-08,-0.920125
2073,9.46434e-08,-0.919629
2074,9.47082e-08,-0.920259
2075,9.47833e-08,-0.918775
2076,9.47804e-08,-0.918125
2077,9.49001e-08,-0.918632
2078,9.50361e-08,-0.918092
2079,9.50479e-08,-0.917253
2080,9.52388e-08,-0.917566
2081,9.52558e-08,-0.91728
2082,9.53864e-08,-0.917103
2083,9.54653e-08,-0.91651
2084,9.55421e-08,-0.915952
2085,9.5595e-08,-0.916385
2086,9.57889e-08,-0.915893
2087,9.57718e-08,-0.915134
2088,9.58828e-08,-0.914174
2089,9.59561e-08,-0.914666
2090,9.60279e-08,-0.914632
2091,9.6101e-08,-0.914065
2092,9.61999e-08,-0.913415
2093,9.63349e-08,-0.913113
2094,9.64002e-08,-0.912525
2095,9.64291e-08,-0.912325
2096,9.65122e-08,-0.91233
2097,9.6652e-08,-0.912093
2098,9.67479e-08,-0.913713
2099,9.67868e-08,-0.911232
2100,9.68789e-08,-0.912187
2101,9.69816e-08,-0.910902
2102,9.71085e-08,-0.910624
2103,9.71804e-08,-0.909804
2104,9.7259e-08,-0.910248
2105,9.73446e-08,-0.909533
2106,9.74307e-08,-0.909101
2107,9.74921e-08,-0.908876
2108,9.7679e-08,-0.907729
2109,9.76912e-08,-0.908412
2110,9.77464e-08,-0.907921
2111,9.78494e-08,-0.907213
2112,9.79901e-08,-0.907099
2113,9.80788e-08,-0.906683
2114,9.81661e-08,-0.906606
2115,9.8222e-08,-0.906138
2116,9.83331e-08,-0.90618
2117,9.83793e-08,-0.90542
2118,9.85193e-08,-0.906621
2119,9.85182e-08,-0.904773
2120,9.87206e-08,-0.905118
2121,9.87492e-08,-0.904598
2122,9.88265e-08,-0.904281
2123,9.89842e-08,-0.90398
2124,9.89505e-08,-0.903741
2125,9.91103e-08,-0.90284
2126,9.91904e-08,-0.90257
2127,9.93102e-08,-0.901954
2128,9.93502e-08,-0.902339
2129,9.95001e-08,-0.902038
2130,9.95488e-08,-0.901404
2131,9.96206e-08,-0.900711
2132,9.97251e-08,-0.900965
2133,9.97792e-08,-0.90104
2134,9.98918e-08,-0.900688
2135,9.99947e-08,-0.900172
2136,1.00081e-07,-0.899671
2137,1.00181e-07,-0.899367
2138,1.00306e-07,-0.899384
2139,1.00337e-07,-0.89867
2140,1.00438e-07,-0.898631
2141,1.00522e-07,-0.897618
2142,1.00619e-07,-0.8978
2143,1.00716e-07,-0.897317
2144,1.00783e-07,-0.897286
2145,1.00902e-07,-0.896877
2146,1.00968e-07,-0.896593
2147,1.01046e-07,-0.895893
2148,1.01137e-07,-0.896032
2149,1.01232e-07,-0.895963
2150,1.01405e-07,-0.895234
2151,1.01066e-07,-0.896001
2152,1.01512e-07,-0.895162
2153,1.01612e-07,-0.893674
2154,1.0167e-07,-0.893988
2155,1.01812e-07,-0.893643
2156,1.01887e-07,-0.893398
2157,1.01919e-07,-0.893347
2158,1.0205e-07,-0.892755
2159,1.0215e-07,-0.892385
2160,1.02214e-07,-0.891885
2161,1.02339e-07,-0.892163
2162,1.02388e-07,-0.892041
2163,1.0252e-07,-0.891494
2164,1.02774e-07,-0.891871
2165,1.02685e-07,-0.890758
2166,1.0293e-07,-0.889189
2167,1.02902e-07,-0.890412
2168,1.02997e-07,-0.889758
2169,1.03031e-07,-0.889287
2170,1.03118e-07,-0.889698
2171,1.03276e-07,-0.888471
2172,1.03337e-07,-0.888363
2173,1.0349e-07,-0.888123
2174,1.03502e-07,-0.888084
2175,1.03603e-07,-0.887407
2176,1.03754e-07,-0.88703
2177,1.03855e-07,-0.886852
2178,1.03901e-07,-0.885532
2179,1.0397e-07,-0.886096
2180,1.04045e-07,-0.88472
2181,1.04197e-07,-0.885864
2182,1.043e-07,-0.885234
2183,1.04357e-07,-0.885213
2184,1.04415e-07,-0.885854
2185,1.04558e-07,-0.884103
2186,1.04647e-07,-0.884167
2187,1.04768e-07,-0.883667
2188,1.04823e-07,-0.883266
2189,1.0496e-07,-0.883019
2190,1.05021e-07,-0.882547
2191,1.05108e-07,-0.882542
2192,1.05253e-07,-0.882114
2193,1.05324e-07,-0.881914
2194,1.0541e-07,-0.881886
2195,1.0552e-07,-0.881263
2196,1.05599e-07,-0.881026
2197,1.05697e-07,-0.881271
2198,1.05764e-07,-0.880176
2199,1.05784e-07,-0.880032
2200,1.0607e-07,-0.878933
2201,1.06024e-07,-0.879848
2202,1.06178e-07,-0.87907
2203,1.06276e-07,-0.878655
2204,1.0638e-07,-0.878516
2205,1.0647e-07,-0.877935
2206,1.06533e-07,-0.877649
2207,1.06648e-07,-0.877495
2208,1.06777e-07,-0.877073
2209,1.06832e-07,-0.876828
2210,1.06925e-07,-0.876393
2211,1.06954e-07,-0.875528
2212,1.07128e-07,-0.875987
2213,1.0723e-07,-0.87554
2214,1.07257e-07,-0.875153
2215,1.07471e-07,-0.87537
2216,1.07506e-07,-0.874263
2217,1.07555e-07,-0.874415
2218,1.07739e-07,-0.873908
2219,1.07896e-07,-0.872901
2220,1.07932e-07,-0.873366
2221,1.08044e-07,-0.872834
2222,1.0809e-07,-0.872786
2223,1.08211e-07,-0.872331
2224,1.08324e-07,-0.871989
2225,1.08409e-07,-0.871533
2226,1.08515e-07,-0.871331
2227,1.08664e-07,-0.871351
2228,1.08781e-07,-0.871115
2229,1.08817e-07,-0.870327
2230,1.0905e-07,-0.869675
2231,1.08978e-07,-0.86991
2232,1.09098e-07,-0.869494
2233,1.09215e-07,-0.869417
2234,1.0927e-07,-0.869003
2235,1.09386e-07,-0.868853
2236,1.09492e-07,-0.868454
2237,1.09603e-07,-0.867961
2238,1.09634e-07,-0.867394
2239,1.09891e-07,-0.866562
2240,1.09854e-07,-0.867192
2241,1.09985e-07,-0.866843
2242,1.10077e-07,-0.866154
2243,1.10207e-07,-0.866351
2244,1.10246e-07,-0.865991
2245,1.10344e-07,-0.865493
2246,1.10495e-07,-0.864954
2247,1.10594e-07,-0.864875
2248,1.10647e-07,-0.864362
2249,1.10774e-07,-0.864119
2250,1.10865e-07,-0.863925
2251,1.10994e-07,-0.864105
2252,1.11028e-07,-0.863406
2253,1.11201e-07,-0.86279
2254,1.11277e-07,-0.862637
2255,1.11362e-07,-0.862459
2256,1.11492e-07,-0.86249
2257,1.1158e-07,-0.861648
2258,1.11747e-07,-0.861872
2259,1.11788e-07,-0.861268
2260,1.11883e-07,-0.860914
2261,1.11933e-07,-0.85961
2262,1.1209e-07,-0.860179
2263,1.12183e-07,-0.860023
2264,1.12297e-07,-0.859194
2265,1.12396e-07,-0.859183
2266,1.12595e-07,-0.860052
2267,1.1259e-07,-0.858407
2268,1.12765e-07,-0.858046
2269,1.12812e-07,-0.857829
2270,1.12922e-07,-0.85748
2271,1.13033e-07,-0.856716
2272,1.13108e-07,-0.85702
2273,1.132e-07,-0.856737
2274,1.13326e-07,-0.856592
2275,1.13404e-07,-0.856254
2276,1.13497e-07,-0.855536
2277,1.13618e-07,-0.855729
2278,1.1378e-07,-0.855234
2279,1.13801e-07,-0.854802
2280,1.13925e-07,-0.854532
2281,1.14055e-07,-0.854387
2282,1.14126e-07,-0.854014
2283,1.14195e-07,-0.853441
2284,1.1432e-07,-0.853337
2285,1.14514e-07,-0.853031
2286,1.1457e-07,-0.852456
2287,1.14671e-07,-0.852209
2288,1.14758e-07,-0.85226
2289,1.14993e-07,-0.851969
2290,1.14979e-07,-0.851529
2291,1.15087e-07,-0.8515
2292,1.15145e-07,-0.850721
2293,1.15311e-07,-0.85013
2294,1.15414e-07,-0.850036
2295,1.15543e-07,-0.849676
2296,1.15611e-07,-0.849903
2297,1.15744e-07,-0.8493
2298,1.15827e-07,-0.848924
2299,1.16076e-07,-0.847336
2300,1.16053e-07,-0.848049
2301,1.16135e-07,-0.847942
2302,1.1622e-07,-0.848078
2303,1.16411e-07,-0.847215
2304,1.1646e-07,-0.847478
2305,1.16543e-07,-0.847155
2306,1.1666e-07,-0.846433
2307,1.16758e-07,-0.845902
2308,1.16899e-07,-0.845412
2309,1.17012e-07,-0.845351
2310,1.17027e-07,-0.844747
2311,1.17162e-07,-0.844842
2312,1.17289e-07,-0.844669
2313,1.17424e-07,-0.844242
2314,1.17538e-07,-0.843912
2315,1.17626e-07,-0.843953
2316,1.17714e-07,-0.843311
2317,1.17829e-07,-0.842518
2318,1.17958e-07,-0.842639
2319,1.17997e-07,-0.842808
2320,1.18264e-07,-0.841724
2321,1.18266e-07,-0.841849
2322,1.18383e-07,-0.84147
2323,1.18514e-07,-0.841022
2324,1.18582e-07,-0.840607
2325,1.18697e-07,-0.840375
2326,1.18802e-07,-0.840678
2327,1.18925e-07,-0.841376
2328,1.18909e-07,-0.839793
2329,1.19158e-07,-0.839133
2330,1.19235e-07,-0.83866
2331,1.19263e-07,-0.839173
2332,1.19591e-07,-0.83801
2333,1.1957e-07,-0.83799
2334,1.19679e-07,-0.837676
2335,1.19769e-07,-0.8365
2336,1.19896e-07,-0.836881
2337,1.20006e-07,-0.83641
2338,1.20132e-07,-0.836227
2339,1.20241e-07,-0.836159
2340,1.20385e-07,-0.835977
2341,1.20432e-07,-0.835281
2342,1.20577e-07,-0.835117
2343,1.20648e-07,-0.834571
2344,1.20788e-07,-0.834243
2345,1.20857e-07,-0.834255
2346,1.21009e-07,-0.833713
2347,1.2112e-07,-0.833391
2348,1.21224e-07,-0.833194
2349,1.21341e-07,-0.83307
2350,1.21426e-07,-0.832898
2351,1.21385e-07,-0.830762
2352,1.21761e-07,-0.83177
2353,1.21735e-07,-0.829707
2354,1.21895e-07,-0.831479
2355,1.22012e-07,-0.831056
2356,1.22108e-07,-0.830782
2357,1.21965e-07,-0.829779
2358,1.22358e-07,-0.830275
2359,1.22463e-07,-0.829816
2360,1.22583e-07,-0.829423
2361,1.22696e-07,-0.829028
2362,1.22709e-07,-0.828584
2363,1.22919e-07,-0.828567
2364,1.23028e-07,-0.828222
2365,1.2311e-07,-0.827744
2366,1.23264e-07,-0.826727
2367,1.23368e-07,-0.82715
2368,1.235e-07,-0.826851
2369,1.23555e-07,-0.826409
2370,1.23698e-07,-0.82631
2371,1.2389e-07,-0.825756
2372,1.2394e-07,-0.825524
2373,1.23986e-07,-0.826098
2374,1.24175e-07,-0.825094
2375,1.24246e-07,-0.824961
2376,1.24409e-07,-0.824332
2377,1.24481e-07,-0.823862
2378,1.24655e-07,-0.823716
2379,1.24699e-07,-0.823551
2380,1.24924e-07,-0.822758
2381,1.24938e-07,-0.822667
2382,1.25078e-07,-0.822413
2383,1.25192e-07,-0.82236
2384,1.25306e-07,-0.821487
2385,1.25352e-07,-0.821467
2386,1.25491e-07,-0.821134
2387,1.25661e-07,-0.820856
2388,1.25741e-07,-0.820481
2389,1.25914e-07,-0.820383
2390,1.26022e-07,-0.820005
2391,1.2607e-07,-0.819667
2392,1.26083e-07,-0.818426
2393,1.26361e-07,-0.818938
2394,1.26475e-07,-0.818643
2395,1.26582e-07,-0.818423
2396,1.26682e-07,-0.81778
2397,1.26816e-07,-0.817659
2398,1.26954e-07,-0.817651
2399,1.27e-07,-0.817485
2400,1.26969e-07,-0.818401
2401,1.27274e-07,-0.81657
2402,1.27434e-07,-0.816215
2403,1.27548e-07,-0.815875
2404,1.27646e-07,-0.815302
2405,1.27776e-07,-0.815376
2406,1.27872e-07,-0.814796
2407,1.27984e-07,-0.814784
2408,1.2813e-07,-0.814034
2409,1.28235e-07,-0.81429
2410,1.28323e-07,-0.813399
2411,1.28462e-07,-0.813177
2412,1.28523e-07,-0.813468
2413,1.28705e-07,-0.812558
2414,1.28785e-07,-0.812506
2415,1.28925e-07,-0.812153
2416,1.28987e-07,-0.811223
2417,1.2918e-07,-0.811679
2418,1.29311e-07,-0.810823
2419,1.2942e-07,-0.810674
2420,1.29576e-07,-0.810315
2421,1.29704e-07,-0.810287
2422,1.29866e-07,-0.810236
2423,1.2991e-07,-0.809679
2424,1.3004e-07,-0.809258
2425,1.30142e-07,-0.808573
2426,1.30293e-07,-0.808522
2427,1.30362e-07,-0.808039
2428,1.30517e-07,-0.807906
2429,1.30656e-07,-0.807656
2430,1.30744e-07,-0.807246
2431,1.296e-07,-0.812369
2432,1.30994e-07,-0.806891
2433,1.31121e-07,-0.805573
2434,1.31333e-07,-0.806082
2435,1.31356e-07,-0.805692
2436,1.31497e-07,-0.805482
2437,1.31608e-07,-0.804995
2438,1.31719e-07,-0.804064
2439,1.31631e-07,-0.803932
2440,1.31987e-07,-0.804169
2441,1.32098e-07,-0.804005
2442,1.3221e-07,-0.803629
2443,1.32326e-07,-0.803435
2444,1.32449e-07,-0.802781
2445,1.3258e-07,-0.80274
2446,1.32799e-07,-0.802316
2447,1.32841e-07,-0.801911
2448,1.32948e-07,-0.801916
2449,1.33098e-07,-0.801162
2450,1.33222e-07,-0.801039
2451,1.33347e-07,-0.800605
2452,1.33425e-07,-0.800289
2453,1.33607e-07,-0.800085
2454,1.33651e-07,-0.799566
2455,1.33591e-07,-0.797802
2456,1.33934e-07,-0.798917
2457,1.34066e-07,-0.798957
2458,1.34217e-07,-0.798609
2459,1.34333e-07,-0.798275
2460,1.34624e-07,-0.798961
2461,1.34592e-07,-0.798055
2462,1.34713e-07,-0.797308
2463,1.34685e-07,-0.800305
2464,1.34962e-07,-0.796747
2465,1.35117e-07,-0.796312
2466,1.35277e-07,-0.796038
2467,1.3533e-07,-0.795732
2468,1.35489e-07,-0.795128
2469,1.35583e-07,-0.794957
2470,1.35742e-07,-0.794631
2471,1.35851e-07,-0.794537
2472,1.36005e-07,-0.794155
2473,1.36133e-07,-0.793589
2474,1.36212e-07,-0.793418
2475,1.36359e-07,-0.793159
2476,1.36465e-07,-0.792941
2477,1.36606e-07,-0.792456
2478,1.36728e-07,-0.792077
2479,1.369e-07,-0.791979
2480,1.37043e-07,-0.79195
2481,1.37071e-07,-0.791827
2482,1.3728e-07,-0.790865
2483,1.37445e-07,-0.790844
2484,1.37502e-07,-0.790375
2485,1.37682e-07,-0.790142
2486,1.37786e-07,-0.790228
2487,1.37966e-07,-0.789752
2488,1.38034e-07,-0.788905
2489,1.38092e-07,-0.789339
2490,1.38364e-07,-0.788869
2491,1.3841e-07,-0.788195
2492,1.38567e-07,-0.787882
2493,1.38681e-07,-0.787533
2494,1.38617e-07,-0.788085
2495,1.3899e-07,-0.786686
2496,1.39135e-07,-0.786388
2497,1.39232e-07,-0.786369
2498,1.39362e-07,-0.786088
2499,1.39446e-07,-0.785732
2500,1.39658e-07,-0.785391
2501,1.39739e-07,-0.785071
2502,1.39883e-07,-0.784775
2503,1.40019e-07,-0.784508
2504,1.40109e-07,-0.784199
2505,1.40278e-07,-0.783977
2506,1.40354e-07,-0.783513
2507,1.40407e-07,-0.782696
2508,1.40689e-07,-0.782959
2509,1.408e-07,-0.78243
2510,1.40951e-07,-0.782393
2511,1.41043e-07,-0.781874
2512,1.41205e-07,-0.781514
2513,1.41339e-07,-0.781465
2514,1.41469e-07,-0.78093
2515,1.41625e-07,-0.780504
2516,1.41743e-07,-0.780294
2517,1.41838e-07,-0.780002
2518,1.42012e-07,-0.780115
2519,1.42139e-07,-0.779193
2520,1.42302e-07,-0.77918
2521,1.42433e-07,-0.778649
2522,1.42558e-07,-0.778505
2523,1.42688e-07,-0.778095
2524,1.42805e-07,-0.777814
2525,1.42949e-07,-0.777405
2526,1.43094e-07,-0.777209
2527,1.43227e-07,-0.777007
2528,1.43345e-07,-0.776678
2529,1.43461e-07,-0.776408
2530,1.43642e-07,-0.775756
2531,1.43778e-07,-0.775724
2532,1.43904e-07,-0.775701
2533,1.43771e-07,-0.774231
2534,1.44185e-07,-0.774646
2535,1.44303e-07,-0.774269
2536,1.44294e-07,-0.773736
2537,1.44581e-07,-0.77401
2538,1.44693e-07,-0.773383
2539,1.44859e-07,-0.77336
2540,1.44987e-07,-0.772818
2541,1.45172e-07,-0.772569
2542,1.45285e-07,-0.772131
2543,1.45416e-07,-0.77178
2544,1.45545e-07,-0.771491
2545,1.45703e-07,-0.771217
2546,1.45842e-07,-0.771091
2547,1.45961e-07,-0.770882
2548,1.46134e-07,-0.769925
2549,1.46253e-07,-0.770077
2550,1.46371e-07,-0.769577
2551,1.46495e-07,-0.769267
2552,1.46787e-07,-0.768768
2553,1.4679e-07,-0.768655
2554,1.46935e-07,-0.768658
2555,1.47083e-07,-0.768155
2556,1.47228e-07,-0.768044
2557,1.47373e-07,-0.767487
2558,1.47465e-07,-0.767325
2559,1.4761e-07,-0.766754
2560,1.4778e-07,-0.766492
2561,1.47926e-07,-0.766347
2562,1.48093e-07,-0.766013
2563,1.48198e-07,-0.765822
2564,1.48334e-07,-0.765013
2565,1.4848e-07,-0.764818
2566,1.48577e-07,-0.764548
2567,1.48767e-07,-0.76425
2568,1.48925e-07,-0.764002
2569,1.49041e-07,-0.763623
2570,1.49213e-07,-0.763347
2571,1.4927e-07,-0.763264
2572,1.49508e-07,-0.762712
2573,1.49627e-07,-0.762435
2574,1.4979e-07,-0.762458
2575,1.49924e-07,-0.761772
2576,1.5009e-07,-0.761472
2577,1.50217e-07,-0.761125
2578,1.50195e-07,-0.76133
2579,1.50464e-07,-0.760752
2580,1.50669e-07,-0.760195
2581,1.50773e-07,-0.759084
2582,1.5092e-07,-0.75967
2583,1.51105e-07,-0.759387
2584,1.51189e-07,-0.759337
2585,1.51385e-07,-0.758489
2586,1.5152e-07,-0.758497
2587,1.51648e-07,-0.758091
2588,1.51867e-07,-0.757771
2589,1.51944e-07,-0.757235
2590,1.52092e-07,-0.757146
2591,1.52272e-07,-0.756432
2592,1.52366e-07,-0.756633
2593,1.52706e-07,-0.756367
2594,1.52719e-07,-0.75589
2595,1.52781e-07,-0.755391
2596,1.52976e-07,-0.755628
2597,1.53072e-07,-0.754942
2598,1.53268e-07,-0.754596
2599,1.53405e-07,-0.754314
2600,1.53551e-07,-0.753825
2601,1.53704e-07,-0.753615
2602,1.53852e-07,-0.75356
2603,1.54033e-07,-0.753105
2604,1.54148e-07,-0.7527
2605,1.54309e-07,-0.752371
2606,1.54441e-07,-0.751941
2607,1.54587e-07,-0.751516
2608,1.54777e-07,-0.75142
2609,1.5489e-07,-0.751176
2610,1.55065e-07,-0.751249
2611,1.55205e-07,-0.750658
2612,1.55301e-07,-0.750319
2613,1.55479e-07,-0.749869
2614,1.5568e-07,-0.74958
2615,1.55784e-07,-0.749436
2616,1.56001e-07,-0.749118
2617,1.56092e-07,-0.748036
2618,1.56259e-07,-0.748217
2619,1.56366e-07,-0.747769
2620,1.56542e-07,-0.747811
2621,1.56722e-07,-0.747383
2622,1.56828e-07,-0.747107
2623,1.57033e-07,-0.746898
2624,1.57159e-07,-0.746494
2625,1.57312e-07,-0.746177
2626,1.57464e-07,-0.745681
2627,1.57614e-07,-0.745438
2628,1.57755e-07,-0.745163
2629,1.57917e-07,-0.744793
2630,1.58104e-07,-0.744658
2631,1.5817e-07,-0.744236
2632,1.58394e-07,-0.743959
2633,1.58572e-07,-0.743908
2634,1.58705e-07,-0.743471
2635,1.58926e-07,-0.742336
2636,1.58995e-07,-0.7426
2637,1.59094e-07,-0.743415
2638,1.59309e-07,-0.742126
2639,1.59481e-07,-0.741732
2640,1.59641e-07,-0.741444
2641,1.59759e-07,-0.741215
2642,1.5992e-07,-0.740716
2643,1.60188e-07,-0.74086
2644,1.60259e-07,-0.740333
2645,1.60407e-07,-0.73993
2646,1.60582e-07,-0.739486
2647,1.60717e-07,-0.739229
2648,1.60878e-07,-0.738604
2649,1.61087e-07,-0.73868
2650,1.61186e-07,-0.738271
2651,1.61372e-07,-0.737695
2652,1.61636e-07,-0.738812
2653,1.61711e-07,-0.736934
2654,1.61876e-07,-0.736509
2655,1.61959e-07,-0.736929
2656,1.62181e-07,-0.736526
2657,1.6233e-07,-0.736111
2658,1.62453e-07,-0.735917
2659,1.62631e-07,-0.735453
2660,1.62813e-07,-0.735192
2661,1.62957e-07,-0.734987
2662,1.63073e-07,-0.734495
2663,1.63269e-07,-0.734188
2664,1.63442e-07,-0.734855
2665,1.63592e-07,-0.733618
2666,1.63759e-07,-0.733244
2667,1.64227e-07,-0.731034
2668,1.64114e-07,-0.732639
2669,1.64234e-07,-0.732481
2670,1.6437e-07,-0.732128
2671,1.64562e-07,-0.731735
2672,1.64777e-07,-0.731325
2673,1.64819e-07,-0.731248
2674,1.65059e-07,-0.731002
2675,1.65164e-07,-0.730254
2676,1.65445e-07,-0.730431
2677,1.65543e-07,-0.729605
2678,1.65678e-07,-0.72958
2679,1.65871e-07,-0.729201
2680,1.66024e-07,-0.728547
2681,1.66159e-07,-0.728604
2682,1.6633e-07,-0.728221
2683,1.66484e-07,-0.727526
2684,1.66637e-07,-0.727699
2685,1.66919e-07,-0.728109
2686,1.67044e-07,-0.726491
2687,1.67122e-07,-0.726655
2688,1.67305e-07,-0.72662
2689,1.67518e-07,-0.725881
2690,1.67448e-07,-0.722369
2691,1.67841e-07,-0.725236
2692,1.68e-07,-0.725259
2693,1.68155e-07,-0.724684
2694,1.68352e-07,-0.724441
2695,1.68476e-07,-0.724046
2696,1.68734e-07,-0.723498
2697,1.68846e-07,-0.723387
2698,1.68981e-07,-0.722776
2699,1.69171e-07,-0.722881
2700,1.69208e-07,-0.723049
2701,1.69491e-07,-0.722295
2702,1.69642e-07,-0.721688
2703,1.69837e-07,-0.721578
2704,1.69973e-07,-0.721368
2705,1.70144e-07,-0.720572
2706,1.70307e-07,-0.720684
2707,1.70496e-07,-0.720113
2708,1.70691e-07,-0.720029
2709,1.7072e-07,-0.719492
2710,1.70993e-07,-0.718873
2711,1.70969e-07,-0.716915
2712,1.71348e-07,-0.718882
2713,1.71502e-07,-0.718478
2714,1.71693e-07,-0.718214
2715,1.7186e-07,-0.717968
2716,1.7204e-07,-0.717171
2717,1.72187e-07,-0.717146
2718,1.72404e-07,-0.716719
2719,1.72536e-07,-0.716425
2720,1.72736e-07,-0.716245
2721,1.72889e-07,-0.716226
2722,1.73077e-07,-0.715752
2723,1.73218e-07,-0.715227
2724,1.73369e-07,-0.714799
2725,1.73675e-07,-0.714824
2726,1.73746e-07,-0.713894
2727,1.73887e-07,-0.714167
2728,1.7411e-07,-0.713758
2729,1.74238e-07,-0.713394
2730,1.74346e-07,-0.713177
2731,1.74611e-07,-0.71297
2732,1.74841e-07,-0.712445
2733,1.74941e-07,-0.712378
2734,1.75147e-07,-0.711762
2735,1.75313e-07,-0.711435
2736,1.7552e-07,-0.711249
2737,1.7563e-07,-0.710737
2738,1.75897e-07,-0.710597
2739,1.7599e-07,-0.710216
2740,1.76847e-07,-0.704998
2741,1.76352e-07,-0.709559
2742,1.76602e-07,-0.70933
2743,1.76652e-07,-0.708526
2744,1.76916e-07,-0.708723
2745,1.77054e-07,-0.708351
2746,1.77253e-07,-0.70827
2747,1.77462e-07,-0.707937
2748,1.77621e-07,-0.707466
2749,1.77769e-07,-0.707104
2750,1.77854e-07,-0.706764
2751,1.78143e-07,-0.706464
2752,1.78356e-07,-0.706013
2753,1.78629e-07,-0.706268
2754,1.78729e-07,-0.705733
2755,1.78875e-07,-0.705361
2756,1.79029e-07,-0.705071
2757,1.79269e-07,-0.704492
2758,1.79427e-07,-0.704348
2759,1.79579e-07,-0.703953
2760,1.79745e-07,-0.703649
2761,1.79937e-07,-0.703353
2762,1.80184e-07,-0.702796
2763,1.80734e-07,-0.703444
2764,1.80428e-07,-0.702476
2765,1.80686e-07,-0.702248
2766,1.80848e-07,-0.701279
2767,1.8095e-07,-0.701749
2768,1.81238e-07,-0.701071
2769,1.8142e-07,-0.700641
2770,1.81726e-07,-0.70123
2771,1.81764e-07,-0.700268
2772,1.81967e-07,-0.699819
2773,1.82104e-07,-0.699613
2774,1.8226e-07,-0.699466
2775,1.82519e-07,-0.698843
2776,1.8274e-07,-0.698775
2777,1.82619e-07,-0.697862
2778,1.8306e-07,-0.69805
2779,1.83297e-07,-0.697621
2780,1.83417e-07,-0.697346
2781,1.83512e-07,-0.697688
2782,1.83906e-07,-0.696368
2783,1.84e-07,-0.696423
2784,1.84211e-07,-0.696135
2785,1.84387e-07,-0.695759
2786,1.84577e-07,-0.695495
2787,1.84337e-07,-0.695567
2788,1.84938e-07,-0.694743
2789,1.85114e-07,-0.694606
2790,1.85277e-07,-0.694232
2791,1.85521e-07,-0.694034
2792,1.8553e-07,-0.691696
2793,1.85825e-07,-0.69375
2794,1.86035e-07,-0.692955
2795,1.86195e-07,-0.69258
2796,1.864e-07,-0.692382
2797,1.86237e-07,-0.693676
2798,1.86804e-07,-0.691932
2799,1.87064e-07,-0.691686
2800,1.872e-07,-0.691254
2801,1.87587e-07,-0.690683
2802,1.87538e-07,-0.690719
2803,1.87761e-07,-0.689977
2804,1.88097e-07,-0.690399
2805,1.88147e-07,-0.689723
2806,1.88464e-07,-0.689054
2807,1.88544e-07,-0.689308
2808,1.88746e-07,-0.688477
2809,1.88964e-07,-0.687981
2810,1.89168e-07,-0.688121
2811,1.89331e-07,-0.687683
2812,1.89984e-07,-0.692991
2813,1.89684e-07,-0.687188
2814,1.89879e-07,-0.686813
2815,1.90071e-07,-0.686553
2816,1.90329e-07,-0.686157
2817,1.90469e-07,-0.685762
2818,1.90747e-07,-0.68541
2819,1.91013e-07,-0.685016
2820,1.91053e-07,-0.68476
2821,1.91179e-07,-0.684366
2822,1.91506e-07,-0.684026
2823,1.9163e-07,-0.683662
2824,1.91898e-07,-0.683694
2825,1.92066e-07,-0.683281
2826,1.92273e-07,-0.68312
2827,1.92673e-07,-0.683052
2828,1.92586e-07,-0.682891
2829,1.92848e-07,-0.682103
2830,1.93044e-07,-0.680953
2831,1.93303e-07,-0.681234
2832,1.93447e-07,-0.680997
2833,1.93634e-07,-0.681058
2834,1.93817e-07,-0.680513
2835,1.94008e-07,-0.680143
2836,1.94247e-07,-0.679555
2837,1.94479e-07,-0.67966
2838,1.94622e-07,-0.679068
2839,1.94882e-07,-0.678997
2840,1.95036e-07,-0.678914
2841,1.95269e-07,-0.678381
2842,1.95099e-07,-0.683061
2843,1.95617e-07,-0.67761
2844,1.95905e-07,-0.67729
2845,1.96051e-07,-0.677042
2846,1.96235e-07,-0.676553
2847,1.96472e-07,-0.676445
2848,1.96659e-07,-0.676108
2849,1.9689e-07,-0.675765
2850,1.97063e-07,-0.675318
2851,1.97237e-07,-0.674701
2852,1.97484e-07,-0.67458
2853,1.97687e-07,-0.674472
2854,1.97855e-07,-0.674387
2855,1.98116e-07,-0.673605
2856,1.9832e-07,-0.673585
2857,1.98464e-07,-0.673607
2858,1.98724e-07,-0.672858
2859,1.99032e-07,-0.672593
2860,1.99128e-07,-0.672322
2861,1.99305e-07,-0.672086
2862,1.99575e-07,-0.672027
2863,1.99778e-07,-0.671475
2864,1.99917e-07,-0.670973
2865,2.0016e-07,-0.670768
2866,2.00397e-07,-0.67018
2867,2.00661e-07,-0.66967
2868,2.00797e-07,-0.669723
2869,2.00966e-07,-0.669229
2870,2.01715e-07,-0.666666
2871,2.0143e-07,-0.668673
2872,2.01715e-07,-0.66845
2873,2.01859e-07,-0.66821
2874,2.02112e-07,-0.667833
2875,2.02409e-07,-0.667274
2876,2.02468e-07,-0.667414
2877,2.0269e-07,-0.666842
2878,2.02899e-07,-0.666769
2879,2.03081e-07,-0.665992
2880,2.03347e-07,-0.666139
2881,2.03515e-07,-0.665973
2882,2.03729e-07,-0.6657
2883,2.03971e-07,-0.665128
2884,2.04058e-07,-0.665154
2885,2.04513e-07,-0.664462
2886,2.04548e-07,-0.664112
2887,2.0477e-07,-0.663689
2888,2.05052e-07,-0.663491
2889,2.05272e-07,-0.663096
2890,2.05601e-07,-0.664435
2891,2.05736e-07,-0.66255
2892,2.05865e-07,-0.662203
2893,2.06139e-07,-0.66192
2894,2.05498e-07,-0.660381
2895,2.06565e-07,-0.661052
2896,2.06757e-07,-0.660598
2897,2.0699e-07,-0.660571
2898,2.0722e-07,-0.660478
2899,2.07433e-07,-0.659929
2900,2.07641e-07,-0.659722
2901,2.07827e-07,-0.65973
2902,2.08063e-07,-0.659325
2903,2.083e-07,-0.65868
2904,2.08557e-07,-0.658329
2905,2.08732e-07,-0.658053
2906,2.08959e-07,-0.657819
2907,2.09201e-07,-0.657459
2908,2.09355e-07,-0.658077
2909,2.09707e-07,-0.656814
2910,2.09876e-07,-0.656449
2911,2.10059e-07,-0.656214
2912,2.10269e-07,-0.656096
2913,2.10517e-07,-0.655629
2914,2.10729e-07,-0.655455
2915,2.10957e-07,-0.655013
2916,2.11091e-07,-0.654909
2917,2.1143e-07,-0.65424
2918,2.11625e-07,-0.654051
2919,2.11818e-07,-0.653715
2920,2.1213e-07,-0.653468
2921,2.12328e-07,-0.653086
2922,2.12544e-07,-0.65288
2923,2.12765e-07,-0.652493
2924,2.12995e-07,-0.65214
2925,2.13209e-07,-0.651685
2926,2.13374e-07,-0.65168
2927,2.13752e-07,-0.650493
2928,2.13973e-07,-0.651094
2929,2.14113e-07,-0.650836
2930,2.14248e-07,-0.649575
2931,2.14576e-07,-0.649893
2932,2.14825e-07,-0.649694
2933,2.15058e-07,-0.649429
2934,2.15266e-07,-0.648994
2935,2.15423e-07,-0.648774
2936,2.15751e-07,-0.648548
2937,2.15868e-07,-0.64805
2938,2.16194e-07,-0.647853
2939,2.1643e-07,-0.647412
2940,2.16592e-07,-0.647062
2941,2.16764e-07,-0.646382
2942,2.1708e-07,-0.646533
2943,2.17337e-07,-0.646286
2944,2.17322e-07,-0.648142
2945,2.17795e-07,-0.645486
2946,2.18055e-07,-0.645297
2947,2.18272e-07,-0.644852
2948,2.18505e-07,-0.644752
2949,2.18759e-07,-0.644266
2950,2.18987e-07,-0.643956
2951,2.19211e-07,-0.643831
2952,2.19471e-07,-0.643462
2953,2.19666e-07,-0.643055
2954,2.19939e-07,-0.642815
2955,2.2016e-07,-0.642458
2956,2.20389e-07,-0.641971
2957,2.20634e-07,-0.641662
2958,2.20899e-07,-0.641547
2959,2.21043e-07,-0.641326
2960,2.21363e-07,-0.641004
2961,2.21418e-07,-0.638754
2962,2.2179e-07,-0.640125
2963,2.22074e-07,-0.640184
2964,2.2232e-07,-0.639497
2965,2.22565e-07,-0.639264
2966,2.22789e-07,-0.638942
2967,2.22972e-07,-0.638947
2968,2.23325e-07,-0.638733
2969,2.23593e-07,-0.6383
2970,2.23774e-07,-0.63782
2971,2.23995e-07,-0.637479
2972,2.24267e-07,-0.637382
2973,2.24534e-07,-0.63686
2974,2.24686e-07,-0.636536
2975,2.24973e-07,-0.636161
2976,2.25221e-07,-0.635773
2977,2.25428e-07,-0.635692
2978,2.25707e-07,-0.635235
2979,2.25942e-07,-0.635019
2980,2.26181e-07,-0.634472
2981,2.26438e-07,-0.63441
2982,2.26724e-07,-0.633961
2983,2.26941e-07,-0.633622
2984,2.2716e-07,-0.633326
2985,2.27457e-07,-0.63305
2986,2.27637e-07,-0.632486
2987,2.27939e-07,-0.63239
2988,2.2818e-07,-0.630834
2989,2.28428e-07,-0.631936
2990,2.28652e-07,-0.631384
2991,2.28874e-07,-0.63096
2992,2.29152e-07,-0.630746
2993,2.29367e-07,-0.630595
2994,2.29707e-07,-0.629997
2995,2.29902e-07,-0.630002
2996,2.30049e-07,-0.629206
2997,2.30407e-07,-0.628927
2998,2.30635e-07,-0.628773
2999,2.30902e-07,-0.628716
3000,2.31134e-07,-0.628214
3001,2.31401e-07,-0.628007
3002,2.31629e-07,-0.627736
3003,2.31946e-07,-0.627283
3004,2.32172e-07,-0.627008
3005,2.32423e-07,-0.626674
3006,2.32664e-07,-0.626372
3007,2.33028e-07,-0.625542
3008,2.33423e-07,-0.626063
3009,2.33489e-07,-0.62537
3010,2.33711e-07,-0.625072
3011,2.33963e-07,-0.62481
3012,2.34202e-07,-0.624711
3013,2.34488e-07,-0.624285
3014,2.34733e-07,-0.623811
3015,2.34947e-07,-0.62356
3016,2.35251e-07,-0.623275
3017,2.35309e-07,-0.622543
3018,2.35828e-07,-0.622712
3019,2.36067e-07,-0.62215
3020,2.36266e-07,-0.621854
3021,2.36558e-07,-0.62171
3022,2.36805e-07,-0.62137
3023,2.3713e-07,-0.621001
3024,2.37334e-07,-0.62081
3025,2.37602e-07,-0.620456
3026,2.37811e-07,-0.619975
3027,2.38131e-07,-0.6198
3028,2.38309e-07,-0.619976
3029,2.38664e-07,-0.619121
3030,2.38922e-07,-0.618923
3031,2.39182e-07,-0.61855
3032,2.39414e-07,-0.618219
3033,2.39785e-07,-0.617996
3034,2.3998e-07,-0.618156
3035,2.4024e-07,-0.61733
3036,2.40553e-07,-0.616417
3037,2.40809e-07,-0.616699
3038,2.41069e-07,-0.616361
3039,2.41308e-07,-0.616033
3040,2.41584e-07,-0.616103
3041,2.41845e-07,-0.615439
3042,2.42132e-07,-0.615083
3043,2.42364e-07,-0.614871
3044,2.42686e-07,-0.614441
3045,2.42981e-07,-0.614527
3046,2.4319e-07,-0.614067
3047,2.43493e-07,-0.613474
3048,2.43818e-07,-0.613373
3049,2.44017e-07,-0.612881
3050,2.44319e-07,-0.612578
3051,2.44556e-07,-0.612211
3052,2.44824e-07,-0.611748
3053,2.45129e-07,-0.611732
3054,2.4538e-07,-0.611322
3055,2.45657e-07,-0.611212
3056,2.45896e-07,-0.610471
3057,2.46195e-07,-0.610392
3058,2.46443e-07,-0.610145
3059,2.46725e-07,-0.60973
3060,2.47089e-07,-0.609327
3061,2.47306e-07,-0.609065
3062,2.47577e-07,-0.608827
3063,2.47902e-07,-0.608594
3064,2.48179e-07,-0.608277
3065,2.48434e-07,-0.607751
3066,2.48732e-07,-0.607739
3067,2.49001e-07,-0.607395
3068,2.4921e-07,-0.606763
3069,2.494e-07,-0.606585
3070,2.49811e-07,-0.606257
3071,2.50082e-07,-0.606004
3072,2.50372e-07,-0.605471
3073,2.50744e-07,-0.605507
3074,2.50912e-07,-0.604991
3075,2.51227e-07,-0.604617
3076,2.51524e-07,-0.604193
3077,2.51751e-07,-0.6042
3078,2.51983e-07,-0.60478
3079,2.5226e-07,-0.603745
3080,2.52771e-07,-0.603184
3081,2.52931e-07,-0.602743
3082,2.53272e-07,-0.602536
3083,2.53501e-07,-0.602204
3084,2.53812e-07,-0.602086
3085,2.5408e-07,-0.601616
3086,2.54288e-07,-0.601141
3087,2.54652e-07,-0.600921
3088,2.54963e-07,-0.600781
3089,2.55242e-07,-0.600314
3090,2.55322e-07,-0.600492
3091,2.55809e-07,-0.599723
3092,2.56111e-07,-0.599231
3093,2.56342e-07,-0.599164
3094,2.56679e-07,-0.59904
3095,2.56942e-07,-0.59829
3096,2.57289e-07,-0.598051
3097,2.57452e-07,-0.59834
3098,2.57856e-07,-0.597585
3099,2.58068e-07,-0.597155
3100,2.58437e-07,-0.596799
3101,2.58767e-07,-0.596484
3102,2.58974e-07,-0.596375
3103,2.5932e-07,-0.59596
3104,2.59672e-07,-0.595514
3105,2.5993e-07,-0.595302
3106,2.60219e-07,-0.595059
3107,2.60513e-07,-0.594632
3108,2.60805e-07,-0.59404
3109,2.61118e-07,-0.594049
3110,2.61402e-07,-0.59375
3111,2.61686e-07,-0.593488
3112,2.62004e-07,-0.593051
3113,2.62298e-07,-0.592829
3114,2.62567e-07,-0.592462
3115,2.62845e-07,-0.592404
3116,2.63194e-07,-0.592012
3117,2.63571e-07,-0.591249
3118,2.63797e-07,-0.591221
3119,2.64095e-07,-0.591018
3120,2.64463e-07,-0.59061
3121,2.64769e-07,-0.590332
3122,2.64967e-07,-0.59006
3123,2.65325e-07,-0.589411
3124,2.6562e-07,-0.589416
3125,2.65914e-07,-0.58895
3126,2.66204e-07,-0.588829
3127,2.66513e-07,-0.588411
3128,2.66841e-07,-0.588082
3129,2.67183e-07,-0.587674
3130,2.6738e-07,-0.587147
3131,2.67788e-07,-0.587163
3132,2.68084e-07,-0.586772
3133,2.6834e-07,-0.586506
3134,2.68678e-07,-0.586057
3135,2.69103e-07,-0.586066
3136,2.69354e-07,-0.58519
3137,2.69643e-07,-0.585242
3138,2.70734e-07,-0.580889
3139,2.70263e-07,-0.584559
3140,2.70562e-07,-0.584276
3141,2.70881e-07,-0.58406
3142,2.71209e-07,-0.583652
3143,2.71509e-07,-0.583365
3144,2.71778e-07,-0.583112
3145,2.7214e-07,-0.582772
3146,2.72451e-07,-0.582479
3147,2.72793e-07,-0.582277
3148,2.73102e-07,-0.581856
3149,2.73024e-07,-0.578478
3150,2.73735e-07,-0.581123
3151,2.74087e-07,-0.580875
3152,2.74384e-07,-0.580718
3153,2.74703e-07,-0.580353
3154,2.7501e-07,-0.580005
3155,2.75791e-07,-0.580244
3156,2.75701e-07,-0.579315
3157,2.75938e-07,-0.578974
3158,2.76262e-07,-0.578643
3159,2.76584e-07,-0.578492
3160,2.76919e-07,-0.577991
3161,2.77264e-07,-0.577599
3162,2.77619e-07,-0.577349
3163,2.77931e-07,-0.577215
3164,2.78293e-07,-0.576559
3165,2.78531e-07,-0.576471
3166,2.78928e-07,-0.576094
3167,2.79215e-07,-0.57588
3168,2.79587e-07,-0.575482
3169,2.79879e-07,-0.575267
3170,2.80175e-07,-0.575087
3171,2.80502e-07,-0.574625
3172,2.80849e-07,-0.574227
3173,2.81205e-07,-0.573998
3174,2.81543e-07,-0.573676
3175,2.81881e-07,-0.573607
3176,2.82153e-07,-0.572995
3177,2.82533e-07,-0.572469
3178,2.82907e-07,-0.572182
3179,2.83189e-07,-0.572058
3180,2.83524e-07,-0.571833
3181,2.83765e-07,-0.571656
3182,2.84173e-07,-0.571104
3183,2.84365e-07,-0.570229
3184,2.84876e-07,-0.570466
3185,2.85182e-07,-0.570321
3186,2.85511e-07,-0.569849
3187,2.85885e-07,-0.569545
3188,2.86238e-07,-0.569191
3189,2.86541e-07,-0.56884
3190,2.86933e-07,-0.568688
3191,2.87237e-07,-0.568395
3192,2.87916e-07,-0.566968
3193,2.87901e-07,-0.567605
3194,2.88254e-07,-0.567243
3195,2.88597e-07,-0.567077
3196,2.88959e-07,-0.566431
3197,2.89282e-07,-0.566507
3198,2.89569e-07,-0.56598
3199,2.8997e-07,-0.565735
3200,2.90327e-07,-0.565499
3201,2.90667e-07,-0.565193
3202,2.91015e-07,-0.564796
3203,2.91343e-07,-0.564575
3204,2.91701e-07,-0.564175
3205,2.91993e-07,-0.563948
3206,2.9238e-07,-0.563636
3207,2.92748e-07,-0.563109
3208,2.93105e-07,-0.562884
3209,2.93434e-07,-0.562753
3210,2.93813e-07,-0.562397
3211,2.94191e-07,-0.56196
3212,2.94493e-07,-0.56163
3213,2.9483e-07,-0.561448
3214,2.95188e-07,-0.561019
3215,2.95616e-07,-0.561851
3216,2.95928e-07,-0.560363
3217,2.96281e-07,-0.560025
3218,2.96601e-07,-0.560191
3219,2.97065e-07,-0.559444
3220,2.97363e-07,-0.559159
3221,2.97714e-07,-0.558899
3222,2.98001e-07,-0.55866
3223,2.98439e-07,-0.558353
3224,2.98748e-07,-0.557821
3225,2.99142e-07,-0.557566
3226,2.99502e-07,-0.557342
3227,2.99798e-07,-0.557038
3228,3.002e-07,-0.556777
3229,3.00591e-07,-0.556428
3230,3.01022e-07,-0.556072
3231,3.01281e-07,-0.555671
3232,3.0166e-07,-0.555511
3233,3.02049e-07,-0.555155
3234,3.02419e-07,-0.554717
3235,3.02749e-07,-0.55434
3236,3.03135e-07,-0.55413
3237,3.03452e-07,-0.553815
3238,3.03861e-07,-0.553543
3239,3.04298e-07,-0.553541
3240,3.04531e-07,-0.553232
3241,3.04978e-07,-0.552566
3242,3.05334e-07,-0.552281
3243,3.05656e-07,-0.552062
3244,3.06105e-07,-0.551605
3245,3.06495e-07,-0.551129
3246,3.06836e-07,-0.550979
3247,3.07203e-07,-0.550707
3248,3.07686e-07,-0.55013
3249,3.07909e-07,-0.550095
3250,3.08322e-07,-0.549752
3251,3.08698e-07,-0.549468
3252,3.0909e-07,-0.549144
3253,3.09424e-07,-0.548875
3254,3.09825e-07,-0.548538
3255,3.09992e-07,-0.548394
3256,3.10572e-07,-0.547857
3257,3.10886e-07,-0.547429
3258,3.11353e-07,-0.547257
3259,3.11822e-07,-0.547187
3260,3.12144e-07,-0.546458
3261,3.12509e-07,-0.546239
3262,3.12883e-07,-0.546028
3263,3.13208e-07,-0.545646
3264,3.13646e-07,-0.54541
3265,3.13957e-07,-0.544868
3266,3.14426e-07,-0.544759
3267,3.14799e-07,-0.544389
3268,3.15175e-07,-0.544061
3269,3.15659e-07,-0.543843
3270,3.15943e-07,-0.543521
3271,3.16336e-07,-0.542862
3272,3.16682e-07,-0.542891
3273,3.1713e-07,-0.542498
3274,3.17493e-07,-0.542088
3275,3.17877e-07,-0.54181
3276,3.18182e-07,-0.541865
3277,3.18622e-07,-0.541603
3278,3.19106e-07,-0.540915
3279,3.19499e-07,-0.540576
3280,3.19932e-07,-0.540363
3281,3.20224e-07,-0.540062
3282,3.2064e-07,-0.539582
3283,3.21032e-07,-0.53945
3284,3.21426e-07,-0.53915
3285,3.21854e-07,-0.538977
3286,3.22268e-07,-0.538684
3287,3.22642e-07,-0.538101
3288,3.23074e-07,-0.53777
3289,3.23416e-07,-0.537498
3290,3.23864e-07,-0.537265
3291,3.24228e-07,-0.53697
3292,3.24685e-07,-0.536669
3293,3.25055e-07,-0.53599
3294,3.25486e-07,-0.535997
3295,3.25867e-07,-0.535512
3296,3.2629e-07,-0.53533
3297,3.26672e-07,-0.535041
3298,3.27093e-07,-0.534695
3299,3.27545e-07,-0.534294
3300,3.2818e-07,-0.534627
3301,3.28345e-07,-0.533737
3302,3.28744e-07,-0.533563
3303,3.29221e-07,-0.533057
3304,3.29553e-07,-0.532719
3305,3.29938e-07,-0.532405
3306,3.30359e-07,-0.53227
3307,3.30824e-07,-0.531875
3308,3.31258e-07,-0.531521
3309,3.31623e-07,-0.531324
3310,3.32059e-07,-0.530905
3311,3.32459e-07,-0.530575
3312,3.32892e-07,-0.530322
3313,3.33271e-07,-0.529919
3314,3.33749e-07,-0.529626
3315,3.34191e-07,-0.529345
3316,3.34557e-07,-0.528879
3317,3.34997e-07,-0.528595
3318,3.35408e-07,-0.52837
3319,3.35881e-07,-0.528168
3320,3.36239e-07,-0.52786
3321,3.36656e-07,-0.527382
3322,3.36717e-07,-0.528603
3323,3.37532e-07,-0.526797
3324,3.37958e-07,-0.526527
3325,3.38389e-07,-0.526534
3326,3.38823e-07,-0.525757
3327,3.39279e-07,-0.525481
3328,3.39683e-07,-0.525226
3329,3.4018e-07,-0.524935
3330,3.40519e-07,-0.524599
3331,3.40975e-07,-0.52455
3332,3.41396e-07,-0.523977
3333,3.41851e-07,-0.523729
3334,3.42257e-07,-0.523449
3335,3.42717e-07,-0.523097
3336,3.43156e-07,-0.522549
3337,3.43591e-07,-0.522377
3338,3.43995e-07,-0.522289
3339,3.44464e-07,-0.521813
3340,3.44834e-07,-0.521607
3341,3.45381e-07,-0.521298
3342,3.45696e-07,-0.521075
3343,3.46221e-07,-0.520471
3344,3.46655e-07,-0.520266
3345,3.47118e-07,-0.519926
3346,3.47569e-07,-0.519379
3347,3.47991e-07,-0.519261
3348,3.48415e-07,-0.519083
3349,3.48889e-07,-0.51839
3350,3.49305e-07,-0.518306
3351,3.49779e-07,-0.518059
3352,3.50217e-07,-0.517444
3353,3.507e-07,-0.517492
3354,3.51139e-07,-0.516967
3355,3.51569e-07,-0.516816
3356,3.52025e-07,-0.516502
3357,3.52471e-07,-0.516182
3358,3.52921e-07,-0.51585
3359,3.53232e-07,-0.515873
3360,3.53824e-07,-0.515212
3361,3.54268e-07,-0.514919
3362,3.54746e-07,-0.514542
3363,3.55245e-07,-0.514253
3364,3.55496e-07,-0.513539
3365,3.56163e-07,-0.513857
3366,3.56565e-07,-0.513273
3367,3.57024e-07,-0.513057
3368,3.57474e-07,-0.513034
3369,3.58061e-07,-0.512477
3370,3.58517e-07,-0.511957
3371,3.58923e-07,-0.511777
3372,3.59392e-07,-0.511592
3373,3.59892e-07,-0.511197
3374,3.60308e-07,-0.510886
3375,3.60734e-07,-0.510209
3376,3.61375e-07,-0.510223
3377,3.6172e-07,-0.509882
3378,3.6216e-07,-0.509558
3379,3.6264e-07,-0.509274
3380,3.63253e-07,-0.508918
3381,3.6355e-07,-0.508507
3382,3.64052e-07,-0.508422
3383,3.64514e-07,-0.507971
3384,3.64944e-07,-0.507573
3385,3.65532e-07,-0.507452
3386,3.65954e-07,-0.506863
3387,3.66423e-07,-0.50677
3388,3.66892e-07,-0.506429
3389,3.67373e-07,-0.506128
3390,3.67897e-07,-0.505812
3391,3.68354e-07,-0.505487
3392,3.68881e-07,-0.50516
3393,3.69499e-07,-0.505239
3394,3.69951e-07,-0.504914
3395,3.70233e-07,-0.504502
3396,3.70755e-07,-0.503922
3397,3.71291e-07,-0.503566
3398,3.71759e-07,-0.503303
3399,3.72263e-07,-0.502906
3400,3.72714e-07,-0.502537
3401,3.73216e-07,-0.502398
3402,3.73709e-07,-0.502033
3403,3.74247e-07,-0.501675
3404,3.74712e-07,-0.501426
3405,3.75219e-07,-0.501014
3406,3.75775e-07,-0.501029
3407,3.76195e-07,-0.500404
3408,3.76782e-07,-0.500843
3409,3.77256e-07,-0.499648
3410,3.7781e-07,-0.49938
3411,3.78175e-07,-0.499217
3412,3.78684e-07,-0.498856
3413,3.79206e-07,-0.49864
3414,3.79641e-07,-0.498373
3415,3.80076e-07,-0.49772
3416,3.80654e-07,-0.497584
3417,3.81227e-07,-0.497277
3418,3.81713e-07,-0.49702
3419,3.82281e-07,-0.496795
3420,3.82728e-07,-0.49644
3421,3.83233e-07,-0.496047
3422,3.83741e-07,-0.495692
3423,3.84624e-07,-0.495275
3424,3.84727e-07,-0.495139
3425,3.84969e-07,-0.495199
3426,3.85765e-07,-0.494191
3427,3.8637e-07,-0.494191
3428,3.86891e-07,-0.493759
3429,3.87368e-07,-0.49356
3430,3.8792e-07,-0.493261
3431,3.88227e-07,-0.492665
3432,3.88925e-07,-0.492552
3433,3.89741e-07,-0.492322
3434,3.89931e-07,-0.491872
3435,3.90505e-07,-0.491669
3436,3.91003e-07,-0.491388
3437,3.91559e-07,-0.490975
3438,3.92207e-07,-0.490701
3439,3.92609e-07,-0.490503
3440,3.93097e-07,-0.48996
3441,3.93662e-07,-0.489714
3442,3.94585e-07,-0.489947
3443,3.9471e-07,-0.489075
3444,3.95239e-07,-0.488827
3445,3.95808e-07,-0.4885
3446,3.96309e-07,-0.488248
3447,3.9692e-07,-0.487734
3448,3.97352e-07,-0.48757
3449,3.97973e-07,-0.487206
3450,3.98452e-07,-0.486927
3451,3.98997e-07,-0.486614
3452,3.99551e-07,-0.486242
3453,4.00102e-07,-0.486022
3454,4.00684e-07,-0.485789
3455,4.0115e-07,-0.485392
3456,4.01728e-07,-0.485011
3457,4.0225e-07,-0.484782
3458,4.028e-07,-0.484416
3459,4.03363e-07,-0.484061
3460,4.03929e-07,-0.48386
3461,4.04455e-07,-0.483471
3462,4.05008e-07,-0.483172
3463,4.05511e-07,-0.482927
3464,4.06111e-07,-0.482535
3465,4.06671e-07,-0.482065
3466,4.0721e-07,-0.481879
3467,4.07714e-07,-0.481555
3468,4.08376e-07,-0.481292
3469,4.08909e-07,-0.481012
3470,4.09458e-07,-0.480622
3471,4.09994e-07,-0.480329
3472,4.1068e-07,-0.479803
3473,4.11154e-07,-0.479736
3474,4.11713e-07,-0.479363
3475,4.12299e-07,-0.47901
3476,4.12884e-07,-0.478921
3477,4.13565e-07,-0.479153
3478,4.13925e-07,-0.478213
3479,4.1452e-07,-0.477815
3480,4.15157e-07,-0.477432
3481,4.15755e-07,-0.477351
3482,4.16218e-07,-0.476402
3483,4.16675e-07,-0.476807
3484,4.17429e-07,-0.476432
3485,4.17967e-07,-0.475861
3486,4.18588e-07,-0.475892
3487,4.19144e-07,-0.47526
3488,4.19703e-07,-0.474965
3489,4.19928e-07,-0.474899
3490,4.2086e-07,-0.474329
3491,4.21529e-07,-0.474347
3492,4.22098e-07,-0.473672
3493,4.22719e-07,-0.473507
3494,4.23199e-07,-0.472934
3495,4.2382e-07,-0.47281
3496,4.24388e-07,-0.472522
3497,4.24977e-07,-0.472134
3498,4.25686e-07,-0.472012
3499,4.26245e-07,-0.472923
3500,4.26761e-07,-0.471158
3501,4.27346e-07,-0.470646
3502,4.27971e-07,-0.470503
3503,4.28675e-07,-0.470651
3504,4.29175e-07,-0.46995
3505,4.29782e-07,-0.46968
3506,4.303e-07,-0.469298
3507,4.30984e-07,-0.468974
3508,4.31573e-07,-0.4687
3509,4.32144e-07,-0.468354
3510,4.32758e-07,-0.468235
3511,4.33383e-07,-0.467761
3512,4.34016e-07,-0.467438
3513,4.34663e-07,-0.467217
3514,4.35237e-07,-0.466764
3515,4.35826e-07,-0.466569
3516,4.36444e-07,-0.466204
3517,4.37065e-07,-0.465864
3518,4.37676e-07,-0.465585
3519,4.38245e-07,-0.465034
3520,4.38915e-07,-0.46493
3521,4.39482e-07,-0.464593
3522,4.40128e-07,-0.46428
3523,4.40822e-07,-0.464046
3524,4.41443e-07,-0.463706
3525,4.42055e-07,-0.463366
3526,4.42639e-07,-0.462891
3527,4.43081e-07,-0.462364
3528,4.43935e-07,-0.462454
3529,4.44549e-07,-0.461984
3530,4.45182e-07,-0.461763
3531,4.45812e-07,-0.461535
3532,4.46411e-07,-0.461161
3533,4.47061e-07,-0.460913
3534,4.47738e-07,-0.460561
3535,4.48326e-07,-0.460171
3536,4.49028e-07,-0.46007
3537,4.49615e-07,-0.459602
3538,4.50296e-07,-0.459242
3539,4.50909e-07,-0.458949
3540,4.51685e-07,-0.458412
3541,4.52188e-07,-0.458364
3542,4.52832e-07,-0.458073
3543,4.5352e-07,-0.457765
3544,4.54144e-07,-0.457387
3545,4.54758e-07,-0.45699
3546,4.55467e-07,-0.456719
3547,4.5608e-07,-0.456458
3548,4.56756e-07,-0.456152
3549,4.57362e-07,-0.455876
3550,4.58043e-07,-0.455492
3551,4.58792e-07,-0.45501
3552,4.59361e-07,-0.454888
3553,4.60202e-07,-0.457576
3554,4.60683e-07,-0.454281
3555,4.6138e-07,-0.453917
3556,4.61955e-07,-0.453466
3557,4.62703e-07,-0.453288
3558,4.63351e-07,-0.45296
3559,4.641e-07,-0.452684
3560,4.64681e-07,-0.452471
3561,4.6539e-07,-0.452012
3562,4.66036e-07,-0.45178
3563,4.66719e-07,-0.451422
3564,4.67467e-07,-0.451053
3565,4.68081e-07,-0.450699
3566,4.68719e-07,-0.449624
3567,4.69494e-07,-0.450175
3568,4.70121e-07,-0.449917
3569,4.70847e-07,-0.449514
3570,4.71527e-07,-0.449074
3571,4.72242e-07,-0.448828
3572,4.72873e-07,-0.448569
3573,4.7355e-07,-0.448656
3574,4.74099e-07,-0.447841
3575,4.74943e-07,-0.447763
3576,4.75632e-07,-0.447365
3577,4.76344e-07,-0.447037
3578,4.77062e-07,-0.446756
3579,4.77802e-07,-0.446387
3580,4.78452e-07,-0.446088
3581,4.79269e-07,-0.445563
3582,4.79832e-07,-0.445549
3583,4.8053e-07,-0.445109
3584,4.8125e-07,-0.444843
3585,4.81979e-07,-0.444562
3586,4.82661e-07,-0.444198
3587,4.83363e-07,-0.443927
3588,4.84086e-07,-0.443562
3589,4.84757e-07,-0.443362
3590,4.85454e-07,-0.442929
3591,4.86216e-07,-0.442635
3592,4.86969e-07,-0.442147
3593,4.87659e-07,-0.442003
3594,4.88415e-07,-0.44174
3595,4.89075e-07,-0.441322
3596,4.89824e-07,-0.441011
3597,4.9054e-07,-0.440713
3598,4.91283e-07,-0.440424
3599,4.9207e-07,-0.439972
3600,4.92651e-07,-0.439798
3601,4.93466e-07,-0.439457
3602,4.94181e-07,-0.43919
3603,4.94809e-07,-0.438523
3604,4.95702e-07,-0.438476
3605,4.96422e-07,-0.438195
3606,4.97151e-07,-0.437875
3607,4.97828e-07,-0.437945
3608,4.98618e-07,-0.437249
3609,4.99472e-07,-0.436898
3610,5.00102e-07,-0.436571
3611,5.00909e-07,-0.436503
3612,5.01553e-07,-0.435967
3613,5.02384e-07,-0.435759
3614,5.03131e-07,-0.435387
3615,5.03809e-07,-0.435313
3616,5.04619e-07,-0.434799
3617,5.0542e-07,-0.434493
3618,5.06033e-07,-0.434189
3619,5.06921e-07,-0.433863
3620,5.07666e-07,-0.433538
3621,5.08442e-07,-0.433239
3622,5.09218e-07,-0.432885
3623,5.09952e-07,-0.432602
3624,5.10711e-07,-0.432269
3625,5.11553e-07,-0.431914
3626,5.1228e-07,-0.431661
3627,5.13743e-07,-0.429037
3628,5.13813e-07,-0.430986
3629,5.14625e-07,-0.430684
3630,5.15393e-07,-0.430403
3631,5.1617e-07,-0.430072
3632,5.16948e-07,-0.429731
3633,5.17648e-07,-0.429775
3634,5.18521e-07,-0.429099
3635,5.19292e-07,-0.428684
3636,5.20088e-07,-0.428487
3637,5.2086e-07,-0.428157
3638,5.21687e-07,-0.42781
3639,5.2244e-07,-0.427617
3640,5.23254e-07,-0.427145
3641,5.24075e-07,-0.426925
3642,5.24986e-07,-0.426411
3643,5.25624e-07,-0.42618
3644,5.26467e-07,-0.425989
3645,5.27344e-07,-0.425694
3646,5.28062e-07,-0.425362
3647,5.28845e-07,-0.425096
3648,5.29811e-07,-0.425106
3649,5.30565e-07,-0.424377
3650,5.31317e-07,-0.424046
3651,5.32132e-07,-0.423799
3652,5.32957e-07,-0.423468
3653,5.33769e-07,-0.423155
3654,5.3463e-07,-0.422832
3655,5.35422e-07,-0.422562
3656,5.36385e-07,-0.422039
3657,5.37468e-07,-0.421821
3658,5.37923e-07,-0.421468
3659,5.38832e-07,-0.421296
3660,5.39579e-07,-0.421119
3661,5.40396e-07,-0.420605
3662,5.4128e-07,-0.420287
3663,5.42102e-07,-0.419957
3664,5.42953e-07,-0.419602
3665,5.43736e-07,-0.419403
3666,5.44649e-07,-0.419202
3667,5.45349e-07,-0.41904
3668,5.46308e-07,-0.418434
3669,5.47153e-07,-0.4181
3670,5.47956e-07,-0.417831
3671,5.48848e-07,-0.417464
3672,5.49426e-07,-0.417203
3673,5.50451e-07,-0.415959
3674,5.51393e-07,-0.41653
3675,5.52739e-07,-0.41615
3676,5.53115e-07,-0.415877
3677,5.54e-07,-0.415598
3678,5.54945e-07,-0.415039
3679,5.55737e-07,-0.414922
3680,5.5659e-07,-0.414698
3681,5.5753e-07,-0.414171
3682,5.5837e-07,-0.414024
3683,5.59266e-07,-0.413752
3684,5.6008e-07,-0.413412
3685,5.60997e-07,-0.41308
3686,5.61878e-07,-0.412754
3687,5.62773e-07,-0.412604
3688,5.63672e-07,-0.412169
3689,5.64511e-07,-0.411869
3690,5.6509e-07,-0.411895
3691,5.66336e-07,-0.41122
3692,5.67219e-07,-0.410791
3693,5.68184e-07,-0.410608
3694,5.69e-07,-0.410288
3695,5.69951e-07,-0.409946
3696,5.70823e-07,-0.409697
3697,5.71713e-07,-0.409283
3698,5.72653e-07,-0.408992
3699,5.73559e-07,-0.40866
3700,5.7447e-07,-0.408408
3701,5.75329e-07,-0.408033
3702,5.7628e-07,-0.407684
3703,5.7718e-07,-0.407293
3704,5.78107e-07,-0.407086
3705,5.79035e-07,-0.406805
3706,5.79977e-07,-0.40653
3707,5.80866e-07,-0.406131
3708,5.8176e-07,-0.405769
3709,5.82754e-07,-0.405539
3710,5.8363e-07,-0.405339
3711,5.8459e-07,-0.404941
3712,5.85571e-07,-0.404636
3713,5.86489e-07,-0.40433
3714,5.87406e-07,-0.404012
3715,5.88334e-07,-0.403684
3716,5.89303e-07,-0.403305
3717,5.90347e-07,-0.403245
3718,5.91239e-07,-0.402747
3719,5.92158e-07,-0.402448
3720,5.93118e-07,-0.402104
3721,5.93993e-07,-0.401797
3722,5.95064e-07,-0.401467
3723,5.95962e-07,-0.401189
3724,5.96989e-07,-0.400764
3725,5.97935e-07,-0.400527
3726,5.98862e-07,-0.400219
3727,6.00066e-07,-0.400303
3728,6.00696e-07,-0.399413
3729,6.0181e-07,-0.399222
3730,6.02791e-07,-0.39904
3731,6.03787e-07,-0.39864
3732,6.04742e-07,-0.398361
3733,6.05758e-07,-0.398001
3734,6.06719e-07,-0.397733
3735,6.07735e-07,-0.397441
3736,6.08698e-07,-0.397017
3737,6.096e-07,-0.396802
3738,6.10688e-07,-0.396458
3739,6.11699e-07,-0.396113
3740,6.12671e-07,-0.395814
3741,6.1364e-07,-0.395518
3742,6.14633e-07,-0.395244
3743,6.157e-07,-0.39484
3744,6.1668e-07,-0.394553
3745,6.17672e-07,-0.394003
3746,6.18753e-07,-0.393877
3747,6.19751e-07,-0.393645
3748,6.20753e-07,-0.393272
3749,6.21871e-07,-0.392968
3750,6.22842e-07,-0.392715
3751,6.23851e-07,-0.392337
3752,6.24888e-07,-0.392007
3753,6.25748e-07,-0.391661
3754,6.2701e-07,-0.39134
3755,6.27988e-07,-0.391114
3756,6.29026e-07,-0.390799
3757,6.30048e-07,-0.390372
3758,6.31119e-07,-0.390121
3759,6.32189e-07,-0.389895
3760,6.33186e-07,-0.389526
3761,6.34171e-07,-0.389069
3762,6.35285e-07,-0.388967
3763,6.36382e-07,-0.388506
3764,6.37423e-07,-0.388269
3765,6.38493e-07,-0.387949
3766,6.39557e-07,-0.387474
3767,6.40686e-07,-0.387322
3768,6.41708e-07,-0.387016
3769,6.42841e-07,-0.386835
3770,6.43788e-07,-0.386453
3771,6.44926e-07,-0.386076
3772,6.45829e-07,-0.385297
3773,6.47104e-07,-0.385457
3774,6.48179e-07,-0.385207
3775,6.4932e-07,-0.384684
3776,6.50364e-07,-0.384552
3777,6.5143e-07,-0.384195
3778,6.52514e-07,-0.383876
3779,6.53628e-07,-0.38358
3780,6.54757e-07,-0.383386
3781,6.55755e-07,-0.382943
3782,6.56901e-07,-0.382667
3783,6.58062e-07,-0.382399
3784,6.59158e-07,-0.382031
3785,6.60315e-07,-0.381702
3786,6.61416e-07,-0.381368
3787,6.62554e-07,-0.38107
3788,6.63694e-07,-0.380718
3789,6.64788e-07,-0.380423
3790,6.65897e-07,-0.380175
3791,6.66965e-07,-0.379679
3792,6.68217e-07,-0.379549
3793,6.69452e-07,-0.379297
3794,6.70451e-07,-0.378822
3795,6.71621e-07,-0.378501
3796,6.72767e-07,-0.378199
3797,6.73849e-07,-0.377907
3798,6.75097e-07,-0.377484
3799,6.76222e-07,-0.377311
3800,6.77381e-07,-0.376983
3801,6.7853e-07,-0.376653
3802,6.79696e-07,-0.376306
3803,6.80821e-07,-0.376135
3804,6.82013e-07,-0.375722
3805,6.83126e-07,-0.375387
3806,6.84367e-07,-0.375105
3807,6.85561e-07,-0.374758
3808,6.86689e-07,-0.374589
3809,6.87915e-07,-0.374125
3810,6.89141e-07,-0.373617
3811,6.90284e-07,-0.373514
3812,6.91407e-07,-0.373285
3813,6.92693e-07,-0.372887
3814,6.93911e-07,-0.372587
3815,6.95109e-07,-0.372275
3816,6.96297e-07,-0.371976
3817,6.97481e-07,-0.371597
3818,6.98722e-07,-0.371333
3819,6.99916e-07,-0.370941
3820,7.01132e-07,-0.370822
3821,7.02119e-07,-0.370592
3822,7.0359e-07,-0.370025
3823,7.04727e-07,-0.369864
3824,7.06063e-07,-0.369373
3825,7.07256e-07,-0.369094
3826,7.08487e-07,-0.368797
3827,7.09819e-07,-0.368627
3828,7.11074e-07,-0.368094
3829,7.12245e-07,-0.367812
3830,7.13511e-07,-0.367524
3831,7.14734e-07,-0.367222
3832,7.15971e-07,-0.366772
3833,7.17218e-07,-0.366635
3834,7.18536e-07,-0.366385
3835,7.19784e-07,-0.365981
3836,7.2105e-07,-0.365653
3837,7.22325e-07,-0.365358
3838,7.23607e-07,-0.364989
3839,7.24749e-07,-0.36489
3840,7.26131e-07,-0.364403
3841,7.27463e-07,-0.364077
3842,7.28736e-07,-0.363736
3843,7.30043e-07,-0.363457
3844,7.31314e-07,-0.363134
3845,7.3223e-07,-0.36348
3846,7.3393e-07,-0.362493
3847,7.35243e-07,-0.362185
3848,7.3659e-07,-0.36206
3849,7.37834e-07,-0.361625
3850,7.39153e-07,-0.361259
3851,7.40467e-07,-0.360914
3852,7.41834e-07,-0.360621
3853,7.43142e-07,-0.360275
3854,7.44409e-07,-0.360034
3855,7.45799e-07,-0.359698
3856,7.47086e-07,-0.359347
3857,7.48463e-07,-0.359082
3858,7.4978e-07,-0.358753
3859,7.51096e-07,-0.358402
3860,7.52456e-07,-0.358109
3861,7.53854e-07,-0.357786
3862,7.55211e-07,-0.357519
3863,7.56579e-07,-0.357164
3864,7.57907e-07,-0.35699
3865,7.5929e-07,-0.35655
3866,7.60684e-07,-0.356156
3867,7.61953e-07,-0.355821
3868,7.63421e-07,-0.355607
3869,7.64826e-07,-0.355335
3870,7.6617e-07,-0.35491
3871,7.67631e-07,-0.354635
3872,7.68977e-07,-0.354349
3873,7.70384e-07,-0.354034
3874,7.71725e-07,-0.353701
3875,7.73179e-07,-0.353466
3876,7.74586e-07,-0.353063
3877,7.7601e-07,-0.352769
3878,7.77425e-07,-0.352445
3879,7.78812e-07,-0.3522
3880,7.80261e-07,-0.35187
3881,7.81691e-07,-0.351506
3882,7.83129e-07,-0.351202
3883,7.84565e-07,-0.35092
3884,7.86142e-07,-0.350644
3885,7.87412e-07,-0.350148
3886,7.88858e-07,-0.349926
3887,7.90337e-07,-0.349655
3888,7.91805e-07,-0.349307
3889,7.93287e-07,-0.348948
3890,7.94714e-07,-0.348634
3891,7.9621e-07,-0.348384
3892,7.97664e-07,-0.348048
3893,7.99109e-07,-0.347772
3894,8.00616e-07,-0.347437
3895,8.02087e-07,-0.347089
3896,8.03566e-07,-0.346842
3897,8.05047e-07,-0.346464
3898,8.06583e-07,-0.346131
3899,8.08073e-07,-0.345875
3900,8.09832e-07,-0.345727
3901,8.11051e-07,-0.345188
3902,8.12591e-07,-0.344913
3903,8.14101e-07,-0.344607
3904,8.15606e-07,-0.344322
3905,8.17095e-07,-0.343926
3906,8.18696e-07,-0.34407
3907,8.20176e-07,-0.343282
3908,8.21627e-07,-0.343198
3909,8.23277e-07,-0.342729
3910,8.2482e-07,-0.342403
3911,8.26495e-07,-0.342159
3912,8.27927e-07,-0.341801
3913,8.2947e-07,-0.341477
3914,8.31024e-07,-0.341113
3915,8.32583e-07,-0.340862
3916,8.3419e-07,-0.340545
3917,8.35703e-07,-0.340222
3918,8.37311e-07,-0.339911
3919,8.38908e-07,-0.339567
3920,8.4048e-07,-0.33928
3921,8.42028e-07,-0.338887
3922,8.43667e-07,-0.338644
3923,8.45317e-07,-0.33833
3924,8.46954e-07,-0.337975
3925,8.48527e-07,-0.337699
3926,8.50089e-07,-0.337425
3927,8.51724e-07,-0.337077
3928,8.53202e-07,-0.336785
3929,8.5497e-07,-0.336425
3930,8.56597e-07,-0.336112
3931,8.58276e-07,-0.335821
3932,8.5996e-07,-0.335584
3933,8.61501e-07,-0.335173
3934,8.63162e-07,-0.334853
3935,8.64831e-07,-0.334549
3936,8.66512e-07,-0.334235
3937,8.68167e-07,-0.333924
3938,8.69851e-07,-0.333656
3939,8.71471e-07,-0.333215
3940,8.73171e-07,-0.332988
3941,8.74936e-07,-0.332286
3942,8.76572e-07,-0.332331
3943,8.78252e-07,-0.331966
3944,8.79952e-07,-0.331705
3945,8.81673e-07,-0.331435
3946,8.83413e-07,-0.331122
3947,8.85132e-07,-0.330753
3948,8.86805e-07,-0.330477
3949,8.88495e-07,-0.330135
3950,8.90322e-07,-0.329735
3951,8.9201e-07,-0.329575
3952,8.93659e-07,-0.329218
3953,8.95347e-07,-0.328786
3954,8.97164e-07,-0.328605
3955,8.98949e-07,-0.328261
3956,9.00711e-07,-0.327965
3957,9.02594e-07,-0.327835
3958,9.04286e-07,-0.327367
3959,9.06031e-07,-0.32701
3960,9.07809e-07,-0.326692
3961,9.09595e-07,-0.326356
3962,9.11396e-07,-0.326087
3963,9.13166e-07,-0.325747
3964,9.14944e-07,-0.325441
3965,9.16755e-07,-0.325122
3966,9.18577e-07,-0.324796
3967,9.20443e-07,-0.324462
3968,9.22211e-07,-0.324169
3969,9.23998e-07,-0.323854
3970,9.25833e-07,-0.323563
3971,9.27699e-07,-0.323285
3972,9.29527e-07,-0.322957
3973,9.31362e-07,-0.322548
3974,9.33247e-07,-0.322286
3975,9.3514e-07,-0.322026
3976,9.36938e-07,-0.321684
3977,9.38791e-07,-0.321314
3978,9.40683e-07,-0.321033
3979,9.42579e-07,-0.32074
3980,9.44446e-07,-0.320432
3981,9.46335e-07,-0.320094
3982,9.48201e-07,-0.319621
3983,9.50127e-07,-0.319507
3984,9.52064e-07,-0.319084
3985,9.5403e-07,-0.318837
3986,9.5585e-07,-0.318552
3987,9.57806e-07,-0.318211
3988,9.59684e-07,-0.317895
3989,9.61655e-07,-0.317556
3990,9.63492e-07,-0.317188
3991,9.65425e-07,-0.317235
3992,9.67478e-07,-0.316642
3993,9.69424e-07,-0.316342
3994,9.71426e-07,-0.316
3995,9.73287e-07,-0.315701
3996,9.7536e-07,-0.315386
3997,9.77322e-07,-0.315124
3998,9.79335e-07,-0.314797
3999,9.81294e-07,-0.314428
4000,9.83342e-07,-0.314135
4001,9.85297e-07,-0.313889
4002,9.87318e-07,-0.31353
4003,9.89366e-07,-0.31319
4004,9.91344e-07,-0.312883
4005,9.93373e-07,-0.312576
4006,9.9547e-07,-0.312264
4007,9.97484e-07,-0.311958
4008,9.99597e-07,-0.311664
4009,1.00158e-06,-0.311307
4010,1.00365e-06,-0.310969
4011,1.00572e-06,-0.310623
4012,1.00776e-06,-0.310398
4013,1.00981e-06,-0.310017
4014,1.01211e-06,-0.309642
4015,1.01391e-06,-0.309447
4016,1.01611e-06,-0.309097
4017,1.01825e-06,-0.308762
4018,1.02034e-06,-0.308486
4019,1.02248e-06,-0.308133
4020,1.0246e-06,-0.307784
4021,1.02673e-06,-0.307543
4022,1.02886e-06,-0.30723
4023,1.03102e-06,-0.306873
4024,1.03313e-06,-0.306582
4025,1.03537e-06,-0.306264
4026,1.03754e-06,-0.305937
4027,1.03968e-06,-0.30563
4028,1.04181e-06,-0.305361
4029,1.044e-06,-0.305023
4030,1.0462e-06,-0.304711
4031,1.04852e-06,-0.304385
4032,1.05023e-06,-0.30405
4033,1.05283e-06,-0.303763
4034,1.055e-06,-0.303437
4035,1.05717e-06,-0.303122
4036,1.05947e-06,-0.302823
4037,1.06171e-06,-0.302486
4038,1.06397e-06,-0.302176
4039,1.06624e-06,-0.301765
4040,1.0685e-06,-0.301554
4041,1.07074e-06,-0.301225
4042,1.07302e-06,-0.300935
4043,1.07528e-06,-0.300608
4044,1.07756e-06,-0.30027
4045,1.07986e-06,-0.29999
4046,1.08216e-06,-0.299723
4047,1.0845e-06,-0.299345
4048,1.0868e-06,-0.29903
4049,1.08911e-06,-0.298748
4050,1.09146e-06,-0.298431
4051,1.09384e-06,-0.298134
4052,1.09615e-06,-0.297786
4053,1.0985e-06,-0.297494
4054,1.1008e-06,-0.297164
4055,1.10322e-06,-0.296854
4056,1.10564e-06,-0.296524
4057,1.10795e-06,-0.296244
4058,1.11042e-06,-0.295895
4059,1.11279e-06,-0.295598
4060,1.11519e-06,-0.295271
4061,1.11753e-06,-0.294912
4062,1.12005e-06,-0.294659
4063,1.12247e-06,-0.294376
4064,1.12473e-06,-0.294004
4065,1.12735e-06,-0.29371
4066,1.12979e-06,-0.293391
4067,1.13225e-06,-0.293043
4068,1.13473e-06,-0.292736
4069,1.13722e-06,-0.292442
4070,1.13958e-06,-0.292102
4071,1.14218e-06,-0.291843
4072,1.14467e-06,-0.291497
4073,1.14717e-06,-0.291186
4074,1.1497e-06,-0.290856
4075,1.15225e-06,-0.290552
4076,1.15476e-06,-0.290401
4077,1.15728e-06,-0.289951
4078,1.15985e-06,-0.289626
4079,1.16237e-06,-0.289323
4080,1.16501e-06,-0.289006
4081,1.16753e-06,-0.288682
4082,1.17014e-06,-0.288367
4083,1.17279e-06,-0.288068
4084,1.17547e-06,-0.287964
4085,1.1779e-06,-0.287397
4086,1.18052e-06,-0.287167
4087,1.18325e-06,-0.286786
4088,1.1858e-06,-0.286439
4089,1.18842e-06,-0.28623
4090,1.19114e-06,-0.285815
4091,1.19376e-06,-0.285529
4092,1.1965e-06,-0.285325
4093,1.1991e-06,-0.284883
4094,1.20177e-06,-0.284879
4095,1.20451e-06,-0.284275
4096,1.20713e-06,-0.284018
4097,1.20995e-06,-0.283663
4098,1.21262e-06,-0.283307
4099,1.21537e-06,-0.283002
4100,1.21815e-06,-0.282701
4101,1.22094e-06,-0.282393
4102,1.22365e-06,-0.28211
4103,1.2264e-06,-0.281784
4104,1.22918e-06,-0.281452
4105,1.23194e-06,-0.281135
4106,1.23477e-06,-0.280888
4107,1.23757e-06,-0.280518
4108,1.24034e-06,-0.280197
4109,1.24321e-06,-0.279879
4110,1.24605e-06,-0.279555
4111,1.24883e-06,-0.279281
4112,1.25172e-06,-0.278939
4113,1.25456e-06,-0.278823
4114,1.25747e-06,-0.278298
4115,1.26038e-06,-0.277987
4116,1.26327e-06,-0.277672
4117,1.26614e-06,-0.277336
4118,1.26906e-06,-0.277078
4119,1.272e-06,-0.276726
4120,1.27494e-06,-0.276431
4121,1.27789e-06,-0.276111
4122,1.28084e-06,-0.2758
4123,1.28377e-06,-0.275511
4124,1.28675e-06,-0.275103
4125,1.28973e-06,-0.274887
4126,1.29273e-06,-0.274535
4127,1.29611e-06,-0.274281
4128,1.29875e-06,-0.273949
4129,1.30178e-06,-0.273587
4130,1.30481e-06,-0.273377
4131,1.30791e-06,-0.272937
4132,1.31094e-06,-0.272692
4133,1.31393e-06,-0.272319
4134,1.31693e-06,-0.271929
4135,1.32021e-06,-0.271653
4136,1.32324e-06,-0.271391
4137,1.32635e-06,-0.271111
4138,1.32943e-06,-0.270764
4139,1.33259e-06,-0.270541
4140,1.33568e-06,-0.270082
4141,1.33891e-06,-0.269812
4142,1.34209e-06,-0.269511
4143,1.3452e-06,-0.269188
4144,1.34833e-06,-0.268853
4145,1.35165e-06,-0.268537
4146,1.35483e-06,-0.268254
4147,1.35776e-06,-0.267989
4148,1.36125e-06,-0.267628
4149,1.3645e-06,-0.267304
4150,1.3678e-06,-0.266988
4151,1.37101e-06,-0.266725
4152,1.37435e-06,-0.266338
4153,1.37758e-06,-0.266044
4154,1.38058e-06,-0.265877
4155,1.38421e-06,-0.265434
4156,1.38753e-06,-0.265095
4157,1.39093e-06,-0.26485
4158,1.39421e-06,-0.264468
4159,1.39761e-06,-0.264149
4160,1.40105e-06,-0.264325
4161,1.40442e-06,-0.263562
4162,1.40772e-06,-0.263214
4163,1.41116e-06,-0.26294
4164,1.41457e-06,-0.262611
4165,1.41818e-06,-0.262375
4166,1.42144e-06,-0.26196
4167,1.42489e-06,-0.261657
4168,1.42834e-06,-0.261326
4169,1.4319e-06,-0.260987
4170,1.43531e-06,-0.260724
4171,1.43884e-06,-0.260403
4172,1.44236e-06,-0.260065
4173,1.44592e-06,-0.259766
4174,1.44947e-06,-0.259463
4175,1.453e-06,-0.259148
4176,1.45675e-06,-0.258939
4177,1.46016e-06,-0.258468
4178,1.4638e-06,-0.258165
4179,1.4674e-06,-0.257889
4180,1.47102e-06,-0.257572
4181,1.47459e-06,-0.25722
4182,1.47829e-06,-0.25694
4183,1.48194e-06,-0.256608
4184,1.48562e-06,-0.256349
4185,1.48931e-06,-0.256038
4186,1.49302e-06,-0.255691
4187,1.49673e-06,-0.255354
4188,1.50049e-06,-0.255039
4189,1.50425e-06,-0.254753
4190,1.508e-06,-0.254374
4191,1.51163e-06,-0.254184
4192,1.51554e-06,-0.253814
4193,1.51938e-06,-0.253057
4194,1.52318e-06,-0.253175
4195,1.52702e-06,-0.252856
4196,1.53082e-06,-0.252533
4197,1.5347e-06,-0.252252
4198,1.53859e-06,-0.251908
4199,1.54248e-06,-0.251598
4200,1.54579e-06,-0.251607
4201,1.55024e-06,-0.250967
4202,1.5542e-06,-0.250654
4203,1.55816e-06,-0.250307
4204,1.56215e-06,-0.250023
4205,1.56607e-06,-0.249712
4206,1.56999e-06,-0.24898
4207,1.57401e-06,-0.249103
4208,1.57813e-06,-0.248827
4209,1.58218e-06,-0.248431
4210,1.58621e-06,-0.248147
4211,1.59027e-06,-0.247831
4212,1.59434e-06,-0.247504
4213,1.59848e-06,-0.247206
4214,1.60257e-06,-0.246888
4215,1.60674e-06,-0.246588
4216,1.61083e-06,-0.24625
4217,1.61487e-06,-0.24597
4218,1.61926e-06,-0.24559
4219,1.62337e-06,-0.245306
4220,1.62763e-06,-0.244977
4221,1.63181e-06,-0.244656
4222,1.6361e-06,-0.244341
4223,1.64029e-06,-0.244068
4224,1.64457e-06,-0.243734
4225,1.64899e-06,-0.243422
4226,1.65308e-06,-0.243087
4227,1.65751e-06,-0.24282
4228,1.66185e-06,-0.242464
4229,1.6662e-06,-0.242224
4230,1.67046e-06,-0.241883
4231,1.67506e-06,-0.241494
4232,1.67944e-06,-0.241252
4233,1.68384e-06,-0.240889
4234,1.68828e-06,-0.240574
4235,1.69274e-06,-0.24029
4236,1.69724e-06,-0.240194
4237,1.70171e-06,-0.239684
4238,1.70622e-06,-0.23934
4239,1.71081e-06,-0.239045
4240,1.71527e-06,-0.238705
4241,1.71995e-06,-0.238518
4242,1.72452e-06,-0.238066
4243,1.72904e-06,-0.23778
4244,1.73369e-06,-0.237465
4245,1.73835e-06,-0.23713
4246,1.74295e-06,-0.236841
4247,1.74761e-06,-0.23659
4248,1.75233e-06,-0.236231
4249,1.75708e-06,-0.235899
4250,1.76186e-06,-0.235579
4251,1.76656e-06,-0.235272
4252,1.77138e-06,-0.23496
4253,1.7762e-06,-0.234694
4254,1.78099e-06,-0.23428
4255,1.78583e-06,-0.233999
4256,1.79073e-06,-0.233706
4257,1.7955e-06,-0.233384
4258,1.80043e-06,-0.233077
4259,1.80537e-06,-0.232798
4260,1.81026e-06,-0.23243
4261,1.81518e-06,-0.23213
4262,1.82016e-06,-0.231791
4263,1.82513e-06,-0.231506
4264,1.83017e-06,-0.231162
4265,1.83521e-06,-0.230861
4266,1.84025e-06,-0.230557
4267,1.84533e-06,-0.230268
4268,1.85039e-06,-0.229922
4269,1.85555e-06,-0.229619
4270,1.86068e-06,-0.2293
4271,1.86585e-06,-0.228964
4272,1.871e-06,-0.228656
4273,1.87625e-06,-0.228348
4274,1.88142e-06,-0.228039
4275,1.88666e-06,-0.227726
4276,1.89192e-06,-0.227402
4277,1.89719e-06,-0.227088
4278,1.90253e-06,-0.226812
4279,1.90784e-06,-0.226451
4280,1.91311e-06,-0.226105
4281,1.91859e-06,-0.225804
4282,1.92395e-06,-0.225531
4283,1.9294e-06,-0.22522
4284,1.9348e-06,-0.224894
4285,1.94024e-06,-0.224609
4286,1.94593e-06,-0.224214
4287,1.95134e-06,-0.223923
4288,1.95684e-06,-0.223688
4289,1.96241e-06,-0.223313
4290,1.96805e-06,-0.223031
4291,1.97336e-06,-0.222759
4292,1.97921e-06,-0.222373
4293,1.98486e-06,-0.222061
4294,1.99055e-06,-0.221759
4295,1.99616e-06,-0.221449
4296,2.00212e-06,-0.2211
4297,2.00779e-06,-0.220799
4298,2.01354e-06,-0.220494
4299,2.0193e-06,-0.220188
4300,2.02506e-06,-0.219836
4301,2.03093e-06,-0.219494
4302,2.03678e-06,-0.219227
4303,2.04277e-06,-0.218888
4304,2.04868e-06,-0.218625
4305,2.05462e-06,-0.218319
4306,2.06064e-06,-0.217991
4307,2.06681e-06,-0.217726
4308,2.07262e-06,-0.217328
4309,2.07859e-06,-0.217211
4310,2.08476e-06,-0.216716
4311,2.09083e-06,-0.216404
4312,2.09701e-06,-0.216158
4313,2.10314e-06,-0.215771
4314,2.1093e-06,-0.215459
4315,2.11558e-06,-0.215142
4316,2.12183e-06,-0.214834
4317,2.12807e-06,-0.214536
4318,2.13434e-06,-0.214214
4319,2.14069e-06,-0.213892
4320,2.14701e-06,-0.213569
4321,2.15337e-06,-0.213234
4322,2.15988e-06,-0.212949
4323,2.16633e-06,-0.212659
4324,2.17267e-06,-0.212302
4325,2.17937e-06,-0.211976
4326,2.18577e-06,-0.211676
4327,2.19234e-06,-0.211398
4328,2.19891e-06,-0.211081
4329,2.2055e-06,-0.210754
4330,2.21221e-06,-0.210407
4331,2.2188e-06,-0.210137
4332,2.22551e-06,-0.209812
4333,2.23227e-06,-0.209492
4334,2.23909e-06,-0.209177
4335,2.24592e-06,-0.208937
4336,2.25267e-06,-0.208551
4337,2.25948e-06,-0.208263
4338,2.26628e-06,-0.20791
4339,2.27325e-06,-0.207603
4340,2.28037e-06,-0.207282
4341,2.28711e-06,-0.206962
4342,2.29436e-06,-0.206639
4343,2.30127e-06,-0.206347
4344,2.3083e-06,-0.206054
4345,2.31533e-06,-0.205767
4346,2.32259e-06,-0.20542
4347,2.32974e-06,-0.205105
4348,2.33698e-06,-0.204787
4349,2.34418e-06,-0.204442
4350,2.35148e-06,-0.204152
4351,2.35877e-06,-0.203827
4352,2.3661e-06,-0.203488
4353,2.3735e-06,-0.203179
4354,2.38092e-06,-0.202867
4355,2.38835e-06,-0.202577
4356,2.39589e-06,-0.202287
4357,2.40333e-06,-0.201961
4358,2.4109e-06,-0.20163
4359,2.41844e-06,-0.20133
4360,2.42612e-06,-0.201026
4361,2.43376e-06,-0.200708
4362,2.44147e-06,-0.200381
4363,2.44922e-06,-0.200069
4364,2.45697e-06,-0.199811
4365,2.46474e-06,-0.199428
4366,2.47279e-06,-0.199185
4367,2.48039e-06,-0.19883
4368,2.48839e-06,-0.198526
4369,2.4963e-06,-0.198175
4370,2.5043e-06,-0.198014
4371,2.5124e-06,-0.197559
4372,2.52044e-06,-0.197255
4373,2.52849e-06,-0.196933
4374,2.53663e-06,-0.19662
4375,2.5448e-06,-0.19629
4376,2.55299e-06,-0.195976
4377,2.56119e-06,-0.195656
4378,2.56959e-06,-0.195341
4379,2.57786e-06,-0.195072
4380,2.58634e-06,-0.194736
4381,2.59475e-06,-0.194399
4382,2.60322e-06,-0.194094
4383,2.61169e-06,-0.193771
4384,2.62023e-06,-0.193474
4385,2.62885e-06,-0.193139
4386,2.63746e-06,-0.192842
4387,2.64609e-06,-0.192582
4388,2.6548e-06,-0.192249
4389,2.66368e-06,-0.191893
4390,2.67249e-06,-0.19157
4391,2.68124e-06,-0.191278
4392,2.69017e-06,-0.190933
4393,2.69906e-06,-0.19063
4394,2.70806e-06,-0.190338
4395,2.71714e-06,-0.19001
4396,2.72618e-06,-0.189723
4397,2.73521e-06,-0.189387
4398,2.74438e-06,-0.189084
4399,2.75359e-06,-0.188742
4400,2.76288e-06,-0.188401
4401,2.77203e-06,-0.188131
4402,2.78155e-06,-0.187775
4403,2.79092e-06,-0.187512
4404,2.80028e-06,-0.187176
4405,2.8098e-06,-0.186869
4406,2.81923e-06,-0.186586
4407,2.82888e-06,-0.186238
4408,2.83853e-06,-0.185919
4409,2.84818e-06,-0.185605
4410,2.85788e-06,-0.185293
4411,2.86768e-06,-0.18496
4412,2.87745e-06,-0.184672
4413,2.88741e-06,-0.18434
4414,2.89734e-06,-0.184041
4415,2.9073e-06,-0.183728
4416,2.9173e-06,-0.183413
4417,2.92734e-06,-0.182962
4418,2.93754e-06,-0.182788
4419,2.94774e-06,-0.182466
4420,2.95817e-06,-0.182193
4421,2.96821e-06,-0.181844
4422,2.97862e-06,-0.181534
4423,2.98895e-06,-0.181209
4424,2.99938e-06,-0.180924
4425,3.00992e-06,-0.180579
4426,3.02052e-06,-0.1803
4427,3.03107e-06,-0.179969
4428,3.04175e-06,-0.179639
4429,3.0525e-06,-0.179342
4430,3.0633e-06,-0.179006
4431,3.07417e-06,-0.178691
4432,3.08505e-06,-0.178369
4433,3.09604e-06,-0.178071
4434,3.10694e-06,-0.177772
4435,3.11809e-06,-0.177446
4436,3.1292e-06,-0.177137
4437,3.14043e-06,-0.17683
4438,3.15167e-06,-0.176498
4439,3.16297e-06,-0.176188
4440,3.17427e-06,-0.175877
4441,3.18575e-06,-0.175556
4442,3.1972e-06,-0.175291
4443,3.20876e-06,-0.174945
4444,3.22045e-06,-0.17462
4445,3.23215e-06,-0.174309
4446,3.24388e-06,-0.173985
4447,3.25564e-06,-0.173664
4448,3.26742e-06,-0.173376
4449,3.27952e-06,-0.173064
4450,3.29147e-06,-0.17272
4451,3.30356e-06,-0.172408
4452,3.31562e-06,-0.172109
4453,3.32793e-06,-0.171793
4454,3.34016e-06,-0.171472
4455,3.35251e-06,-0.171168
4456,3.36495e-06,-0.170886
4457,3.3774e-06,-0.170534
4458,3.39003e-06,-0.170214
4459,3.40269e-06,-0.169818
4460,3.41522e-06,-0.169599
4461,3.42793e-06,-0.169267
4462,3.44082e-06,-0.168977
4463,3.4537e-06,-0.168645
4464,3.46666e-06,-0.168364
4465,3.47971e-06,-0.168015
4466,3.49285e-06,-0.16769
4467,3.50603e-06,-0.167383
4468,3.5193e-06,-0.167077
4469,3.53258e-06,-0.166751
4470,3.54604e-06,-0.166476
4471,3.55946e-06,-0.166132
4472,3.57344e-06,-0.165833
4473,3.58671e-06,-0.1655
4474,3.60036e-06,-0.165174
4475,3.61423e-06,-0.164872
4476,3.62811e-06,-0.164561
4477,3.64214e-06,-0.164248
4478,3.65602e-06,-0.16391
4479,3.67023e-06,-0.163618
4480,3.68446e-06,-0.163294
4481,3.69874e-06,-0.162972
4482,3.71311e-06,-0.162674
4483,3.72761e-06,-0.162342
4484,3.74209e-06,-0.162044
4485,3.75675e-06,-0.161766
4486,3.77149e-06,-0.161458
4487,3.78623e-06,-0.161102
4488,3.80105e-06,-0.160785
4489,3.81602e-06,-0.160482
4490,3.83108e-06,-0.160171
4491,3.8461e-06,-0.159796
4492,3.86148e-06,-0.159495
4493,3.8767e-06,-0.159208
4494,3.89212e-06,-0.158893
4495,3.90767e-06,-0.158592
4496,3.9233e-06,-0.158317
4497,3.93897e-06,-0.157909
4498,3.95472e-06,-0.157649
4499,3.97066e-06,-0.15734
4500,3.98664e-06,-0.157025
4501,4.00272e-06,-0.156702
4502,4.01889e-06,-0.156352
4503,4.03517e-06,-0.156067
4504,4.05151e-06,-0.155764
4505,4.068e-06,-0.155449
4506,4.08451e-06,-0.155127
4507,4.10111e-06,-0.154814
4508,4.11807e-06,-0.154478
4509,4.13487e-06,-0.154186
4510,4.15179e-06,-0.153868
4511,4.1689e-06,-0.15356
4512,4.18611e-06,-0.15323
4513,4.20325e-06,-0.152921
4514,4.2208e-06,-0.152606
4515,4.23824e-06,-0.152281
4516,4.25584e-06,-0.151985
4517,4.27361e-06,-0.151673
4518,4.29142e-06,-0.15136
4519,4.30919e-06,-0.151064
4520,4.32742e-06,-0.150713
4521,4.34564e-06,-0.150415
4522,4.36384e-06,-0.150088
4523,4.38223e-06,-0.149755
4524,4.40053e-06,-0.149546
4525,4.41946e-06,-0.149155
4526,4.43819e-06,-0.148833
4527,4.45706e-06,-0.148537
4528,4.47607e-06,-0.148203
4529,4.49514e-06,-0.147901
4530,4.51434e-06,-0.147589
4531,4.53371e-06,-0.147258
4532,4.55326e-06,-0.146946
4533,4.57286e-06,-0.146645
4534,4.59257e-06,-0.14633
4535,4.6124e-06,-0.146012
4536,4.63236e-06,-0.145703
4537,4.65244e-06,-0.1454
4538,4.67298e-06,-0.145078
4539,4.69316e-06,-0.144743
4540,4.71361e-06,-0.14444
4541,4.73429e-06,-0.144133
4542,4.7551e-06,-0.14382
4543,4.77599e-06,-0.143492
4544,4.79707e-06,-0.143188
4545,4.81822e-06,-0.142877
4546,4.83962e-06,-0.142551
4547,4.86115e-06,-0.14224
4548,4.88271e-06,-0.141927
4549,4.90446e-06,-0.141612
4550,4.92637e-06,-0.141297
4551,4.94846e-06,-0.140985
4552,4.97092e-06,-0.140725
4553,4.9924e-06,-0.140322
4554,5.01549e-06,-0.140054
4555,5.0382e-06,-0.139724
4556,5.061e-06,-0.139429
4557,5.08396e-06,-0.139106
4558,5.10708e-06,-0.138786
4559,5.13037e-06,-0.138489
4560,5.15385e-06,-0.138154
4561,5.17745e-06,-0.137844
4562,5.20119e-06,-0.137538
4563,5.22512e-06,-0.137215
4564,5.25113e-06,-0.137143
4565,5.27347e-06,-0.136588
4566,5.29791e-06,-0.136273
4567,5.32248e-06,-0.135934
4568,5.34732e-06,-0.1357
4569,5.37228e-06,-0.135318
4570,5.3973e-06,-0.135006
4571,5.42257e-06,-0.134689
4572,5.44809e-06,-0.134376
4573,5.47365e-06,-0.134073
4574,5.49951e-06,-0.133748
4575,5.5256e-06,-0.133445
4576,5.55175e-06,-0.133124
4577,5.5781e-06,-0.132821
4578,5.60472e-06,-0.132503
4579,5.63148e-06,-0.132185
4580,5.65842e-06,-0.131866
4581,5.68545e-06,-0.131565
4582,5.71281e-06,-0.131257
4583,5.74054e-06,-0.13093
4584,5.76818e-06,-0.130619
4585,5.79618e-06,-0.130316
4586,5.82422e-06,-0.129988
4587,5.85252e-06,-0.129667
4588,5.88112e-06,-0.129367
4589,5.90991e-06,-0.129044
4590,5.93893e-06,-0.12873
4591,5.96802e-06,-0.128411
4592,5.99746e-06,-0.128103
4593,6.02707e-06,-0.127811
4594,6.05685e-06,-0.12747
4595,6.08697e-06,-0.127156
4596,6.11726e-06,-0.126844
4597,6.14789e-06,-0.126514
4598,6.17845e-06,-0.126197
4599,6.20939e-06,-0.125894
4600,6.24069e-06,-0.12559
4601,6.27211e-06,-0.125269
4602,6.30384e-06,-0.124945
4603,6.33568e-06,-0.124639
4604,6.36782e-06,-0.124325
4605,6.4002e-06,-0.12402
4606,6.43292e-06,-0.123694
4607,6.4658e-06,-0.123387
4608,6.49893e-06,-0.123067
4609,6.53233e-06,-0.122746
4610,6.56605e-06,-0.122445
4611,6.59992e-06,-0.122124
4612,6.63406e-06,-0.121804
4613,6.6685e-06,-0.121501
4614,6.70325e-06,-0.121182
4615,6.73822e-06,-0.120867
4616,6.77336e-06,-0.120557
4617,6.80894e-06,-0.120243
4618,6.8449e-06,-0.119915
4619,6.88102e-06,-0.119604
4620,6.91738e-06,-0.119312
4621,6.95405e-06,-0.118973
4622,6.99109e-06,-0.118672
4623,7.02834e-06,-0.118362
4624,7.06584e-06,-0.118039
4625,7.1038e-06,-0.11778
4626,7.14179e-06,-0.117421
4627,7.18037e-06,-0.117101
4628,7.21914e-06,-0.116791
4629,7.25827e-06,-0.116469
4630,7.29768e-06,-0.116156
4631,7.33742e-06,-0.11584
4632,7.37747e-06,-0.115525
4633,7.41783e-06,-0.1152
4634,7.45861e-06,-0.114899
4635,7.49953e-06,-0.114628
4636,7.54106e-06,-0.114265
4637,7.58281e-06,-0.113945
4638,7.62483e-06,-0.113648
4639,7.66736e-06,-0.113315
4640,7.71017e-06,-0.113009
4641,7.75332e-06,-0.112694
4642,7.79681e-06,-0.112392
4643,7.84071e-06,-0.11207
4644,7.88499e-06,-0.111753
4645,7.92963e-06,-0.111428
4646,7.97458e-06,-0.111126
4647,8.02013e-06,-0.110797
4648,8.06577e-06,-0.110492
4649,8.11199e-06,-0.110183
4650,8.15855e-06,-0.109854
4651,8.20549e-06,-0.109544
4652,8.25329e-06,-0.109255
4653,8.30066e-06,-0.108918
4654,8.34891e-06,-0.108607
4655,8.39759e-06,-0.108301
4656,8.44662e-06,-0.107978
4657,8.49604e-06,-0.107657
4658,8.54627e-06,-0.107364
4659,8.59627e-06,-0.107006
4660,8.64713e-06,-0.106719
4661,8.69836e-06,-0.106412
4662,8.75012e-06,-0.106089
4663,8.80231e-06,-0.105775
4664,8.85496e-06,-0.105455
4665,8.90807e-06,-0.105151
4666,8.96166e-06,-0.104843
4667,9.01574e-06,-0.10452
4668,9.07026e-06,-0.104183
4669,9.12537e-06,-0.103888
4670,9.18091e-06,-0.103576
4671,9.23698e-06,-0.103263
4672,9.29361e-06,-0.102944
4673,9.35075e-06,-0.102631
4674,9.40834e-06,-0.102317
4675,9.46654e-06,-0.102005
4676,9.52524e-06,-0.101691
4677,9.58449e-06,-0.101378
4678,9.64416e-06,-0.101071
4679,9.70465e-06,-0.100747
4680,9.7656e-06,-0.100432
4681,9.82711e-06,-0.100122
4682,9.88924e-06,-0.0998002
4683,9.95178e-06,-0.0994863
4684,1.00152e-05,-0.0991736
4685,1.00791e-05,-0.0988546
4686,1.01436e-05,-0.0985484
4687,1.02087e-05,-0.0982302
4688,1.02743e-05,-0.0979192
4689,1.03409e-05,-0.0976008
4690,1.04079e-05,-0.0972861
4691,1.04756e-05,-0.096973
4692,1.0544e-05,-0.0966611
4693,1.06128e-05,-0.0963458
4694,1.06827e-05,-0.0960237
4695,1.07531e-05,-0.095717
4696,1.08242e-05,-0.0954036
4697,1.08959e-05,-0.0950846
4698,1.09685e-05,-0.0947658
4699,1.10418e-05,-0.0944572
4700,1.11156e-05,-0.0941388
4701,1.11904e-05,-0.0938319
4702,1.12659e-05,-0.0935146
4703,1.13421e-05,-0.0932019
4704,1.14191e-05,-0.0928799
4705,1.14969e-05,-0.0925678
4706,1.15756e-05,-0.0922589
4707,1.16549e-05,-0.0919415
4708,1.1735e-05,-0.0916322
4709,1.18162e-05,-0.0913053
4710,1.1898e-05,-0.0909973
4711,1.19808e-05,-0.0906845
4712,1.20644e-05,-0.0903682
4713,1.2149e-05,-0.0900528
4714,1.22343e-05,-0.0897375
4715,1.23206e-05,-0.0894238
4716,1.24077e-05,-0.0891068
4717,1.24959e-05,-0.0887909
4718,1.2585e-05,-0.0884793
4719,1.2675e-05,-0.0881661
4720,1.2766e-05,-0.0878508
4721,1.2858e-05,-0.0875343
4722,1.29509e-05,-0.0872262
4723,1.30449e-05,-0.0869055
4724,1.31399e-05,-0.0865876
4725,1.3236e-05,-0.0862741
4726,1.33331e-05,-0.0859616
4727,1.34312e-05,-0.0856527
4728,1.35306e-05,-0.0853323
4729,1.36309e-05,-0.0850183
4730,1.37324e-05,-0.0847051
4731,1.3835e-05,-0.0843847
4732,1.39388e-05,-0.0840777
4733,1.40438e-05,-0.0837604
4734,1.41499e-05,-0.0834434
4735,1.42573e-05,-0.0831343
4736,1.43659e-05,-0.0828177
4737,1.44757e-05,-0.0825011
4738,1.45868e-05,-0.0821889
4739,1.4699e-05,-0.0818735
4740,1.48128e-05,-0.0815608
4741,1.49277e-05,-0.0812457
4742,1.50441e-05,-0.0809286
4743,1.51619e-05,-0.0806157
4744,1.52809e-05,-0.0803004
4745,1.54013e-05,-0.0799951
4746,1.55228e-05,-0.0796859
4747,1.56467e-05,-0.0793558
4748,1.57713e-05,-0.079048
4749,1.5898e-05,-0.0787308
4750,1.60258e-05,-0.0784096
4751,1.61553e-05,-0.0780979
4752,1.62863e-05,-0.0777801
4753,1.64189e-05,-0.0774672
4754,1.65531e-05,-0.0771551
4755,1.66888e-05,-0.0768321
4756,1.68265e-05,-0.0765161
4757,1.69658e-05,-0.0762118
4758,1.71075e-05,-0.0758809
4759,1.72496e-05,-0.0755802
4760,1.73942e-05,-0.0752653
4761,1.75409e-05,-0.0749572
4762,1.76888e-05,-0.0746383
4763,1.7839e-05,-0.0743254
4764,1.7991e-05,-0.0740062
4765,1.8145e-05,-0.0736929
4766,1.8301e-05,-0.0733755
4767,1.84591e-05,-0.0730618
4768,1.86191e-05,-0.0727516
4769,1.87813e-05,-0.0724302
4770,1.89455e-05,-0.0721183
4771,1.9112e-05,-0.0718039
4772,1.92806e-05,-0.071488
4773,1.94516e-05,-0.0711753
4774,1.96247e-05,-0.0708572
4775,1.98002e-05,-0.0705432
4776,1.99781e-05,-0.0702301
4777,2.01584e-05,-0.0699149
4778,2.0341e-05,-0.069602
4779,2.05263e-05,-0.0692855
4780,2.07141e-05,-0.0689711
4781,2.09044e-05,-0.0686542
4782,2.10975e-05,-0.0683432
4783,2.12932e-05,-0.0680285
4784,2.14916e-05,-0.0677104
4785,2.16929e-05,-0.0673976
4786,2.18969e-05,-0.067085
4787,2.21037e-05,-0.066765
4788,2.23135e-05,-0.066453
4789,2.25265e-05,-0.0661387
4790,2.27425e-05,-0.0658216
4791,2.29615e-05,-0.0655093
4792,2.31838e-05,-0.0651956
4793,2.34093e-05,-0.0648796
4794,2.36382e-05,-0.0645639
4795,2.38703e-05,-0.0642471
4796,2.41059e-05,-0.0639276
4797,2.4345e-05,-0.0636199
4798,2.45878e-05,-0.0633025
4799,2.48341e-05,-0.0629861
4800,2.50842e-05,-0.0626723
4801,2.53381e-05,-0.0623583
4802,2.55958e-05,-0.0620419
4803,2.58576e-05,-0.0617289
4804,2.61235e-05,-0.0613965
4805,2.63932e-05,-0.0610969
4806,2.66673e-05,-0.0607827
4807,2.69456e-05,-0.0604681
4808,2.72284e-05,-0.0601522
4809,2.75156e-05,-0.0598376
4810,2.78074e-05,-0.0595247
4811,2.81039e-05,-0.0592054
4812,2.84051e-05,-0.0588929
4813,2.87113e-05,-0.0585783
4814,2.90224e-05,-0.0582612
4815,2.93386e-05,-0.0579464
4816,2.966e-05,-0.0576315
4817,2.99867e-05,-0.0573175
4818,3.03189e-05,-0.0570011
4819,3.06565e-05,-0.0566836
4820,3.09999e-05,-0.0563722
4821,3.13491e-05,-0.0560563
4822,3.17042e-05,-0.055742
4823,3.20655e-05,-0.055425
4824,3.24328e-05,-0.0551121
4825,3.28063e-05,-0.0547945
4826,3.3187e-05,-0.0544804
4827,3.35738e-05,-0.0541673
4828,3.39676e-05,-0.0538499
4829,3.43683e-05,-0.0535345
4830,3.47762e-05,-0.0532187
4831,3.51914e-05,-0.0529049
4832,3.5614e-05,-0.0525902
4833,3.60443e-05,-0.0522746
4834,3.64826e-05,-0.0519599
4835,3.69289e-05,-0.0516431
4836,3.73834e-05,-0.0513258
4837,3.78464e-05,-0.051012
4838,3.83181e-05,-0.0506959
4839,3.87985e-05,-0.0503823
4840,3.92881e-05,-0.0500665
4841,3.97872e-05,-0.0497532
4842,4.02956e-05,-0.0494341
4843,4.0814e-05,-0.0491199
4844,4.13425e-05,-0.0488042
4845,4.18813e-05,-0.0484903
4846,4.24308e-05,-0.0481748
4847,4.29911e-05,-0.047859
4848,4.35625e-05,-0.0475429
4849,4.41456e-05,-0.0472284
4850,4.47404e-05,-0.0469114
4851,4.53474e-05,-0.046597
4852,4.59668e-05,-0.0462805
4853,4.65993e-05,-0.0459656
4854,4.72444e-05,-0.0456498
4855,4.79033e-05,-0.0453341
4856,4.85761e-05,-0.0450179
4857,4.92633e-05,-0.0447024
4858,4.99652e-05,-0.0443678
4859,5.0682e-05,-0.0440686
4860,5.14146e-05,-0.0437549
4861,5.21633e-05,-0.0434394
4862,5.29284e-05,-0.043123
4863,5.37105e-05,-0.042806
4864,5.45101e-05,-0.042492
4865,5.53278e-05,-0.0421755
4866,5.61641e-05,-0.0418595
4867,5.70194e-05,-0.0415439
4868,5.78945e-05,-0.0412253
4869,5.879e-05,-0.0409119
4870,5.97066e-05,-0.0405953
4871,6.06447e-05,-0.0402797
4872,6.16052e-05,-0.0399632
4873,6.25888e-05,-0.0396472
4874,6.35961e-05,-0.0393308
4875,6.46281e-05,-0.0390156
4876,6.56854e-05,-0.038699
4877,6.67691e-05,-0.038383
4878,6.78799e-05,-0.038066
4879,6.90187e-05,-0.0377501
4880,7.01864e-05,-0.0374337
4881,7.13842e-05,-0.0371168
4882,7.2613e-05,-0.0368013
4883,7.38739e-05,-0.0364861
4884,7.51681e-05,-0.0361676
4885,7.64968e-05,-0.0358507
4886,7.78605e-05,-0.0355353
4887,7.92623e-05,-0.0352173
4888,8.07017e-05,-0.0348995
4889,8.21812e-05,-0.0345851
4890,8.37017e-05,-0.0342674
4891,8.52651e-05,-0.0339497
4892,8.68727e-05,-0.0336342
4893,8.85266e-05,-0.033317
4894,9.02283e-05,-0.0330006
4895,9.19798e-05,-0.0326834
4896,9.3783e-05,-0.0323668
4897,9.564e-05,-0.0320481
4898,9.75528e-05,-0.0317319
4899,9.95242e-05,-0.0314157
4900,0.000101556,-0.0310965
4901,0.000103651,-0.0307791
4902,0.000105812,-0.0304618
4903,0.000108042,-0.0301449
4904,0.000110343,-0.0298269
4905,0.000112719,-0.0295088
4906,0.000115173,-0.0291914
4907,0.000117708,-0.0288734
4908,0.000120329,-0.0285554
4909,0.000123039,-0.0282392
4910,0.000125841,-0.0279192
4911,0.000128742,-0.0276009
4912,0.000131744,-0.0272822
4913,0.000134854,-0.026972
4914,0.000138075,-0.0266458
4915,0.000141414,-0.0263274
4916,0.000144877,-0.0260081
4917,0.00014847,-0.0256897
4918,0.000152199,-0.0253708
4919,0.000156071,-0.0250502
4920,0.000160094,-0.0247325
4921,0.000164276,-0.024413
4922,0.000168625,-0.0240935
4923,0.000173152,-0.023774
4924,0.000177864,-0.0234544
4925,0.000182773,-0.0231346
4926,0.000187891,-0.0228146
4927,0.000193228,-0.0224941
4928,0.000198799,-0.0221737
4929,0.000204616,-0.0218532
4930,0.000210695,-0.0215323
4931,0.000217053,-0.0212117
4932,0.000223706,-0.0208903
4933,0.000230673,-0.0205688
4934,0.000237975,-0.020247
4935,0.000245633,-0.0199252
4936,0.000253673,-0.0196032
4937,0.000262118,-0.0192808
4938,0.000270999,-0.0189582
4939,0.000280345,-0.0186351
4940,0.000290191,-0.018312
4941,0.000300572,-0.0179883
4942,0.00031153,-0.0176644
4943,0.000323108,-0.0173401
4944,0.000335355,-0.0170155
4945,0.000348325,-0.0166905
4946,0.000362076,-0.016365
4947,0.000376674,-0.0160391
4948,0.00039219,-0.0157127
4949,0.000408706,-0.0153858
4950,0.000426311,-0.0150581
4951,0.000445105,-0.0147304
4952,0.000465199,-0.0144017
4953,0.000486721,-0.0140723
4954,0.000509811,-0.0137423
4955,0.000534629,-0.0134115
4956,0.000561358,-0.0130801
4957,0.000590204,-0.0127474
4958,0.000621405,-0.012414
4959,0.00065523,-0.0120795
4960,0.000691994,-0.0117439
4961,0.000732058,-0.0114072
4962,0.000775846,-0.011069
4963,0.00082385,-0.0107295
4964,0.000876652,-0.0103885
4965,0.000934943,-0.0100457
4966,0.000999544,-0.00970093
4967,0.00107145,-0.00935412
4968,0.00115185,-0.00900503
4969,0.00124222,-0.00865333
4970,0.00134438,-0.00829873
4971,0.00146059,-0.00794086
4972,0.00159373,-0.00757951
4973,0.00174749,-0.00721397
4974,0.00192667,-0.00684369
4975,0.00213766,-0.00646823
4976,0.00238912,-0.00608658
4977,0.00269305,-0.00569782
4978,0.0030666,-0.00530084
4979,0.00353504,-0.00489423
4980,0.00413713,-0.00447622
4981,0.0049353,-0.00404479
4982,0.00603636,-0.00359734
4983,0.00763802,-0.0031307
4984,0.0101474,-0.002641
4985,0.0145425,-0.00212348
4986,0.0238397,-0.00157203
4987,0.0534659,-0.000977199
4988,625.012,3.14128
4989,1249.92,-3.54772e-08
4990,1250.06,-3.14159
4991,1249.92,3.4853e-09
4992,625.007,-3.14128
4993,0.061309,0.000148359
4994,0.0361188,-0.000248337
4995,0.0338763,-0.000614251
4996,0.0424569,-0.000792697
4997,0.0695862,-0.000766144
4998,0.172665,-0.000586345
4999,2500.12,3.14128
5000,4999.51,0
5001,2500.12,-3.14128
5002,0.172665,0.000586343
5003,0.0695862,0.000766144
5004,0.0424569,0.000792697
5005,0.0338763,0.00061425
5006,0.0361188,0.000248337
5007,0.061309,-0.000148359
5008,625.007,3.14128
5009,1249.92,-3.48366e-09
5010,1250.06,3.14159
5011,1249.92,3.54795e-08
5012,625.012,-3.14128
5013,0.0534659,0.0009772
5014,0.0238397,0.00157203
5015,0.0145425,0.00212348
5016,0.0101474,0.002641
5017,0.00763802,0.0031307
5018,0.00603636,0.00359733
5019,0.0049353,0.00404479
5020,0.00413713,0.00447622
5021,0.00353504,0.0048942
5022,0.0030666,0.00530083
5023,0.00269305,0.00569782
5024,0.00238912,0.00608657
5025,0.00213766,0.00646824
5026,0.00192667,0.00684378
5027,0.00174749,0.00721398
5028,0.00159373,0.00757951
5029,0.00146059,0.00794094
5030,0.00134438,0.00829874
5031,0.00124222,0.00865331
5032,0.00115185,0.00900501
5033,0.00107145,0.00935413
5034,0.000999544,0.00970093
5035,0.000934943,0.0100456
5036,0.000876652,0.0103885
5037,0.00082385,0.0107295
5038,0.000775846,0.0110691
5039,0.000732058,0.0114072
5040,0.000691994,0.0117439
5041,0.00065523,0.0120795
5042,0.000621405,0.012414
5043,0.000590204,0.0127474
5044,0.000561358,0.0130799
5045,0.000534629,0.0134115
5046,0.000509811,0.0137423
5047,0.000486721,0.0140723
5048,0.000465199,0.0144016
5049,0.000445105,0.0147303
5050,0.000426311,0.0150583
5051,0.000408706,0.0153858
5052,0.00039219,0.0157127
5053,0.000376674,0.0160391
5054,0.000362076,0.0163651
5055,0.000348325,0.0166905
5056,0.000335356,0.0170156
5057,0.000323108,0.0173402
5058,0.00031153,0.0176645
5059,0.000300572,0.0179884
5060,0.000290191,0.018312
5061,0.000280345,0.0186352
5062,0.000270999,0.0189582
5063,0.000262118,0.0192808
5064,0.000253673,0.0196032
5065,0.000245633,0.0199253
5066,0.000237975,0.0202472
5067,0.000230673,0.0205688
5068,0.000223706,0.0208902
5069,0.000217053,0.0212114
5070,0.000210695,0.0215323
5071,0.000204616,0.0218531
5072,0.000198799,0.0221737
5073,0.000193228,0.0224941
5074,0.000187891,0.0228143
5075,0.000182773,0.0231344
5076,0.000177864,0.0234543
5077,0.000173152,0.023774
5078,0.000168625,0.0240936
5079,0.000164276,0.0244131
5080,0.000160094,0.0247324
5081,0.000156071,0.0250516
5082,0.000152199,0.0253707
5083,0.00014847,0.0256896
5084,0.000144877,0.0260084
5085,0.000141414,0.0263271
5086,0.000138075,0.0266457
5087,0.000134854,0.0269642
5088,0.000131744,0.0272826
5089,0.000128742,0.0276009
5090,0.000125841,0.0279191
5091,0.000123039,0.0282373
5092,0.000120329,0.0285553
5093,0.000117708,0.0288732
5094,0.000115173,0.0291911
5095,0.000112719,0.0295089
5096,0.000110343,0.0298266
5097,0.000108042,0.0301442
5098,0.000105812,0.0304618
5099,0.000103651,0.0307793
5100,0.000101556,0.0310967
5101,9.95241e-05,0.0314141
5102,9.75529e-05,0.0317313
5103,9.56399e-05,0.0320486
5104,9.37829e-05,0.0323657
5105,9.19797e-05,0.0326829
5106,9.02283e-05,0.0329999
5107,8.85266e-05,0.0333169
5108,8.68728e-05,0.0336339
5109,8.52651e-05,0.0339507
5110,8.37017e-05,0.0342676
5111,8.21812e-05,0.0345844
5112,8.07019e-05,0.0349011
5113,7.92623e-05,0.0352179
5114,7.78611e-05,0.0355345
5115,7.64968e-05,0.0358511
5116,7.51681e-05,0.0361677
5117,7.3874e-05,0.0364842
5118,7.2613e-05,0.0368007
5119,7.13842e-05,0.0371171
5120,7.01864e-05,0.0374335
5121,6.90186e-05,0.0377499
5122,6.78799e-05,0.0380662
5123,6.67691e-05,0.0383826
5124,6.56855e-05,0.0386988
5125,6.46281e-05,0.039015
5126,6.35961e-05,0.0393312
5127,6.25887e-05,0.0396474
5128,6.16052e-05,0.0399635
5129,6.06447e-05,0.0402796
5130,5.97065e-05,0.0405957
5131,5.879e-05,0.0409117
5132,5.78945e-05,0.0412278
5133,5.70194e-05,0.0415437
5134,5.6164e-05,0.0418597
5135,5.53278e-05,0.0421755
5136,5.45101e-05,0.0424915
5137,5.37105e-05,0.0428074
5138,5.29284e-05,0.0431233
5139,5.21633e-05,0.0434391
5140,5.14147e-05,0.0437549
5141,5.06821e-05,0.0440707
5142,4.99651e-05,0.0443864
5143,4.92633e-05,0.0447022
5144,4.85762e-05,0.0450179
5145,4.79033e-05,0.0453336
5146,4.72444e-05,0.0456492
5147,4.6599e-05,0.0459649
5148,4.59668e-05,0.0462805
5149,4.53474e-05,0.0465961
5150,4.47404e-05,0.0469117
5151,4.41456e-05,0.0472273
5152,4.35626e-05,0.0475428
5153,4.29911e-05,0.0478584
5154,4.24307e-05,0.0481739
5155,4.18813e-05,0.0484894
5156,4.13425e-05,0.0488049
5157,4.0814e-05,0.0491203
5158,4.02956e-05,0.0494358
5159,3.97871e-05,0.0497512
5160,3.92881e-05,0.0500666
5161,3.87985e-05,0.050382
5162,3.8318e-05,0.0506974
5163,3.78463e-05,0.0510128
5164,3.73834e-05,0.0513281
5165,3.69289e-05,0.0516435
5166,3.64826e-05,0.0519588
5167,3.60444e-05,0.0522741
5168,3.56141e-05,0.0525894
5169,3.51914e-05,0.0529047
5170,3.47762e-05,0.05322
5171,3.43683e-05,0.0535352
5172,3.39676e-05,0.0538505
5173,3.35738e-05,0.0541657
5174,3.31869e-05,0.0544809
5175,3.28066e-05,0.0547961
5176,3.24328e-05,0.0551113
5177,3.20654e-05,0.0554265
5178,3.17042e-05,0.0557416
5179,3.13491e-05,0.0560568
5180,3.09999e-05,0.0563721
5181,3.06565e-05,0.0566871
5182,3.03188e-05,0.0570022
5183,2.99867e-05,0.0573174
5184,2.966e-05,0.0576325
5185,2.93386e-05,0.0579475
5186,2.90224e-05,0.0582627
5187,2.87113e-05,0.0585777
5188,2.84052e-05,0.0588928
5189,2.81039e-05,0.0592078
5190,2.78074e-05,0.059523
5191,2.75156e-05,0.0598378
5192,2.72284e-05,0.0601529
5193,2.69456e-05,0.0604679
5194,2.66673e-05,0.060783
5195,2.63932e-05,0.061098
5196,2.61233e-05,0.061413
5197,2.58576e-05,0.061728
5198,2.55959e-05,0.062043
5199,2.53381e-05,0.0623579
5200,2.50842e-05,0.0626729
5201,2.48341e-05,0.0629878
5202,2.45878e-05,0.0633028
5203,2.43451e-05,0.0636177
5204,2.41059e-05,0.0639326
5205,2.38703e-05,0.0642476
5206,2.36381e-05,0.0645625
5207,2.34093e-05,0.0648774
5208,2.31838e-05,0.0651923
5209,2.29616e-05,0.0655072
5210,2.27425e-05,0.0658221
5211,2.25265e-05,0.066137
5212,2.23136e-05,0.0664518
5213,2.21038e-05,0.0667667
5214,2.18968e-05,0.0670815
5215,2.16928e-05,0.0673964
5216,2.14916e-05,0.0677112
5217,2.12931e-05,0.0680261
5218,2.10975e-05,0.0683409
5219,2.09045e-05,0.0686557
5220,2.07141e-05,0.0689706
5221,2.05263e-05,0.0692852
5222,2.03411e-05,0.0696005
5223,2.01584e-05,0.0699149
5224,1.99781e-05,0.0702296
5225,1.98002e-05,0.0705443
5226,1.96247e-05,0.0708594
5227,1.94515e-05,0.0711741
5228,1.92806e-05,0.0714889
5229,1.9112e-05,0.0718037
5230,1.89455e-05,0.0721184
5231,1.87812e-05,0.0724332
5232,1.86191e-05,0.0727479
5233,1.8459e-05,0.0730626
5234,1.8301e-05,0.0733774
5235,1.8145e-05,0.0736921
5236,1.7991e-05,0.0740068
5237,1.78389e-05,0.0743216
5238,1.76888e-05,0.0746362
5239,1.75406e-05,0.0749511
5240,1.73942e-05,0.0752658
5241,1.72496e-05,0.0755804
5242,1.71068e-05,0.0758952
5243,1.69658e-05,0.0762099
5244,1.68266e-05,0.0765246
5245,1.6689e-05,0.0768391
5246,1.65531e-05,0.0771539
5247,1.64189e-05,0.0774686
5248,1.62863e-05,0.0777834
5249,1.61553e-05,0.0780981
5250,1.60258e-05,0.0784125
5251,1.58979e-05,0.0787274
5252,1.57716e-05,0.0790419
5253,1.56467e-05,0.079357
5254,1.55233e-05,0.0796713
5255,1.54014e-05,0.0799859
5256,1.52809e-05,0.0803002
5257,1.51618e-05,0.0806152
5258,1.50441e-05,0.0809299
5259,1.49278e-05,0.0812445
5260,1.48128e-05,0.081559
5261,1.46991e-05,0.0818741
5262,1.45868e-05,0.0821884
5263,1.44757e-05,0.082503
5264,1.43658e-05,0.0828175
5265,1.42573e-05,0.0831322
5266,1.41499e-05,0.0834466
5267,1.40438e-05,0.0837616
5268,1.39388e-05,0.084076
5269,1.3835e-05,0.0843908
5270,1.37324e-05,0.0847045
5271,1.36309e-05,0.0850198
5272,1.35305e-05,0.085335
5273,1.34313e-05,0.0856492
5274,1.33331e-05,0.0859632
5275,1.3236e-05,0.0862779
5276,1.31399e-05,0.0865927
5277,1.30449e-05,0.0869073
5278,1.29509e-05,0.0872218
5279,1.2858e-05,0.0875365
5280,1.2766e-05,0.0878512
5281,1.2675e-05,0.0881656
5282,1.2585e-05,0.0884801
5283,1.24959e-05,0.0887947
5284,1.24078e-05,0.0891093
5285,1.23206e-05,0.0894238
5286,1.22343e-05,0.0897382
5287,1.21489e-05,0.0900529
5288,1.20644e-05,0.0903668
5289,1.19808e-05,0.090682
5290,1.18981e-05,0.0909965
5291,1.18162e-05,0.0913111
5292,1.17351e-05,0.0916257
5293,1.16549e-05,0.09194
5294,1.15755e-05,0.0922547
5295,1.14969e-05,0.0925692
5296,1.14191e-05,0.0928833
5297,1.13421e-05,0.0931981
5298,1.12659e-05,0.0935128
5299,1.11904e-05,0.0938272
5300,1.11157e-05,0.0941415
5301,1.10417e-05,0.0944562
5302,1.09685e-05,0.0947708
5303,1.0896e-05,0.0950854
5304,1.08242e-05,0.0954007
5305,1.07531e-05,0.0957143
5306,1.06827e-05,0.0960287
5307,1.0613e-05,0.0963427
5308,1.0544e-05,0.0966577
5309,1.04756e-05,0.0969723
5310,1.04079e-05,0.0972867
5311,1.03409e-05,0.0976013
5312,1.02745e-05,0.0979159
5313,1.02087e-05,0.0982303
5314,1.01436e-05,0.0985447
5315,1.00791e-05,0.0988588
5316,1.00152e-05,0.099174
5317,9.95193e-06,0.0994881
5318,9.88923e-06,0.0998025
5319,9.82713e-06,0.100117
5320,9.76562e-06,0.10043
5321,9.70467e-06,0.100746
5322,9.6443e-06,0.101061
5323,9.58448e-06,0.101376
5324,9.52522e-06,0.10169
5325,9.46651e-06,0.102004
5326,9.40833e-06,0.102318
5327,9.3507e-06,0.102633
5328,9.29358e-06,0.102947
5329,9.23699e-06,0.103262
5330,9.18092e-06,0.103576
5331,9.12535e-06,0.103891
5332,9.07028e-06,0.104205
5333,9.01572e-06,0.10452
5334,8.96164e-06,0.104834
5335,8.90804e-06,0.105148
5336,8.85492e-06,0.105464
5337,8.80229e-06,0.105777
5338,8.75011e-06,0.106092
5339,8.6984e-06,0.106406
5340,8.64714e-06,0.106721
5341,8.59634e-06,0.107035
5342,8.54597e-06,0.107349
5343,8.49605e-06,0.107664
5344,8.44658e-06,0.107978
5345,8.39752e-06,0.108293
5346,8.34889e-06,0.108607
5347,8.30068e-06,0.108922
5348,8.25289e-06,0.109236
5349,8.20551e-06,0.10955
5350,8.15853e-06,0.109865
5351,8.11196e-06,0.110179
5352,8.06578e-06,0.110493
5353,8.02e-06,0.110808
5354,7.9746e-06,0.111123
5355,7.92959e-06,0.111437
5356,7.88496e-06,0.111751
5357,7.8407e-06,0.112066
5358,7.79682e-06,0.11238
5359,7.7533e-06,0.112694
5360,7.71011e-06,0.113008
5361,7.66734e-06,0.113323
5362,7.6249e-06,0.113638
5363,7.58281e-06,0.113952
5364,7.54106e-06,0.114266
5365,7.49966e-06,0.114581
5366,7.4586e-06,0.114896
5367,7.41787e-06,0.11521
5368,7.37748e-06,0.115526
5369,7.3374e-06,0.115839
5370,7.29766e-06,0.116153
5371,7.25824e-06,0.116467
5372,7.21914e-06,0.116782
5373,7.18035e-06,0.117096
5374,7.14187e-06,0.11741
5375,7.10371e-06,0.117725
5376,7.06584e-06,0.11804
5377,7.02828e-06,0.118354
5378,6.99101e-06,0.118667
5379,6.95404e-06,0.118982
5380,6.91736e-06,0.119297
5381,6.88098e-06,0.119611
5382,6.84487e-06,0.119925
5383,6.80905e-06,0.12024
5384,6.77351e-06,0.120553
5385,6.73825e-06,0.120869
5386,6.70325e-06,0.121183
5387,6.66854e-06,0.121497
5388,6.63409e-06,0.121812
5389,6.5999e-06,0.122126
5390,6.56598e-06,0.12244
5391,6.53232e-06,0.122755
5392,6.49891e-06,0.123071
5393,6.46577e-06,0.123383
5394,6.43287e-06,0.123698
5395,6.40022e-06,0.124012
5396,6.36785e-06,0.124326
5397,6.33567e-06,0.124641
5398,6.30376e-06,0.124956
5399,6.27209e-06,0.12527
5400,6.24065e-06,0.125585
5401,6.20945e-06,0.125898
5402,6.17849e-06,0.126213
5403,6.14775e-06,0.126528
5404,6.11725e-06,0.126842
5405,6.08698e-06,0.127155
5406,6.05691e-06,0.12747
5407,6.02707e-06,0.127785
5408,5.99746e-06,0.128099
5409,5.96806e-06,0.128414
5410,5.93886e-06,0.128726
5411,5.90991e-06,0.129041
5412,5.88114e-06,0.129356
5413,5.85259e-06,0.12967
5414,5.82424e-06,0.129985
5415,5.7961e-06,0.130299
5416,5.76817e-06,0.130615
5417,5.74043e-06,0.130928
5418,5.7129e-06,0.131242
5419,5.68555e-06,0.131557
5420,5.65841e-06,0.131871
5421,5.63146e-06,0.132185
5422,5.6047e-06,0.1325
5423,5.57813e-06,0.132814
5424,5.55173e-06,0.133127
5425,5.52555e-06,0.133443
5426,5.49954e-06,0.133758
5427,5.47371e-06,0.134072
5428,5.44806e-06,0.134386
5429,5.4226e-06,0.1347
5430,5.3973e-06,0.135015
5431,5.37219e-06,0.135329
5432,5.34726e-06,0.135644
5433,5.32248e-06,0.135958
5434,5.29789e-06,0.136272
5435,5.27347e-06,0.136586
5436,5.2492e-06,0.1369
5437,5.22511e-06,0.137215
5438,5.20118e-06,0.137528
5439,5.17742e-06,0.137844
5440,5.15382e-06,0.138159
5441,5.13038e-06,0.138472
5442,5.10709e-06,0.138785
5443,5.08398e-06,0.139101
5444,5.06101e-06,0.139415
5445,5.03819e-06,0.13973
5446,5.01553e-06,0.140044
5447,4.99302e-06,0.140358
5448,4.97067e-06,0.14067
5449,4.94846e-06,0.140987
5450,4.92639e-06,0.1413
5451,4.90449e-06,0.141616
5452,4.88272e-06,0.141929
5453,4.8611e-06,0.142244
5454,4.8396e-06,0.142562
5455,4.81828e-06,0.142872
5456,4.79708e-06,0.143189
5457,4.77602e-06,0.143501
5458,4.7551e-06,0.143816
5459,4.73432e-06,0.14413
5460,4.71367e-06,0.144444
5461,4.69315e-06,0.144758
5462,4.67277e-06,0.145073
5463,4.65252e-06,0.145387
5464,4.63239e-06,0.145702
5465,4.61241e-06,0.146015
5466,4.59255e-06,0.14633
5467,4.57282e-06,0.146644
5468,4.55322e-06,0.146958
5469,4.53374e-06,0.147273
5470,4.51438e-06,0.147587
5471,4.49515e-06,0.147901
5472,4.47604e-06,0.148216
5473,4.45705e-06,0.14853
5474,4.43818e-06,0.148844
5475,4.41942e-06,0.149158
5476,4.40079e-06,0.149473
5477,4.38228e-06,0.149787
5478,4.36389e-06,0.150102
5479,4.3456e-06,0.150414
5480,4.32742e-06,0.150732
5481,4.30937e-06,0.151045
5482,4.29143e-06,0.151359
5483,4.27359e-06,0.151673
5484,4.25587e-06,0.151988
5485,4.23826e-06,0.152303
5486,4.22076e-06,0.152616
5487,4.20336e-06,0.15293
5488,4.18607e-06,0.153245
5489,4.16889e-06,0.15356
5490,4.15181e-06,0.153873
5491,4.13484e-06,0.154187
5492,4.11797e-06,0.154502
5493,4.1012e-06,0.154816
5494,4.08454e-06,0.15513
5495,4.06797e-06,0.155443
5496,4.05152e-06,0.155759
5497,4.03514e-06,0.156073
5498,4.01888e-06,0.156387
5499,4.00271e-06,0.1567
5500,3.98664e-06,0.157016
5501,3.97066e-06,0.15733
5502,3.95478e-06,0.157644
5503,3.939e-06,0.157959
5504,3.9233e-06,0.158275
5505,3.90771e-06,0.158587
5506,3.8922e-06,0.158902
5507,3.87679e-06,0.159216
5508,3.86147e-06,0.15953
5509,3.84623e-06,0.159845
5510,3.83109e-06,0.160159
5511,3.81603e-06,0.160474
5512,3.80107e-06,0.160786
5513,3.78616e-06,0.161111
5514,3.7714e-06,0.161416
5515,3.75669e-06,0.161731
5516,3.74207e-06,0.162043
5517,3.72754e-06,0.162358
5518,3.71309e-06,0.162673
5519,3.69872e-06,0.162987
5520,3.68444e-06,0.163303
5521,3.67024e-06,0.163615
5522,3.65611e-06,0.16393
5523,3.64207e-06,0.164244
5524,3.62811e-06,0.164559
5525,3.61423e-06,0.164873
5526,3.60043e-06,0.165187
5527,3.58671e-06,0.165501
5528,3.57306e-06,0.165815
5529,3.55949e-06,0.166132
5530,3.54601e-06,0.166443
5531,3.53259e-06,0.166769
5532,3.51926e-06,0.167073
5533,3.50599e-06,0.167387
5534,3.49281e-06,0.167702
5535,3.47969e-06,0.168016
5536,3.46665e-06,0.168331
5537,3.45368e-06,0.168644
5538,3.44079e-06,0.168959
5539,3.42796e-06,0.169273
5540,3.4152e-06,0.169587
5541,3.40253e-06,0.169901
5542,3.38992e-06,0.170216
5543,3.37737e-06,0.17053
5544,3.3649e-06,0.170846
5545,3.3525e-06,0.171157
5546,3.34016e-06,0.171472
5547,3.32788e-06,0.171787
5548,3.31569e-06,0.1721
5549,3.30355e-06,0.172416
5550,3.29149e-06,0.172731
5551,3.27948e-06,0.173044
5552,3.26754e-06,0.173356
5553,3.25566e-06,0.173672
5554,3.24386e-06,0.173987
5555,3.23211e-06,0.174301
5556,3.22043e-06,0.174615
5557,3.20881e-06,0.17493
5558,3.19725e-06,0.175244
5559,3.18576e-06,0.175558
5560,3.17433e-06,0.175871
5561,3.16295e-06,0.176186
5562,3.15164e-06,0.176501
5563,3.14039e-06,0.176815
5564,3.1292e-06,0.177128
5565,3.11807e-06,0.177443
5566,3.10699e-06,0.177758
5567,3.09599e-06,0.178073
5568,3.08502e-06,0.178388
5569,3.07413e-06,0.1787
5570,3.06329e-06,0.179016
5571,3.0525e-06,0.179329
5572,3.04177e-06,0.179645
5573,3.03111e-06,0.179957
5574,3.02049e-06,0.180271
5575,3.00993e-06,0.180587
5576,2.99942e-06,0.1809
5577,2.98897e-06,0.181214
5578,2.97857e-06,0.181528
5579,2.96823e-06,0.181841
5580,2.95794e-06,0.18216
5581,2.94771e-06,0.182472
5582,2.93752e-06,0.182785
5583,2.92739e-06,0.1831
5584,2.91732e-06,0.183414
5585,2.90728e-06,0.183733
5586,2.89731e-06,0.184043
5587,2.88739e-06,0.184356
5588,2.87751e-06,0.184671
5589,2.86768e-06,0.184984
5590,2.85791e-06,0.1853
5591,2.84818e-06,0.185614
5592,2.8385e-06,0.185926
5593,2.82889e-06,0.186242
5594,2.81931e-06,0.186558
5595,2.80978e-06,0.186871
5596,2.80029e-06,0.187184
5597,2.79087e-06,0.187499
5598,2.78148e-06,0.187814
5599,2.77214e-06,0.188128
5600,2.76284e-06,0.188443
5601,2.7536e-06,0.188757
5602,2.7444e-06,0.189069
5603,2.73525e-06,0.189386
5604,2.72613e-06,0.1897
5605,2.71707e-06,0.190013
5606,2.70805e-06,0.190328
5607,2.69908e-06,0.190642
5608,2.69015e-06,0.190958
5609,2.68126e-06,0.19127
5610,2.67242e-06,0.191581
5611,2.66362e-06,0.191899
5612,2.65486e-06,0.192214
5613,2.64615e-06,0.192527
5614,2.63747e-06,0.192842
5615,2.62885e-06,0.193155
5616,2.62026e-06,0.193466
5617,2.61171e-06,0.193785
5618,2.60322e-06,0.194099
5619,2.59475e-06,0.194413
5620,2.58633e-06,0.194728
5621,2.57795e-06,0.195042
5622,2.56961e-06,0.195357
5623,2.56131e-06,0.19567
5624,2.55305e-06,0.195982
5625,2.54483e-06,0.196298
5626,2.53665e-06,0.196612
5627,2.5285e-06,0.19693
5628,2.5204e-06,0.197242
5629,2.51234e-06,0.197557
5630,2.50431e-06,0.197867
5631,2.49632e-06,0.198184
5632,2.48836e-06,0.198502
5633,2.48046e-06,0.198812
5634,2.47259e-06,0.199127
5635,2.46475e-06,0.19944
5636,2.45695e-06,0.199751
5637,2.44918e-06,0.20007
5638,2.44146e-06,0.200384
5639,2.43377e-06,0.200697
5640,2.42612e-06,0.201012
5641,2.41849e-06,0.201326
5642,2.41091e-06,0.20164
5643,2.40336e-06,0.201954
5644,2.39583e-06,0.202267
5645,2.38837e-06,0.202584
5646,2.38092e-06,0.202899
5647,2.37351e-06,0.203214
5648,2.36615e-06,0.203525
5649,2.3588e-06,0.203843
5650,2.35149e-06,0.204154
5651,2.34422e-06,0.204469
5652,2.33698e-06,0.204782
5653,2.32977e-06,0.205096
5654,2.3226e-06,0.205412
5655,2.31546e-06,0.205726
5656,2.30834e-06,0.206041
5657,2.30127e-06,0.206357
5658,2.29423e-06,0.206666
5659,2.28721e-06,0.206981
5660,2.28027e-06,0.207285
5661,2.27327e-06,0.207616
5662,2.26637e-06,0.207927
5663,2.25949e-06,0.208239
5664,2.25263e-06,0.208554
5665,2.24581e-06,0.208869
5666,2.23902e-06,0.209181
5667,2.23226e-06,0.209495
5668,2.22553e-06,0.20981
5669,2.21883e-06,0.210125
5670,2.21215e-06,0.210439
5671,2.20552e-06,0.210751
5672,2.1989e-06,0.211073
5673,2.19231e-06,0.211382
5674,2.18577e-06,0.211695
5675,2.17924e-06,0.212013
5676,2.17275e-06,0.212324
5677,2.16628e-06,0.212639
5678,2.15985e-06,0.212953
5679,2.15344e-06,0.213267
5680,2.14706e-06,0.213579
5681,2.14071e-06,0.213894
5682,2.13437e-06,0.214209
5683,2.12808e-06,0.214525
5684,2.12181e-06,0.214834
5685,2.11557e-06,0.215151
5686,2.10935e-06,0.215468
5687,2.10317e-06,0.21578
5688,2.09699e-06,0.21609
5689,2.09087e-06,0.216409
5690,2.08476e-06,0.216723
5691,2.07868e-06,0.217038
5692,2.07263e-06,0.217353
5693,2.0666e-06,0.217666
5694,2.06059e-06,0.217981
5695,2.05463e-06,0.218292
5696,2.04867e-06,0.218612
5697,2.04275e-06,0.218924
5698,2.03684e-06,0.219238
5699,2.03097e-06,0.219552
5700,2.02513e-06,0.219866
5701,2.0193e-06,0.220181
5702,2.01349e-06,0.220496
5703,2.00773e-06,0.220809
5704,2.00198e-06,0.221118
5705,1.99625e-06,0.221437
5706,1.99054e-06,0.221753
5707,1.98487e-06,0.222065
5708,1.97922e-06,0.222379
5709,1.97359e-06,0.222696
5710,1.96798e-06,0.223008
5711,1.9624e-06,0.223322
5712,1.95685e-06,0.223638
5713,1.95132e-06,0.223953
5714,1.94579e-06,0.224267
5715,1.94031e-06,0.224581
5716,1.93485e-06,0.224895
5717,1.92941e-06,0.225213
5718,1.92398e-06,0.225521
5719,1.91858e-06,0.225838
5720,1.9132e-06,0.226141
5721,1.90786e-06,0.226465
5722,1.90252e-06,0.226779
5723,1.89722e-06,0.227092
5724,1.89194e-06,0.227404
5725,1.88667e-06,0.227723
5726,1.88143e-06,0.228035
5727,1.87621e-06,0.22835
5728,1.87101e-06,0.228669
5729,1.86583e-06,0.228978
5730,1.86068e-06,0.229293
5731,1.85554e-06,0.229608
5732,1.85043e-06,0.229925
5733,1.84533e-06,0.230236
5734,1.84025e-06,0.230549
5735,1.83521e-06,0.230863
5736,1.83018e-06,0.231178
5737,1.82516e-06,0.231491
5738,1.82017e-06,0.231805
5739,1.8152e-06,0.232121
5740,1.81025e-06,0.232437
5741,1.80532e-06,0.232747
5742,1.80041e-06,0.233063
5743,1.79552e-06,0.233376
5744,1.79065e-06,0.233692
5745,1.78579e-06,0.233983
5746,1.78097e-06,0.23432
5747,1.77616e-06,0.234635
5748,1.77136e-06,0.234948
5749,1.76658e-06,0.235261
5750,1.76183e-06,0.235576
5751,1.7571e-06,0.235883
5752,1.75239e-06,0.236201
5753,1.74768e-06,0.236519
5754,1.743e-06,0.23683
5755,1.73834e-06,0.237147
5756,1.7337e-06,0.237462
5757,1.72908e-06,0.237775
5758,1.72447e-06,0.238088
5759,1.71989e-06,0.238407
5760,1.7153e-06,0.23872
5761,1.71076e-06,0.239035
5762,1.70623e-06,0.239348
5763,1.70173e-06,0.239658
5764,1.69723e-06,0.239974
5765,1.69274e-06,0.240288
5766,1.68828e-06,0.240603
5767,1.68383e-06,0.240918
5768,1.67941e-06,0.241231
5769,1.675e-06,0.241545
5770,1.67061e-06,0.241861
5771,1.66622e-06,0.242177
5772,1.66186e-06,0.242489
5773,1.65752e-06,0.242804
5774,1.65319e-06,0.243117
5775,1.64889e-06,0.243433
5776,1.6446e-06,0.243744
5777,1.64032e-06,0.244061
5778,1.63606e-06,0.244374
5779,1.63182e-06,0.24469
5780,1.62759e-06,0.245004
5781,1.62338e-06,0.245319
5782,1.61919e-06,0.245631
5783,1.615e-06,0.245945
5784,1.61085e-06,0.246264
5785,1.6067e-06,0.246575
5786,1.60257e-06,0.246888
5787,1.59846e-06,0.247202
5788,1.59435e-06,0.24752
5789,1.59027e-06,0.247831
5790,1.58621e-06,0.248145
5791,1.58215e-06,0.248458
5792,1.57812e-06,0.248769
5793,1.57409e-06,0.249087
5794,1.57008e-06,0.249402
5795,1.56609e-06,0.249721
5796,1.56212e-06,0.250035
5797,1.55816e-06,0.250342
5798,1.55421e-06,0.25066
5799,1.55028e-06,0.250973
5800,1.54635e-06,0.251295
5801,1.54245e-06,0.251599
5802,1.53857e-06,0.251915
5803,1.53469e-06,0.252231
5804,1.53084e-06,0.252544
5805,1.52699e-06,0.252858
5806,1.52317e-06,0.253172
5807,1.51935e-06,0.253486
5808,1.51555e-06,0.253801
5809,1.51176e-06,0.254114
5810,1.50799e-06,0.254432
5811,1.50423e-06,0.254726
5812,1.50048e-06,0.255059
5813,1.49675e-06,0.255372
5814,1.49302e-06,0.255687
5815,1.48932e-06,0.256
5816,1.48562e-06,0.256308
5817,1.48196e-06,0.25662
5818,1.47829e-06,0.256942
5819,1.47463e-06,0.25726
5820,1.47099e-06,0.257558
5821,1.46738e-06,0.257886
5822,1.46377e-06,0.258195
5823,1.46018e-06,0.258512
5824,1.45659e-06,0.258832
5825,1.45302e-06,0.259145
5826,1.44946e-06,0.259458
5827,1.44591e-06,0.259771
5828,1.44238e-06,0.260092
5829,1.43886e-06,0.260399
5830,1.43534e-06,0.260712
5831,1.43185e-06,0.26103
5832,1.42837e-06,0.26134
5833,1.42491e-06,0.261657
5834,1.42144e-06,0.26197
5835,1.418e-06,0.262284
5836,1.41457e-06,0.2626
5837,1.41115e-06,0.262914
5838,1.40773e-06,0.263232
5839,1.40434e-06,0.263542
5840,1.40097e-06,0.263863
5841,1.39759e-06,0.26417
5842,1.39423e-06,0.264484
5843,1.39088e-06,0.264805
5844,1.38756e-06,0.265112
5845,1.38422e-06,0.265427
5846,1.38091e-06,0.265742
5847,1.37761e-06,0.266053
5848,1.37433e-06,0.266361
5849,1.37104e-06,0.266681
5850,1.36778e-06,0.267
5851,1.36452e-06,0.267308
5852,1.36128e-06,0.267627
5853,1.35805e-06,0.267939
5854,1.35483e-06,0.268257
5855,1.35163e-06,0.268573
5856,1.34842e-06,0.268885
5857,1.34525e-06,0.269199
5858,1.34207e-06,0.269505
5859,1.3389e-06,0.269829
5860,1.33575e-06,0.270141
5861,1.33261e-06,0.270456
5862,1.32949e-06,0.270765
5863,1.32638e-06,0.271091
5864,1.32325e-06,0.271396
5865,1.32015e-06,0.27171
5866,1.31707e-06,0.272027
5867,1.31398e-06,0.27234
5868,1.31092e-06,0.272654
5869,1.30785e-06,0.272964
5870,1.30482e-06,0.273281
5871,1.30178e-06,0.273597
5872,1.29876e-06,0.273914
5873,1.29573e-06,0.27423
5874,1.29275e-06,0.274541
5875,1.28975e-06,0.27485
5876,1.28676e-06,0.275169
5877,1.28379e-06,0.27548
5878,1.28083e-06,0.275791
5879,1.27788e-06,0.276109
5880,1.27495e-06,0.276429
5881,1.272e-06,0.276738
5882,1.26908e-06,0.277053
5883,1.26617e-06,0.277387
5884,1.26327e-06,0.277682
5885,1.26037e-06,0.277995
5886,1.25748e-06,0.278309
5887,1.25461e-06,0.278623
5888,1.25174e-06,0.278933
5889,1.2489e-06,0.279249
5890,1.24605e-06,0.279567
5891,1.24321e-06,0.279882
5892,1.24039e-06,0.280193
5893,1.23758e-06,0.280508
5894,1.23476e-06,0.280826
5895,1.23197e-06,0.281136
5896,1.22919e-06,0.281456
5897,1.22641e-06,0.281765
5898,1.22363e-06,0.282083
5899,1.22087e-06,0.282396
5900,1.21811e-06,0.282699
5901,1.21539e-06,0.283025
5902,1.21265e-06,0.283335
5903,1.20992e-06,0.283649
5904,1.20721e-06,0.283961
5905,1.20451e-06,0.284275
5906,1.20181e-06,0.284593
5907,1.19914e-06,0.284887
5908,1.19644e-06,0.285226
5909,1.19378e-06,0.285534
5910,1.19111e-06,0.285853
5911,1.18847e-06,0.28617
5912,1.18582e-06,0.28648
5913,1.18318e-06,0.286791
5914,1.18056e-06,0.287107
5915,1.17794e-06,0.287424
5916,1.17534e-06,0.287741
5917,1.17274e-06,0.288045
5918,1.17014e-06,0.288364
5919,1.16756e-06,0.28868
5920,1.16499e-06,0.288987
5921,1.16242e-06,0.289308
5922,1.15985e-06,0.289619
5923,1.1573e-06,0.289934
5924,1.15477e-06,0.29025
5925,1.15223e-06,0.290573
5926,1.1497e-06,0.290874
5927,1.14719e-06,0.291191
5928,1.14466e-06,0.291506
5929,1.14218e-06,0.291813
5930,1.13969e-06,0.292134
5931,1.13718e-06,0.292449
5932,1.13473e-06,0.292763
5933,1.13226e-06,0.293075
5934,1.12979e-06,0.293388
5935,1.12734e-06,0.293711
5936,1.1249e-06,0.294019
5937,1.12245e-06,0.294331
5938,1.12003e-06,0.294647
5939,1.11761e-06,0.294964
5940,1.11519e-06,0.295273
5941,1.11279e-06,0.295589
5942,1.11039e-06,0.295905
5943,1.10799e-06,0.296221
5944,1.10561e-06,0.296536
5945,1.10323e-06,0.296842
5946,1.10087e-06,0.297161
5947,1.0985e-06,0.297474
5948,1.09615e-06,0.297787
5949,1.09381e-06,0.298105
5950,1.09147e-06,0.298428
5951,1.08913e-06,0.298734
5952,1.08681e-06,0.299045
5953,1.08449e-06,0.299353
5954,1.08218e-06,0.299675
5955,1.07989e-06,0.299988
5956,1.07758e-06,0.300301
5957,1.0753e-06,0.300618
5958,1.07302e-06,0.300933
5959,1.07076e-06,0.301246
5960,1.06847e-06,0.301561
5961,1.06622e-06,0.30188
5962,1.06397e-06,0.302189
5963,1.06172e-06,0.302502
5964,1.05946e-06,0.302748
5965,1.05725e-06,0.303128
5966,1.05502e-06,0.303441
5967,1.0528e-06,0.303748
5968,1.05059e-06,0.304084
5969,1.0484e-06,0.304383
5970,1.0462e-06,0.304703
5971,1.04401e-06,0.305019
5972,1.04184e-06,0.305346
5973,1.03965e-06,0.305646
5974,1.03748e-06,0.305959
5975,1.03531e-06,0.306276
5976,1.03317e-06,0.30658
5977,1.03101e-06,0.306898
5978,1.02886e-06,0.307209
5979,1.02673e-06,0.30753
5980,1.0246e-06,0.307837
5981,1.02247e-06,0.308162
5982,1.02036e-06,0.308472
5983,1.01826e-06,0.308787
5984,1.01614e-06,0.309108
5985,1.01403e-06,0.309421
5986,1.01195e-06,0.309729
5987,1.00986e-06,0.310039
5988,1.00778e-06,0.310354
5989,1.00571e-06,0.310667
5990,1.00363e-06,0.31101
5991,1.00157e-06,0.311277
5992,9.99536e-07,0.311612
5993,9.9749e-07,0.311938
5994,9.95441e-07,0.312237
5995,9.93391e-07,0.312557
5996,9.91378e-07,0.312869
5997,9.8935e-07,0.313201
5998,9.87335e-07,0.313499
5999,9.85317e-07,0.313812
6000,9.8329e-07,0.314122
6001,9.81318e-07,0.314443
6002,9.79326e-07,0.314754
6003,9.77343e-07,0.315076
6004,9.75356e-07,0.315379
6005,9.73393e-07,0.315694
6006,9.71414e-07,0.316015
6007,9.69444e-07,0.316309
6008,9.67492e-07,0.316667
6009,9.65537e-07,0.316958
6010,9.63596e-07,0.317271
6011,9.61653e-07,0.317577
6012,9.5972e-07,0.317898
6013,9.57751e-07,0.31817
6014,9.5587e-07,0.318536
6015,9.53948e-07,0.318841
6016,9.52034e-07,0.319147
6017,9.50129e-07,0.319482
6018,9.48225e-07,0.319784
6019,9.46333e-07,0.320101
6020,9.44449e-07,0.320412
6021,9.42561e-07,0.320727
6022,9.40679e-07,0.321041
6023,9.38813e-07,0.321348
6024,9.36946e-07,0.32167
6025,9.35084e-07,0.321978
6026,9.33221e-07,0.3223
6027,9.31372e-07,0.322612
6028,9.29527e-07,0.322924
6029,9.27681e-07,0.32323
6030,9.25852e-07,0.323558
6031,9.2402e-07,0.323868
6032,9.222e-07,0.324178
6033,9.20381e-07,0.324495
6034,9.18563e-07,0.324808
6035,9.16758e-07,0.325127
6036,9.14961e-07,0.32544
6037,9.13136e-07,0.325759
6038,9.11362e-07,0.326073
6039,9.09572e-07,0.326383
6040,9.07791e-07,0.326702
6041,9.06012e-07,0.327012
6042,9.0424e-07,0.327324
6043,9.02472e-07,0.327636
6044,9.00713e-07,0.327944
6045,8.98962e-07,0.328264
6046,8.97199e-07,0.328579
6047,8.95452e-07,0.328898
6048,8.9372e-07,0.329209
6049,8.91974e-07,0.329522
6050,8.90234e-07,0.329838
6051,8.88516e-07,0.330151
6052,8.86789e-07,0.330467
6053,8.85075e-07,0.33078
6054,8.83362e-07,0.331093
6055,8.81654e-07,0.331409
6056,8.79937e-07,0.331714
6057,8.78252e-07,0.332039
6058,8.76561e-07,0.33235
6059,8.74867e-07,0.33266
6060,8.73191e-07,0.332982
6061,8.71512e-07,0.333293
6062,8.698e-07,0.333632
6063,8.6816e-07,0.333922
6064,8.66509e-07,0.334236
6065,8.64801e-07,0.334571
6066,8.63188e-07,0.334863
6067,8.61532e-07,0.335179
6068,8.59891e-07,0.335492
6069,8.58254e-07,0.335811
6070,8.56611e-07,0.336125
6071,8.54978e-07,0.336436
6072,8.5335e-07,0.336745
6073,8.51728e-07,0.337063
6074,8.50101e-07,0.337374
6075,8.48491e-07,0.337703
6076,8.46885e-07,0.337998
6077,8.45277e-07,0.338319
6078,8.43681e-07,0.338632
6079,8.42084e-07,0.338954
6080,8.40496e-07,0.339261
6081,8.38896e-07,0.339568
6082,8.37375e-07,0.339909
6083,8.35743e-07,0.340205
6084,8.34168e-07,0.340522
6085,8.32597e-07,0.340832
6086,8.31035e-07,0.341144
6087,8.29478e-07,0.341464
6088,8.27918e-07,0.341766
6089,8.2636e-07,0.342086
6090,8.24812e-07,0.342403
6091,8.23265e-07,0.34272
6092,8.21725e-07,0.343033
6093,8.20193e-07,0.343341
6094,8.18659e-07,0.343664
6095,8.17133e-07,0.343976
6096,8.15597e-07,0.344293
6097,8.14089e-07,0.34461
6098,8.12576e-07,0.344917
6099,8.11066e-07,0.345234
6100,8.096e-07,0.345612
6101,8.08056e-07,0.345859
6102,8.06554e-07,0.346176
6103,8.05069e-07,0.346502
6104,8.03578e-07,0.346793
6105,8.02087e-07,0.347117
6106,8.006e-07,0.347424
6107,7.99131e-07,0.347726
6108,7.97653e-07,0.348065
6109,7.96181e-07,0.348356
6110,7.94716e-07,0.348694
6111,7.93251e-07,0.348997
6112,7.91794e-07,0.349318
6113,7.90328e-07,0.349629
6114,7.88881e-07,0.34995
6115,7.87448e-07,0.350254
6116,7.86e-07,0.350576
6117,7.84547e-07,0.350873
6118,7.83128e-07,0.351198
6119,7.81704e-07,0.351521
6120,7.80268e-07,0.351815
6121,7.78845e-07,0.352141
6122,7.77423e-07,0.352461
6123,7.7602e-07,0.352755
6124,7.74595e-07,0.353085
6125,7.73186e-07,0.353398
6126,7.71785e-07,0.353724
6127,7.70387e-07,0.354018
6128,7.68988e-07,0.354343
6129,7.67591e-07,0.354657
6130,7.66203e-07,0.354973
6131,7.64811e-07,0.355274
6132,7.63432e-07,0.355617
6133,7.62044e-07,0.355907
6134,7.6068e-07,0.356231
6135,7.59308e-07,0.356541
6136,7.57941e-07,0.356862
6137,7.56573e-07,0.357168
6138,7.55205e-07,0.35749
6139,7.5385e-07,0.357786
6140,7.52506e-07,0.358124
6141,7.51149e-07,0.358423
6142,7.49807e-07,0.358747
6143,7.48462e-07,0.359056
6144,7.47122e-07,0.359361
6145,7.45791e-07,0.359689
6146,7.44458e-07,0.359989
6147,7.43123e-07,0.36032
6148,7.41801e-07,0.360624
6149,7.40478e-07,0.360946
6150,7.39158e-07,0.361251
6151,7.37842e-07,0.361561
6152,7.36536e-07,0.361903
6153,7.35207e-07,0.36222
6154,7.33923e-07,0.362508
6155,7.32615e-07,0.36282
6156,7.31322e-07,0.363137
6157,7.30012e-07,0.363474
6158,7.28728e-07,0.363767
6159,7.27437e-07,0.364094
6160,7.26159e-07,0.364394
6161,7.24879e-07,0.364717
6162,7.23588e-07,0.365023
6163,7.22368e-07,0.365324
6164,7.21055e-07,0.365687
6165,7.19785e-07,0.365963
6166,7.18516e-07,0.366273
6167,7.17254e-07,0.366593
6168,7.16004e-07,0.366918
6169,7.14738e-07,0.367228
6170,7.13489e-07,0.367542
6171,7.12248e-07,0.367837
6172,7.10989e-07,0.368162
6173,7.09758e-07,0.368477
6174,7.08519e-07,0.368787
6175,7.07276e-07,0.369123
6176,7.06049e-07,0.369437
6177,7.04812e-07,0.369746
6178,7.03589e-07,0.370048
6179,7.02364e-07,0.370368
6180,7.01143e-07,0.370676
6181,6.99919e-07,0.371026
6182,6.987e-07,0.371305
6183,6.97495e-07,0.371626
6184,6.9627e-07,0.371919
6185,6.95085e-07,0.372258
6186,6.93886e-07,0.37257
6187,6.92683e-07,0.372882
6188,6.9148e-07,0.373175
6189,6.90276e-07,0.373502
6190,6.89096e-07,0.373826
6191,6.87913e-07,0.374134
6192,6.86736e-07,0.374457
6193,6.85554e-07,0.374764
6194,6.84382e-07,0.375072
6195,6.83195e-07,0.375397
6196,6.82032e-07,0.375705
6197,6.80857e-07,0.376019
6198,6.79692e-07,0.376328
6199,6.78523e-07,0.376642
6200,6.77353e-07,0.37696
6201,6.76199e-07,0.377275
6202,6.75045e-07,0.377566
6203,6.73902e-07,0.377909
6204,6.72759e-07,0.378223
6205,6.71608e-07,0.378538
6206,6.70463e-07,0.378848
6207,6.69331e-07,0.379191
6208,6.68181e-07,0.379473
6209,6.67045e-07,0.379782
6210,6.65923e-07,0.380094
6211,6.64791e-07,0.380418
6212,6.63664e-07,0.380754
6213,6.62535e-07,0.381046
6214,6.61419e-07,0.381363
6215,6.60287e-07,0.381671
6216,6.59174e-07,0.38199
6217,6.58065e-07,0.3823
6218,6.56956e-07,0.382621
6219,6.55854e-07,0.382941
6220,6.54751e-07,0.383252
6221,6.53651e-07,0.383551
6222,6.52535e-07,0.383889
6223,6.51445e-07,0.384194
6224,6.50342e-07,0.384512
6225,6.4926e-07,0.384821
6226,6.48171e-07,0.385136
6227,6.47085e-07,0.385442
6228,6.46001e-07,0.385747
6229,6.44924e-07,0.38607
6230,6.43839e-07,0.386357
6231,6.42764e-07,0.38671
6232,6.41695e-07,0.387012
6233,6.40628e-07,0.387339
6234,6.3956e-07,0.387654
6235,6.385e-07,0.38797
6236,6.37429e-07,0.388277
6237,6.36373e-07,0.388577
6238,6.35317e-07,0.388904
6239,6.34257e-07,0.389221
6240,6.33209e-07,0.389539
6241,6.32161e-07,0.389841
6242,6.31109e-07,0.390159
6243,6.30066e-07,0.390472
6244,6.29023e-07,0.390786
6245,6.27985e-07,0.39111
6246,6.2694e-07,0.391425
6247,6.25915e-07,0.391744
6248,6.24881e-07,0.392042
6249,6.2384e-07,0.392317
6250,6.22825e-07,0.392676
6251,6.21802e-07,0.392991
6252,6.20787e-07,0.393319
6253,6.19764e-07,0.393632
6254,6.18745e-07,0.393927
6255,6.17732e-07,0.394261
6256,6.16716e-07,0.394556
6257,6.15706e-07,0.394867
6258,6.14696e-07,0.395176
6259,6.13685e-07,0.395494
6260,6.12684e-07,0.395811
6261,6.11677e-07,0.396129
6262,6.10691e-07,0.396419
6263,6.09685e-07,0.396738
6264,6.0869e-07,0.397093
6265,6.07711e-07,0.397386
6266,6.06715e-07,0.397704
6267,6.05734e-07,0.398026
6268,6.04753e-07,0.398325
6269,6.03776e-07,0.398639
6270,6.02782e-07,0.398966
6271,6.01811e-07,0.399266
6272,6.00837e-07,0.399574
6273,5.9986e-07,0.399905
6274,5.98888e-07,0.400223
6275,5.97926e-07,0.400526
6276,5.96962e-07,0.400842
6277,5.95995e-07,0.401163
6278,5.95049e-07,0.40149
6279,5.9407e-07,0.401795
6280,5.9312e-07,0.402068
6281,5.92164e-07,0.402416
6282,5.91225e-07,0.402735
6283,5.90267e-07,0.40304
6284,5.89309e-07,0.40336
6285,5.88375e-07,0.403673
6286,5.87418e-07,0.403997
6287,5.86485e-07,0.404304
6288,5.85542e-07,0.404608
6289,5.84608e-07,0.404902
6290,5.83673e-07,0.405241
6291,5.82744e-07,0.405547
6292,5.81805e-07,0.405873
6293,5.80882e-07,0.406184
6294,5.7995e-07,0.406498
6295,5.79002e-07,0.406795
6296,5.78111e-07,0.407126
6297,5.77194e-07,0.407429
6298,5.76274e-07,0.407753
6299,5.75353e-07,0.408092
6300,5.74449e-07,0.408377
6301,5.73528e-07,0.408692
6302,5.7262e-07,0.40902
6303,5.71695e-07,0.409278
6304,5.70811e-07,0.409642
6305,5.69909e-07,0.409957
6306,5.69005e-07,0.410265
6307,5.68112e-07,0.41059
6308,5.6721e-07,0.410902
6309,5.66321e-07,0.41122
6310,5.65418e-07,0.411539
6311,5.64536e-07,0.411849
6312,5.63647e-07,0.412141
6313,5.6276e-07,0.412462
6314,5.61871e-07,0.412784
6315,5.60996e-07,0.413099
6316,5.60116e-07,0.413399
6317,5.59214e-07,0.41377
6318,5.58356e-07,0.414029
6319,5.5748e-07,0.414349
6320,5.56672e-07,0.414588
6321,5.55737e-07,0.414981
6322,5.54868e-07,0.415444
6323,5.54008e-07,0.415608
6324,5.53139e-07,0.415928
6325,5.52293e-07,0.416238
6326,5.51408e-07,0.416535
6327,5.50568e-07,0.416855
6328,5.49698e-07,0.417191
6329,5.48852e-07,0.417493
6330,5.47995e-07,0.417825
6331,5.47144e-07,0.418115
6332,5.46296e-07,0.418433
6333,5.45449e-07,0.418749
6334,5.44597e-07,0.41905
6335,5.43742e-07,0.419266
6336,5.42909e-07,0.419679
6337,5.4207e-07,0.420014
6338,5.41237e-07,0.420317
6339,5.40394e-07,0.420616
6340,5.39561e-07,0.420949
6341,5.3877e-07,0.421292
6342,5.37907e-07,0.421572
6343,5.37069e-07,0.421899
6344,5.36258e-07,0.422211
6345,5.35423e-07,0.422519
6346,5.34601e-07,0.422838
6347,5.33786e-07,0.423175
6348,5.32964e-07,0.423448
6349,5.3215e-07,0.42377
6350,5.31314e-07,0.424066
6351,5.30518e-07,0.424401
6352,5.29694e-07,0.424707
6353,5.28895e-07,0.425032
6354,5.28087e-07,0.425344
6355,5.2728e-07,0.425668
6356,5.26477e-07,0.425976
6357,5.25668e-07,0.426284
6358,5.24873e-07,0.426607
6359,5.24068e-07,0.426916
6360,5.23274e-07,0.42723
6361,5.22473e-07,0.427547
6362,5.21694e-07,0.427865
6363,5.2089e-07,0.428054
6364,5.20093e-07,0.428485
6365,5.1931e-07,0.428806
6366,5.18521e-07,0.429131
6367,5.17733e-07,0.429444
6368,5.16951e-07,0.42974
6369,5.16167e-07,0.430062
6370,5.15385e-07,0.430368
6371,5.14609e-07,0.430699
6372,5.13829e-07,0.431003
6373,5.13056e-07,0.431313
6374,5.12283e-07,0.431631
6375,5.11508e-07,0.431943
6376,5.10741e-07,0.432258
6377,5.09973e-07,0.432583
6378,5.09206e-07,0.43289
6379,5.08432e-07,0.433203
6380,5.07667e-07,0.433526
6381,5.0691e-07,0.433832
6382,5.06153e-07,0.434147
6383,5.05391e-07,0.434445
6384,5.04637e-07,0.434767
6385,5.03872e-07,0.435086
6386,5.03128e-07,0.435396
6387,5.02366e-07,0.435709
6388,5.01621e-07,0.436036
6389,5.00867e-07,0.436314
6390,5.00125e-07,0.436678
6391,4.99389e-07,0.436958
6392,4.98637e-07,0.437297
6393,4.97895e-07,0.437609
6394,4.97159e-07,0.43793
6395,4.96416e-07,0.438226
6396,4.95673e-07,0.438536
6397,4.94933e-07,0.43885
6398,4.94212e-07,0.439155
6399,4.93467e-07,0.439531
6400,4.92733e-07,0.439798
6401,4.92007e-07,0.440112
6402,4.91279e-07,0.44042
6403,4.90549e-07,0.440738
6404,4.89829e-07,0.441073
6405,4.89107e-07,0.441369
6406,4.88377e-07,0.44168
6407,4.87665e-07,0.442016
6408,4.86948e-07,0.442305
6409,4.86226e-07,0.442631
6410,4.85515e-07,0.442953
6411,4.84793e-07,0.443236
6412,4.84081e-07,0.443573
6413,4.8336e-07,0.443862
6414,4.82658e-07,0.444204
6415,4.81952e-07,0.444509
6416,4.81238e-07,0.444815
6417,4.80537e-07,0.445142
6418,4.7983e-07,0.445462
6419,4.79127e-07,0.445773
6420,4.7843e-07,0.446088
6421,4.77727e-07,0.446412
6422,4.77025e-07,0.446723
6423,4.76337e-07,0.447024
6424,4.75633e-07,0.447318
6425,4.74938e-07,0.447647
6426,4.74247e-07,0.447959
6427,4.73562e-07,0.448285
6428,4.72873e-07,0.448607
6429,4.72193e-07,0.448898
6430,4.71496e-07,0.449227
6431,4.70811e-07,0.449546
6432,4.70125e-07,0.44988
6433,4.69443e-07,0.450193
6434,4.68778e-07,0.450537
6435,4.68087e-07,0.450788
6436,4.67405e-07,0.451101
6437,4.66731e-07,0.451414
6438,4.66072e-07,0.451735
6439,4.654e-07,0.452061
6440,4.64705e-07,0.45236
6441,4.64062e-07,0.452692
6442,4.63366e-07,0.452996
6443,4.627e-07,0.453294
6444,4.62037e-07,0.453634
6445,4.61372e-07,0.453923
6446,4.60702e-07,0.454244
6447,4.60042e-07,0.454567
6448,4.59378e-07,0.454868
6449,4.58719e-07,0.455211
6450,4.58057e-07,0.455513
6451,4.57383e-07,0.455843
6452,4.56734e-07,0.456162
6453,4.56091e-07,0.456458
6454,4.55445e-07,0.456762
6455,4.54815e-07,0.457086
6456,4.54133e-07,0.457399
6457,4.53482e-07,0.457702
6458,4.52832e-07,0.458003
6459,4.52201e-07,0.45834
6460,4.51546e-07,0.458652
6461,4.50903e-07,0.458962
6462,4.50267e-07,0.45928
6463,4.49631e-07,0.4596
6464,4.48968e-07,0.459915
6465,4.48348e-07,0.460239
6466,4.47699e-07,0.460517
6467,4.47069e-07,0.460848
6468,4.46432e-07,0.461159
6469,4.45807e-07,0.461485
6470,4.45163e-07,0.461803
6471,4.44528e-07,0.462091
6472,4.43903e-07,0.462425
6473,4.43287e-07,0.46273
6474,4.42686e-07,0.46302
6475,4.42016e-07,0.463362
6476,4.41399e-07,0.463672
6477,4.40776e-07,0.463988
6478,4.40156e-07,0.464295
6479,4.39531e-07,0.464642
6480,4.38895e-07,0.465002
6481,4.38316e-07,0.465279
6482,4.3768e-07,0.465552
6483,4.37061e-07,0.46587
6484,4.36444e-07,0.466185
6485,4.35836e-07,0.466523
6486,4.35219e-07,0.466816
6487,4.34627e-07,0.467158
6488,4.34001e-07,0.467464
6489,4.33394e-07,0.467752
6490,4.32767e-07,0.467959
6491,4.32187e-07,0.468398
6492,4.31572e-07,0.468712
6493,4.30969e-07,0.469004
6494,4.30371e-07,0.469337
6495,4.29774e-07,0.46965
6496,4.29165e-07,0.46997
6497,4.28558e-07,0.470275
6498,4.27975e-07,0.470584
6499,4.27377e-07,0.470905
6500,4.26756e-07,0.471202
6501,4.26188e-07,0.471514
6502,4.25602e-07,0.471853
6503,4.25004e-07,0.472149
6504,4.24415e-07,0.472462
6505,4.23822e-07,0.472813
6506,4.23208e-07,0.473053
6507,4.22646e-07,0.473578
6508,4.22056e-07,0.47372
6509,4.21474e-07,0.474049
6510,4.2089e-07,0.474357
6511,4.20301e-07,0.474684
6512,4.19742e-07,0.474986
6513,4.19153e-07,0.475295
6514,4.18571e-07,0.475618
6515,4.17989e-07,0.475945
6516,4.17397e-07,0.476227
6517,4.16832e-07,0.476555
6518,4.16265e-07,0.476882
6519,4.15691e-07,0.477181
6520,4.15115e-07,0.477506
6521,4.14549e-07,0.477822
6522,4.13981e-07,0.478113
6523,4.1341e-07,0.478436
6524,4.12838e-07,0.478761
6525,4.12275e-07,0.479092
6526,4.1171e-07,0.479382
6527,4.11148e-07,0.479689
6528,4.10581e-07,0.480016
6529,4.10025e-07,0.480319
6530,4.09448e-07,0.480599
6531,4.08892e-07,0.480954
6532,4.08335e-07,0.481259
6533,4.07784e-07,0.481591
6534,4.07227e-07,0.481904
6535,4.06683e-07,0.482254
6536,4.06107e-07,0.482487
6537,4.05562e-07,0.482843
6538,4.05009e-07,0.48316
6539,4.04458e-07,0.48346
6540,4.03922e-07,0.483831
6541,4.0334e-07,0.483761
6542,4.02806e-07,0.484429
6543,4.02243e-07,0.484758
6544,4.01717e-07,0.48504
6545,4.01174e-07,0.485347
6546,4.00629e-07,0.48566
6547,4.00085e-07,0.48598
6548,3.99546e-07,0.4863
6549,3.99004e-07,0.486608
6550,3.98475e-07,0.486924
6551,3.97883e-07,0.48727
6552,3.9739e-07,0.487543
6553,3.96848e-07,0.487867
6554,3.96325e-07,0.488212
6555,3.95783e-07,0.488493
6556,3.95247e-07,0.488809
6557,3.94714e-07,0.489141
6558,3.94177e-07,0.489439
6559,3.93659e-07,0.489745
6560,3.93126e-07,0.49005
6561,3.92597e-07,0.490388
6562,3.92067e-07,0.490691
6563,3.91543e-07,0.491008
6564,3.91017e-07,0.491306
6565,3.90494e-07,0.491664
6566,3.89973e-07,0.491957
6567,3.89448e-07,0.492265
6568,3.89074e-07,0.492557
6569,3.88411e-07,0.492878
6570,3.87885e-07,0.493206
6571,3.87378e-07,0.493527
6572,3.86853e-07,0.49385
6573,3.86338e-07,0.494136
6574,3.8582e-07,0.494448
6575,3.85302e-07,0.494786
6576,3.84794e-07,0.495103
6577,3.84278e-07,0.495385
6578,3.83775e-07,0.495705
6579,3.83252e-07,0.496051
6580,3.82745e-07,0.496358
6581,3.82232e-07,0.496659
6582,3.81725e-07,0.496997
6583,3.81255e-07,0.497447
6584,3.80707e-07,0.497591
6585,3.80015e-07,0.498687
6586,3.79744e-07,0.498177
6587,3.79207e-07,0.49857
6588,3.78702e-07,0.498864
6589,3.78204e-07,0.499176
6590,3.77706e-07,0.499508
6591,3.77183e-07,0.499697
6592,3.76704e-07,0.500122
6593,3.76196e-07,0.500452
6594,3.75711e-07,0.500739
6595,3.75207e-07,0.501073
6596,3.74719e-07,0.501375
6597,3.74233e-07,0.501693
6598,3.73721e-07,0.502003
6599,3.73226e-07,0.502314
6600,3.72743e-07,0.502637
6601,3.72266e-07,0.502937
6602,3.7178e-07,0.503271
6603,3.71278e-07,0.503557
6604,3.70787e-07,0.503885
6605,3.70309e-07,0.504177
6606,3.69831e-07,0.504515
6607,3.69337e-07,0.504847
6608,3.68864e-07,0.505132
6609,3.68377e-07,0.505478
6610,3.67896e-07,0.505778
6611,3.67402e-07,0.506067
6612,3.66932e-07,0.506414
6613,3.66454e-07,0.506726
6614,3.65987e-07,0.507016
6615,3.65493e-07,0.507366
6616,3.6499e-07,0.507601
6617,3.64535e-07,0.507989
6618,3.6407e-07,0.508283
6619,3.63598e-07,0.509041
6620,3.63112e-07,0.508915
6621,3.62632e-07,0.509304
6622,3.6216e-07,0.509543
6623,3.61776e-07,0.510204
6624,3.61236e-07,0.510211
6625,3.60777e-07,0.5105
6626,3.60304e-07,0.510808
6627,3.59835e-07,0.511127
6628,3.5937e-07,0.511415
6629,3.58908e-07,0.511738
6630,3.58438e-07,0.512073
6631,3.57975e-07,0.512354
6632,3.57512e-07,0.512656
6633,3.57052e-07,0.513003
6634,3.56591e-07,0.513573
6635,3.56118e-07,0.513669
6636,3.55676e-07,0.51394
6637,3.55205e-07,0.514242
6638,3.54742e-07,0.514559
6639,3.54299e-07,0.514878
6640,3.53838e-07,0.515135
6641,3.53382e-07,0.515524
6642,3.52925e-07,0.515815
6643,3.52482e-07,0.516152
6644,3.52012e-07,0.516436
6645,3.51589e-07,0.516728
6646,3.51122e-07,0.517093
6647,3.50675e-07,0.517396
6648,3.50225e-07,0.517729
6649,3.49777e-07,0.517999
6650,3.49278e-07,0.518309
6651,3.4888e-07,0.518662
6652,3.48412e-07,0.518974
6653,3.47987e-07,0.519284
6654,3.47538e-07,0.519563
6655,3.47095e-07,0.519924
6656,3.4663e-07,0.520125
6657,3.46218e-07,0.520545
6658,3.45772e-07,0.520862
6659,3.45336e-07,0.521172
6660,3.44894e-07,0.521443
6661,3.4445e-07,0.5218
6662,3.44031e-07,0.522122
6663,3.43565e-07,0.522405
6664,3.43153e-07,0.522705
6665,3.42699e-07,0.523004
6666,3.42269e-07,0.523391
6667,3.41849e-07,0.523644
6668,3.41395e-07,0.524036
6669,3.4099e-07,0.524368
6670,3.40532e-07,0.524619
6671,3.40115e-07,0.524958
6672,3.39672e-07,0.525251
6673,3.3927e-07,0.525691
6674,3.38809e-07,0.525899
6675,3.38391e-07,0.526186
6676,3.37961e-07,0.526463
6677,3.37534e-07,0.526831
6678,3.3711e-07,0.527138
6679,3.36692e-07,0.527435
6680,3.36272e-07,0.527799
6681,3.3584e-07,0.528073
6682,3.35414e-07,0.528453
6683,3.34993e-07,0.528726
6684,3.34578e-07,0.52908
6685,3.34151e-07,0.529344
6686,3.33727e-07,0.529665
6687,3.33305e-07,0.529974
6688,3.32894e-07,0.530266
6689,3.32469e-07,0.530611
6690,3.32056e-07,0.530923
6691,3.31643e-07,0.531223
6692,3.31242e-07,0.53157
6693,3.30824e-07,0.531867
6694,3.30392e-07,0.532151
6695,3.29972e-07,0.532447
6696,3.29576e-07,0.532777
6697,3.29159e-07,0.533121
6698,3.28744e-07,0.533425
6699,3.28335e-07,0.533714
6700,3.27921e-07,0.534065
6701,3.27521e-07,0.534352
6702,3.27109e-07,0.534678
6703,3.26705e-07,0.534993
6704,3.26302e-07,0.535297
6705,3.25884e-07,0.535606
6706,3.25483e-07,0.535937
6707,3.25074e-07,0.536281
6708,3.24671e-07,0.53651
6709,3.24275e-07,0.536874
6710,3.23873e-07,0.537197
6711,3.23468e-07,0.537478
6712,3.23065e-07,0.537852
6713,3.22664e-07,0.538126
6714,3.22269e-07,0.538477
6715,3.21871e-07,0.538763
6716,3.21467e-07,0.539082
6717,3.21055e-07,0.539372
6718,3.20663e-07,0.539793
6719,3.20281e-07,0.540048
6720,3.19878e-07,0.540319
6721,3.19474e-07,0.540659
6722,3.19092e-07,0.540976
6723,3.18692e-07,0.54128
6724,3.18319e-07,0.541585
6725,3.1791e-07,0.541907
6726,3.17534e-07,0.542196
6727,3.17145e-07,0.542556
6728,3.16734e-07,0.542843
6729,3.16353e-07,0.543177
6730,3.15961e-07,0.543453
6731,3.15569e-07,0.543777
6732,3.15186e-07,0.544117
6733,3.14804e-07,0.544381
6734,3.14409e-07,0.544745
6735,3.14018e-07,0.545049
6736,3.13644e-07,0.545368
6737,3.13253e-07,0.545724
6738,3.12852e-07,0.545964
6739,3.12493e-07,0.546306
6740,3.12114e-07,0.546618
6741,3.1172e-07,0.546942
6742,3.1134e-07,0.547257
6743,3.10952e-07,0.547542
6744,3.10593e-07,0.547873
6745,3.10202e-07,0.548184
6746,3.09826e-07,0.548469
6747,3.0945e-07,0.548806
6748,3.09072e-07,0.549124
6749,3.08697e-07,0.54944
6750,3.08317e-07,0.549757
6751,3.07944e-07,0.55004
6752,3.07583e-07,0.550356
6753,3.07196e-07,0.550674
6754,3.06825e-07,0.551022
6755,3.06454e-07,0.551334
6756,3.0609e-07,0.551683
6757,3.0563e-07,0.551078
6758,3.05384e-07,0.552173
6759,3.04972e-07,0.552564
6760,3.04615e-07,0.552941
6761,3.04229e-07,0.553212
6762,3.03854e-07,0.5536
6763,3.03494e-07,0.553837
6764,3.03128e-07,0.554176
6765,3.02763e-07,0.554453
6766,3.02393e-07,0.554847
6767,3.02012e-07,0.555214
6768,3.01666e-07,0.555441
6769,3.01303e-07,0.55572
6770,3.00944e-07,0.556061
6771,3.00573e-07,0.556393
6772,3.00208e-07,0.556659
6773,2.99854e-07,0.556996
6774,2.99491e-07,0.557305
6775,2.99161e-07,0.557458
6776,2.98763e-07,0.557905
6777,2.98408e-07,0.558241
6778,2.98056e-07,0.558569
6779,2.97689e-07,0.558857
6780,2.97345e-07,0.559184
6781,2.96965e-07,0.559544
6782,2.9662e-07,0.559804
6783,2.96274e-07,0.560129
6784,2.95914e-07,0.560427
6785,2.9556e-07,0.560757
6786,2.95205e-07,0.561063
6787,2.94835e-07,0.561384
6788,2.94499e-07,0.56169
6789,2.94146e-07,0.561985
6790,2.93796e-07,0.562328
6791,2.93447e-07,0.56264
6792,2.93098e-07,0.562948
6793,2.92751e-07,0.563275
6794,2.92396e-07,0.563584
6795,2.92051e-07,0.563881
6796,2.91715e-07,0.56423
6797,2.91351e-07,0.564479
6798,2.91004e-07,0.564807
6799,2.90625e-07,0.565242
6800,2.90307e-07,0.565539
6801,2.89981e-07,0.565767
6802,2.89618e-07,0.566117
6803,2.89284e-07,0.56642
6804,2.88935e-07,0.566715
6805,2.88595e-07,0.567059
6806,2.88246e-07,0.567339
6807,2.87914e-07,0.567618
6808,2.8757e-07,0.567996
6809,2.87252e-07,0.568247
6810,2.86879e-07,0.568595
6811,2.86555e-07,0.568929
6812,2.8621e-07,0.569249
6813,2.85865e-07,0.56951
6814,2.8554e-07,0.569854
6815,2.85181e-07,0.570175
6816,2.84856e-07,0.5705
6817,2.84544e-07,0.570802
6818,2.84194e-07,0.571134
6819,2.83843e-07,0.571476
6820,2.83525e-07,0.571765
6821,2.83184e-07,0.572066
6822,2.82863e-07,0.572282
6823,2.82525e-07,0.572698
6824,2.82186e-07,0.572999
6825,2.81855e-07,0.573316
6826,2.8152e-07,0.573658
6827,2.81188e-07,0.573961
6828,2.80868e-07,0.574283
6829,2.8054e-07,0.574587
6830,2.80205e-07,0.574898
6831,2.79879e-07,0.575206
6832,2.79557e-07,0.575504
6833,2.79225e-07,0.575835
6834,2.78907e-07,0.57619
6835,2.7857e-07,0.57646
6836,2.78242e-07,0.576794
6837,2.77914e-07,0.577084
6838,2.77609e-07,0.577375
6839,2.77267e-07,0.577723
6840,2.76941e-07,0.578041
6841,2.7662e-07,0.578349
6842,2.76321e-07,0.578781
6843,2.75958e-07,0.579416
6844,2.75662e-07,0.579282
6845,2.75333e-07,0.579618
6846,2.75011e-07,0.579923
6847,2.74687e-07,0.580279
6848,2.74388e-07,0.580541
6849,2.74059e-07,0.580868
6850,2.73745e-07,0.581179
6851,2.73416e-07,0.581473
6852,2.73104e-07,0.581811
6853,2.72789e-07,0.582105
6854,2.72462e-07,0.582456
6855,2.7215e-07,0.582748
6856,2.71822e-07,0.583051
6857,2.71523e-07,0.583392
6858,2.71198e-07,0.583615
6859,2.70896e-07,0.584005
6860,2.70573e-07,0.584326
6861,2.70267e-07,0.584663
6862,2.69927e-07,0.585044
6863,2.6964e-07,0.585264
6864,2.69318e-07,0.585415
6865,2.69023e-07,0.585904
6866,2.68708e-07,0.586192
6867,2.68395e-07,0.586511
6868,2.68082e-07,0.587022
6869,2.67773e-07,0.587164
6870,2.67481e-07,0.587407
6871,2.67171e-07,0.587792
6872,2.66851e-07,0.587993
6873,2.6655e-07,0.588393
6874,2.66235e-07,0.588714
6875,2.65939e-07,0.589023
6876,2.65621e-07,0.589355
6877,2.65275e-07,0.589647
6878,2.65025e-07,0.589933
6879,2.64714e-07,0.590269
6880,2.64417e-07,0.590563
6881,2.64082e-07,0.590928
6882,2.63811e-07,0.591167
6883,2.63502e-07,0.591561
6884,2.63209e-07,0.591874
6885,2.62893e-07,0.592192
6886,2.62594e-07,0.592463
6887,2.623e-07,0.592805
6888,2.62003e-07,0.593148
6889,2.61714e-07,0.593439
6890,2.61394e-07,0.593744
6891,2.61105e-07,0.594035
6892,2.60801e-07,0.594348
6893,2.60579e-07,0.594482
6894,2.6018e-07,0.594945
6895,2.59913e-07,0.595303
6896,2.59617e-07,0.595647
6897,2.59311e-07,0.59595
6898,2.59025e-07,0.596247
6899,2.58724e-07,0.596603
6900,2.58444e-07,0.596836
6901,2.58136e-07,0.597193
6902,2.57844e-07,0.597497
6903,2.57561e-07,0.597801
6904,2.57255e-07,0.598137
6905,2.56967e-07,0.598479
6906,2.56686e-07,0.598755
6907,2.5638e-07,0.599102
6908,2.56097e-07,0.59942
6909,2.55806e-07,0.599716
6910,2.55514e-07,0.600032
6911,2.55219e-07,0.600313
6912,2.54958e-07,0.600567
6913,2.54665e-07,0.600961
6914,2.54356e-07,0.601297
6915,2.54069e-07,0.601603
6916,2.53823e-07,0.601864
6917,2.53491e-07,0.602187
6918,2.53196e-07,0.602555
6919,2.52932e-07,0.602901
6920,2.52644e-07,0.603208
6921,2.52368e-07,0.603465
6922,2.52064e-07,0.603788
6923,2.51788e-07,0.604129
6924,2.51508e-07,0.604411
6925,2.51434e-07,0.605195
6926,2.5094e-07,0.604951
6927,2.50658e-07,0.60533
6928,2.50357e-07,0.605571
6929,2.50089e-07,0.605984
6930,2.49812e-07,0.606303
6931,2.49531e-07,0.606628
6932,2.49252e-07,0.606912
6933,2.48974e-07,0.607258
6934,2.48696e-07,0.607576
6935,2.48414e-07,0.607882
6936,2.4814e-07,0.608224
6937,2.47856e-07,0.60853
6938,2.47583e-07,0.608852
6939,2.47305e-07,0.609133
6940,2.47026e-07,0.609449
6941,2.46748e-07,0.609777
6942,2.46489e-07,0.610115
6943,2.46188e-07,0.61041
6944,2.45931e-07,0.610695
6945,2.45659e-07,0.61103
6946,2.45379e-07,0.611337
6947,2.4511e-07,0.611662
6948,2.44823e-07,0.611967
6949,2.44568e-07,0.612261
6950,2.44285e-07,0.612622
6951,2.44015e-07,0.612887
6952,2.43745e-07,0.613276
6953,2.43456e-07,0.613546
6954,2.43194e-07,0.613832
6955,2.42938e-07,0.614125
6956,2.42662e-07,0.614449
6957,2.42383e-07,0.614789
6958,2.42125e-07,0.615038
6959,2.41845e-07,0.615439
6960,2.41579e-07,0.615735
6961,2.41314e-07,0.616051
6962,2.41039e-07,0.616401
6963,2.40757e-07,0.616672
6964,2.40513e-07,0.617077
6965,2.4026e-07,0.617193
6966,2.39971e-07,0.617618
6967,2.39706e-07,0.617908
6968,2.39449e-07,0.618226
6969,2.39189e-07,0.618589
6970,2.38935e-07,0.618865
6971,2.38676e-07,0.619203
6972,2.3841e-07,0.619532
6973,2.38128e-07,0.619861
6974,2.37865e-07,0.620122
6975,2.37603e-07,0.620455
6976,2.37334e-07,0.620783
6977,2.37081e-07,0.621109
6978,2.36821e-07,0.621312
6979,2.3655e-07,0.6217
6980,2.36289e-07,0.622089
6981,2.36034e-07,0.622281
6982,2.35771e-07,0.622652
6983,2.35507e-07,0.623296
6984,2.35252e-07,0.6233
6985,2.34998e-07,0.62362
6986,2.34751e-07,0.623888
6987,2.34476e-07,0.624198
6988,2.34222e-07,0.62456
6989,2.33968e-07,0.624884
6990,2.33695e-07,0.62518
6991,2.33448e-07,0.625459
6992,2.33202e-07,0.625734
6993,2.32951e-07,0.626159
6994,2.32664e-07,0.626528
6995,2.32432e-07,0.626685
6996,2.32182e-07,0.62703
6997,2.31932e-07,0.627367
6998,2.31672e-07,0.62763
6999,2.31406e-07,0.627922
7000,2.31174e-07,0.628324
7001,2.30911e-07,0.628623
7002,2.30656e-07,0.629004
7003,2.30438e-07,0.629279
7004,2.30151e-07,0.629581
7005,2.29908e-07,0.629788
7006,2.29658e-07,0.630183
7007,2.29416e-07,0.630494
7008,2.29139e-07,0.630805
7009,2.28902e-07,0.631137
7010,2.28651e-07,0.631497
7011,2.28408e-07,0.631752
7012,2.28155e-07,0.632065
7013,2.2791e-07,0.632385
7014,2.27642e-07,0.632727
7015,2.27414e-07,0.632969
7016,2.27181e-07,0.63335
7017,2.26919e-07,0.633635
7018,2.26687e-07,0.633925
7019,2.26428e-07,0.634268
7020,2.2618e-07,0.634583
7021,2.25958e-07,0.634912
7022,2.25686e-07,0.635171
7023,2.25433e-07,0.635554
7024,2.2521e-07,0.635858
7025,2.24963e-07,0.636146
7026,2.24721e-07,0.636529
7027,2.2448e-07,0.636811
7028,2.2424e-07,0.637167
7029,2.23987e-07,0.637405
7030,2.23752e-07,0.63774
7031,2.23497e-07,0.638052
7032,2.23265e-07,0.638368
7033,2.23024e-07,0.638656
7034,2.22784e-07,0.639012
7035,2.22549e-07,0.639328
7036,2.2231e-07,0.639655
7037,2.2207e-07,0.639872
7038,2.21824e-07,0.640278
7039,2.21582e-07,0.640565
7040,2.21353e-07,0.640869
7041,2.21112e-07,0.641202
7042,2.20876e-07,0.641524
7043,2.20647e-07,0.641844
7044,2.20386e-07,0.642099
7045,2.20194e-07,0.642307
7046,2.19925e-07,0.64275
7047,2.19686e-07,0.643068
7048,2.19458e-07,0.643374
7049,2.19217e-07,0.643704
7050,2.18981e-07,0.643942
7051,2.18745e-07,0.644398
7052,2.18545e-07,0.644564
7053,2.18277e-07,0.64497
7054,2.18037e-07,0.645332
7055,2.17803e-07,0.645585
7056,2.17597e-07,0.646068
7057,2.17337e-07,0.646252
7058,2.17108e-07,0.646502
7059,2.16875e-07,0.646781
7060,2.16655e-07,0.647251
7061,2.16416e-07,0.64752
7062,2.16192e-07,0.647779
7063,2.15952e-07,0.648118
7064,2.15733e-07,0.648407
7065,2.15507e-07,0.64874
7066,2.15258e-07,0.648981
7067,2.15031e-07,0.649413
7068,2.1488e-07,0.649457
7069,2.14826e-07,0.650185
7070,2.14303e-07,0.650482
7071,2.14106e-07,0.650737
7072,2.13904e-07,0.650901
7073,2.13668e-07,0.651275
7074,2.13442e-07,0.65154
7075,2.13197e-07,0.651916
7076,2.13009e-07,0.652345
7077,2.1279e-07,0.652547
7078,2.12529e-07,0.652809
7079,2.12321e-07,0.652878
7080,2.12081e-07,0.653463
7081,2.11864e-07,0.653703
7082,2.11642e-07,0.653604
7083,2.11408e-07,0.65435
7084,2.11188e-07,0.654713
7085,2.10953e-07,0.65498
7086,2.10737e-07,0.655302
7087,2.10518e-07,0.655634
7088,2.10286e-07,0.655956
7089,2.10066e-07,0.656179
7090,2.09841e-07,0.656591
7091,2.09629e-07,0.656877
7092,2.09406e-07,0.657231
7093,2.09194e-07,0.657548
7094,2.08971e-07,0.657818
7095,2.08746e-07,0.658146
7096,2.08517e-07,0.658375
7097,2.08262e-07,0.658636
7098,2.08089e-07,0.659106
7099,2.07873e-07,0.659462
7100,2.07646e-07,0.659716
7101,2.0743e-07,0.660052
7102,2.07379e-07,0.659986
7103,2.07043e-07,0.660581
7104,2.06769e-07,0.660982
7105,2.06565e-07,0.661257
7106,2.06339e-07,0.661616
7107,2.06113e-07,0.661934
7108,2.05908e-07,0.662171
7109,2.05696e-07,0.662554
7110,2.0548e-07,0.662855
7111,2.05249e-07,0.663171
7112,2.05033e-07,0.663486
7113,2.04833e-07,0.66381
7114,2.04626e-07,0.664061
7115,2.04403e-07,0.664459
7116,2.04174e-07,0.664699
7117,2.03969e-07,0.665058
7118,2.03757e-07,0.665365
7119,2.03551e-07,0.665666
7120,2.03339e-07,0.666002
7121,2.03112e-07,0.666348
7122,2.02927e-07,0.666593
7123,2.02685e-07,0.666924
7124,2.02475e-07,0.667265
7125,2.02278e-07,0.667552
7126,2.02061e-07,0.667889
7127,2.01856e-07,0.668196
7128,2.01636e-07,0.668471
7129,2.01421e-07,0.668806
7130,2.01189e-07,0.669355
7131,2.0101e-07,0.669462
7132,2.00809e-07,0.669714
7133,2.00592e-07,0.670102
7134,2.00388e-07,0.670446
7135,2.00174e-07,0.67069
7136,1.9996e-07,0.670974
7137,1.99753e-07,0.67136
7138,1.99551e-07,0.671642
7139,1.9934e-07,0.671953
7140,1.99138e-07,0.672304
7141,1.9893e-07,0.672622
7142,1.9875e-07,0.673001
7143,1.98525e-07,0.673233
7144,1.98301e-07,0.673546
7145,1.98099e-07,0.673817
7146,1.97895e-07,0.674146
7147,1.97693e-07,0.674489
7148,1.97474e-07,0.674802
7149,1.97263e-07,0.675312
7150,1.9708e-07,0.67539
7151,1.96877e-07,0.675769
7152,1.96673e-07,0.676053
7153,1.96471e-07,0.67636
7154,1.96257e-07,0.676707
7155,1.96037e-07,0.677002
7156,1.95842e-07,0.677345
7157,1.95666e-07,0.677632
7158,1.95453e-07,0.677937
7159,1.95247e-07,0.678244
7160,1.95045e-07,0.678562
7161,1.94849e-07,0.678891
7162,1.94649e-07,0.679203
7163,1.94446e-07,0.67951
7164,1.94263e-07,0.679817
7165,1.94049e-07,0.680146
7166,1.93839e-07,0.680466
7167,1.93648e-07,0.680721
7168,1.93449e-07,0.681083
7169,1.93245e-07,0.68141
7170,1.93048e-07,0.68169
7171,1.9285e-07,0.682025
7172,1.92657e-07,0.682452
7173,1.92451e-07,0.682671
7174,1.9226e-07,0.682973
7175,1.92059e-07,0.683267
7176,1.91839e-07,0.683624
7177,1.91647e-07,0.684039
7178,1.9147e-07,0.684243
7179,1.91269e-07,0.684526
7180,1.9107e-07,0.684963
7181,1.90867e-07,0.685204
7182,1.9068e-07,0.685452
7183,1.90487e-07,0.685775
7184,1.90296e-07,0.686133
7185,1.90109e-07,0.686446
7186,1.89785e-07,0.686597
7187,1.89714e-07,0.687047
7188,1.89515e-07,0.687335
7189,1.89327e-07,0.687677
7190,1.8913e-07,0.68799
7191,1.88941e-07,0.68831
7192,1.88748e-07,0.688643
7193,1.88542e-07,0.68897
7194,1.8837e-07,0.689267
7195,1.88162e-07,0.689646
7196,1.87974e-07,0.689887
7197,1.87783e-07,0.690166
7198,1.87628e-07,0.690566
7199,1.87396e-07,0.690809
7200,1.872e-07,0.691146
7201,1.87019e-07,0.691454
7202,1.86848e-07,0.69177
7203,1.86638e-07,0.692055
7204,1.86448e-07,0.692396
7205,1.86461e-07,0.691256
7206,1.86074e-07,0.692881
7207,1.85875e-07,0.693272
7208,1.85693e-07,0.693648
7209,1.85512e-07,0.693983
7210,1.85308e-07,0.694337
7211,1.85119e-07,0.694594
7212,1.84946e-07,0.694887
7213,1.84749e-07,0.695231
7214,1.84561e-07,0.695498
7215,1.84364e-07,0.69589
7216,1.84189e-07,0.696181
7217,1.84001e-07,0.69649
7218,1.83811e-07,0.696675
7219,1.8363e-07,0.69709
7220,1.83441e-07,0.697333
7221,1.83256e-07,0.697759
7222,1.83081e-07,0.698034
7223,1.8288e-07,0.698369
7224,1.82714e-07,0.698796
7225,1.82511e-07,0.698942
7226,1.82331e-07,0.699374
7227,1.82161e-07,0.699595
7228,1.81967e-07,0.699948
7229,1.81761e-07,0.700959
7230,1.81606e-07,0.700568
7231,1.8141e-07,0.700919
7232,1.81225e-07,0.701254
7233,1.81039e-07,0.701569
7234,1.80853e-07,0.701771
7235,1.80667e-07,0.702257
7236,1.80501e-07,0.702467
7237,1.80312e-07,0.702769
7238,1.80133e-07,0.70306
7239,1.79961e-07,0.703283
7240,1.79729e-07,0.70338
7241,1.79596e-07,0.704008
7242,1.79415e-07,0.704301
7243,1.79228e-07,0.704628
7244,1.79047e-07,0.704945
7245,1.78879e-07,0.705248
7246,1.78686e-07,0.705654
7247,1.78517e-07,0.705868
7248,1.78338e-07,0.706168
7249,1.78142e-07,0.706524
7250,1.77981e-07,0.706902
7251,1.77796e-07,0.707126
7252,1.77612e-07,0.707426
7253,1.77452e-07,0.707798
7254,1.77276e-07,0.708099
7255,1.77098e-07,0.708405
7256,1.76907e-07,0.708727
7257,1.7672e-07,0.709086
7258,1.76548e-07,0.709354
7259,1.76379e-07,0.70969
7260,1.76201e-07,0.709982
7261,1.76032e-07,0.710319
7262,1.75835e-07,0.710455
7263,1.75669e-07,0.710934
7264,1.75519e-07,0.711149
7265,1.75311e-07,0.711446
7266,1.75158e-07,0.711741
7267,1.74969e-07,0.712108
7268,1.74799e-07,0.712498
7269,1.74618e-07,0.712793
7270,1.74431e-07,0.713172
7271,1.74267e-07,0.71342
7272,1.74109e-07,0.713783
7273,1.73924e-07,0.714053
7274,1.73757e-07,0.714422
7275,1.73581e-07,0.714739
7276,1.73364e-07,0.715092
7277,1.73228e-07,0.715319
7278,1.73039e-07,0.715626
7279,1.72889e-07,0.715994
7280,1.72714e-07,0.716314
7281,1.72543e-07,0.716558
7282,1.72379e-07,0.716898
7283,1.72203e-07,0.717201
7284,1.72033e-07,0.717604
7285,1.71868e-07,0.717793
7286,1.71692e-07,0.718165
7287,1.71525e-07,0.718535
7288,1.71347e-07,0.718743
7289,1.71196e-07,0.719144
7290,1.71017e-07,0.719398
7291,1.70839e-07,0.719786
7292,1.7067e-07,0.720067
7293,1.70494e-07,0.720367
7294,1.70318e-07,0.720651
7295,1.70157e-07,0.721043
7296,1.69983e-07,0.721291
7297,1.69832e-07,0.721696
7298,1.69651e-07,0.721881
7299,1.69473e-07,0.722126
7300,1.69328e-07,0.722559
7301,1.69143e-07,0.722935
7302,1.68983e-07,0.723222
7303,1.68828e-07,0.723429
7304,1.68637e-07,0.723761
7305,1.68466e-07,0.723931
7306,1.68318e-07,0.724391
7307,1.68188e-07,0.724283
7308,1.67986e-07,0.725023
7309,1.67818e-07,0.725366
7310,1.67653e-07,0.725953
7311,1.67494e-07,0.726024
7312,1.67326e-07,0.72635
7313,1.67156e-07,0.72667
7314,1.66996e-07,0.726948
7315,1.6683e-07,0.727285
7316,1.66666e-07,0.727549
7317,1.66518e-07,0.72783
7318,1.66341e-07,0.728205
7319,1.66175e-07,0.7285
7320,1.6601e-07,0.728809
7321,1.65861e-07,0.729172
7322,1.65682e-07,0.729447
7323,1.65524e-07,0.729817
7324,1.6532e-07,0.730072
7325,1.65234e-07,0.730286
7326,1.65014e-07,0.73041
7327,1.64868e-07,0.731036
7328,1.64701e-07,0.73149
7329,1.64557e-07,0.731692
7330,1.64396e-07,0.731961
7331,1.64202e-07,0.732229
7332,1.6405e-07,0.732638
7333,1.6404e-07,0.732451
7334,1.63747e-07,0.7332
7335,1.63589e-07,0.733601
7336,1.63426e-07,0.73391
7337,1.63275e-07,0.734135
7338,1.63107e-07,0.734416
7339,1.62946e-07,0.734768
7340,1.62795e-07,0.735053
7341,1.62617e-07,0.735461
7342,1.62462e-07,0.735733
7343,1.6231e-07,0.73602
7344,1.62132e-07,0.736268
7345,1.61975e-07,0.736599
7346,1.61831e-07,0.7369
7347,1.61679e-07,0.737321
7348,1.6148e-07,0.737715
7349,1.61341e-07,0.738155
7350,1.61189e-07,0.738234
7351,1.61057e-07,0.738573
7352,1.60874e-07,0.738822
7353,1.60704e-07,0.739595
7354,1.60584e-07,0.739533
7355,1.60414e-07,0.739843
7356,1.60251e-07,0.74019
7357,1.60098e-07,0.740444
7358,1.59937e-07,0.740885
7359,1.59778e-07,0.741141
7360,1.59639e-07,0.741392
7361,1.59299e-07,0.741286
7362,1.59332e-07,0.742034
7363,1.59179e-07,0.742375
7364,1.59013e-07,0.742675
7365,1.58856e-07,0.742958
7366,1.58705e-07,0.743303
7367,1.58551e-07,0.743578
7368,1.58408e-07,0.74386
7369,1.58248e-07,0.744197
7370,1.58081e-07,0.744446
7371,1.57932e-07,0.74489
7372,1.57797e-07,0.745119
7373,1.57627e-07,0.745459
7374,1.57484e-07,0.745835
7375,1.57319e-07,0.74613
7376,1.57222e-07,0.746302
7377,1.57017e-07,0.74671
7378,1.56867e-07,0.747055
7379,1.56742e-07,0.747214
7380,1.56565e-07,0.747665
7381,1.56412e-07,0.748022
7382,1.5625e-07,0.74821
7383,1.56095e-07,0.748738
7384,1.5596e-07,0.748831
7385,1.55807e-07,0.749285
7386,1.55663e-07,0.749561
7387,1.5551e-07,0.74996
7388,1.5536e-07,0.750118
7389,1.55215e-07,0.750395
7390,1.55066e-07,0.750824
7391,1.54918e-07,0.751196
7392,1.54762e-07,0.751427
7393,1.54614e-07,0.75174
7394,1.5446e-07,0.752118
7395,1.54309e-07,0.752396
7396,1.54159e-07,0.752588
7397,1.5402e-07,0.752994
7398,1.53888e-07,0.753447
7399,1.53708e-07,0.753757
7400,1.53608e-07,0.754193
7401,1.53402e-07,0.754348
7402,1.53266e-07,0.754939
7403,1.53116e-07,0.754895
7404,1.5298e-07,0.755244
7405,1.52841e-07,0.755562
7406,1.52691e-07,0.755865
7407,1.52537e-07,0.75609
7408,1.52394e-07,0.756419
7409,1.52247e-07,0.756816
7410,1.52075e-07,0.757007
7411,1.51964e-07,0.757539
7412,1.5183e-07,0.757796
7413,1.51656e-07,0.758033
7414,1.51543e-07,0.757842
7415,1.5137e-07,0.758717
7416,1.51216e-07,0.758979
7417,1.51079e-07,0.75932
7418,1.5092e-07,0.759611
7419,1.50796e-07,0.760007
7420,1.5063e-07,0.760316
7421,1.50495e-07,0.760588
7422,1.5035e-07,0.760836
7423,1.50201e-07,0.761176
7424,1.50078e-07,0.761553
7425,1.49934e-07,0.761905
7426,1.49794e-07,0.762128
7427,1.49638e-07,0.762437
7428,1.49485e-07,0.762798
7429,1.49353e-07,0.762893
7430,1.492e-07,0.763393
7431,1.49078e-07,0.763671
7432,1.48912e-07,0.763934
7433,1.48786e-07,0.764276
7434,1.48645e-07,0.764613
7435,1.48488e-07,0.765142
7436,1.48353e-07,0.76531
7437,1.48215e-07,0.765571
7438,1.48074e-07,0.765947
7439,1.47937e-07,0.766255
7440,1.47793e-07,0.766545
7441,1.47636e-07,0.766796
7442,1.47508e-07,0.767144
7443,1.4737e-07,0.767529
7444,1.47229e-07,0.767714
7445,1.47074e-07,0.768156
7446,1.46944e-07,0.768384
7447,1.46927e-07,0.767872
7448,1.46666e-07,0.769054
7449,1.46549e-07,0.769669
7450,1.46375e-07,0.769653
7451,1.46246e-07,0.769664
7452,1.46104e-07,0.770316
7453,1.45969e-07,0.770637
7454,1.45788e-07,0.771426
7455,1.45695e-07,0.771301
7456,1.45538e-07,0.77145
7457,1.45415e-07,0.771961
7458,1.45263e-07,0.772227
7459,1.45134e-07,0.772388
7460,1.44999e-07,0.772772
7461,1.44863e-07,0.773001
7462,1.44718e-07,0.773546
7463,1.44554e-07,0.773649
7464,1.44426e-07,0.774139
7465,1.44308e-07,0.774373
7466,1.44165e-07,0.774751
7467,1.44016e-07,0.774996
7468,1.43906e-07,0.775343
7469,1.43741e-07,0.775778
7470,1.43624e-07,0.775985
7471,1.43496e-07,0.776324
7472,1.4335e-07,0.776591
7473,1.43253e-07,0.77693
7474,1.43087e-07,0.777222
7475,1.42926e-07,0.777539
7476,1.42809e-07,0.777747
7477,1.42676e-07,0.778189
7478,1.42545e-07,0.778557
7479,1.424e-07,0.778861
7480,1.42271e-07,0.779188
7481,1.42146e-07,0.779441
7482,1.42004e-07,0.779751
7483,1.41856e-07,0.780072
7484,1.41712e-07,0.780837
7485,1.41596e-07,0.780625
7486,1.41459e-07,0.781057
7487,1.41335e-07,0.78137
7488,1.41194e-07,0.781573
7489,1.41052e-07,0.78194
7490,1.40932e-07,0.782262
7491,1.40786e-07,0.782649
7492,1.4066e-07,0.782904
7493,1.40537e-07,0.783167
7494,1.40395e-07,0.783705
7495,1.40273e-07,0.783772
7496,1.4013e-07,0.783953
7497,1.39979e-07,0.784388
7498,1.39561e-07,0.786615
7499,1.39735e-07,0.785091
7500,1.3961e-07,0.785465
7501,1.39493e-07,0.785574
7502,1.39305e-07,0.785579
7503,1.39215e-07,0.786286
7504,1.39091e-07,0.786687
7505,1.38977e-07,0.786868
7506,1.38822e-07,0.7873
7507,1.38688e-07,0.787574
7508,1.38558e-07,0.787888
7509,1.38422e-07,0.788162
7510,1.3832e-07,0.788595
7511,1.38146e-07,0.788689
7512,1.38036e-07,0.789039
7513,1.37912e-07,0.789411
7514,1.37795e-07,0.789811
7515,1.3765e-07,0.79007
7516,1.37525e-07,0.790372
7517,1.37397e-07,0.790876
7518,1.37262e-07,0.790987
7519,1.37142e-07,0.791349
7520,1.37014e-07,0.791651
7521,1.36839e-07,0.791883
7522,1.3675e-07,0.792185
7523,1.36624e-07,0.792547
7524,1.36558e-07,0.792592
7525,1.36369e-07,0.793111
7526,1.36239e-07,0.793565
7527,1.36099e-07,0.793945
7528,1.35984e-07,0.794291
7529,1.35855e-07,0.794566
7530,1.35747e-07,0.794801
7531,1.356e-07,0.795129
7532,1.35479e-07,0.795566
7533,1.35351e-07,0.795743
7534,1.35209e-07,0.796182
7535,1.35091e-07,0.796364
7536,1.34966e-07,0.796787
7537,1.34841e-07,0.79693
7538,1.34717e-07,0.797319
7539,1.3459e-07,0.797623
7540,1.34452e-07,0.798041
7541,1.34347e-07,0.798239
7542,1.34217e-07,0.798595
7543,1.34089e-07,0.798897
7544,1.33971e-07,0.799253
7545,1.33827e-07,0.799549
7546,1.33734e-07,0.799936
7547,1.33585e-07,0.80021
7548,1.33461e-07,0.800523
7549,1.33335e-07,0.800704
7550,1.33219e-07,0.801093
7551,1.33082e-07,0.801417
7552,1.32989e-07,0.80064
7553,1.32827e-07,0.802018
7554,1.32708e-07,0.802387
7555,1.32592e-07,0.802677
7556,1.32464e-07,0.803012
7557,1.32345e-07,0.803267
7558,1.32225e-07,0.803601
7559,1.32094e-07,0.803947
7560,1.31983e-07,0.80421
7561,1.31859e-07,0.804537
7562,1.31731e-07,0.804881
7563,1.31602e-07,0.805153
7564,1.3148e-07,0.805421
7565,1.31381e-07,0.805761
7566,1.31259e-07,0.806038
7567,1.31111e-07,0.806414
7568,1.31006e-07,0.806777
7569,1.30877e-07,0.807047
7570,1.30768e-07,0.807298
7571,1.30637e-07,0.80772
7572,1.30536e-07,0.8083
7573,1.30392e-07,0.808253
7574,1.30276e-07,0.808631
7575,1.30145e-07,0.808975
7576,1.30025e-07,0.809263
7577,1.29919e-07,0.809604
7578,1.29783e-07,0.80984
7579,1.29665e-07,0.810192
7580,1.29546e-07,0.810477
7581,1.29426e-07,0.810849
7582,1.29214e-07,0.811889
7583,1.29184e-07,0.811465
7584,1.29043e-07,0.811802
7585,1.28921e-07,0.812325
7586,1.28863e-07,0.81227
7587,1.28723e-07,0.812746
7588,1.28589e-07,0.813001
7589,1.28478e-07,0.813331
7590,1.28165e-07,0.812884
7591,1.28244e-07,0.813813
7592,1.28111e-07,0.81425
7593,1.27987e-07,0.814533
7594,1.27878e-07,0.814908
7595,1.27732e-07,0.815262
7596,1.27632e-07,0.815521
7597,1.27521e-07,0.815888
7598,1.27393e-07,0.816171
7599,1.2729e-07,0.816336
7600,1.2718e-07,0.816776
7601,1.2705e-07,0.817173
7602,1.26933e-07,0.81737
7603,1.26819e-07,0.817729
7604,1.26743e-07,0.818458
7605,1.26628e-07,0.818324
7606,1.26453e-07,0.818455
7607,1.26353e-07,0.818978
7608,1.26219e-07,0.81926
7609,1.2612e-07,0.819629
7610,1.25995e-07,0.819889
7611,1.25882e-07,0.820247
7612,1.2577e-07,0.820521
7613,1.25654e-07,0.820876
7614,1.25537e-07,0.821222
7615,1.25427e-07,0.821537
7616,1.25318e-07,0.821806
7617,1.25189e-07,0.822166
7618,1.25077e-07,0.822411
7619,1.25021e-07,0.822567
7620,1.24822e-07,0.823135
7621,1.24727e-07,0.823368
7622,1.24616e-07,0.823751
7623,1.24643e-07,0.826282
7624,1.24391e-07,0.824329
7625,1.24275e-07,0.824655
7626,1.24155e-07,0.824955
7627,1.2406e-07,0.82532
7628,1.23931e-07,0.825509
7629,1.23815e-07,0.825912
7630,1.23744e-07,0.826184
7631,1.23571e-07,0.826527
7632,1.23482e-07,0.826823
7633,1.2335e-07,0.827206
7634,1.23236e-07,0.82771
7635,1.23111e-07,0.827799
7636,1.23019e-07,0.828134
7637,1.22906e-07,0.828439
7638,1.22793e-07,0.82864
7639,1.22673e-07,0.829109
7640,1.22571e-07,0.829317
7641,1.22457e-07,0.829675
7642,1.22352e-07,0.830121
7643,1.2224e-07,0.830281
7644,1.22113e-07,0.831489
7645,1.22002e-07,0.830959
7646,1.21902e-07,0.831312
7647,1.21774e-07,0.831501
7648,1.21678e-07,0.831952
7649,1.21573e-07,0.832315
7650,1.21434e-07,0.832418
7651,1.21339e-07,0.832824
7652,1.21253e-07,0.833182
7653,1.21081e-07,0.833242
7654,1.21008e-07,0.833735
7655,1.2088e-07,0.834373
7656,1.2078e-07,0.834434
7657,1.20731e-07,0.834469
7658,1.20565e-07,0.835
7659,1.20425e-07,0.835354
7660,1.20338e-07,0.835538
7661,1.202e-07,0.835729
7662,1.2011e-07,0.83621
7663,1.2001e-07,0.836631
7664,1.19897e-07,0.836924
7665,1.19787e-07,0.837287
7666,1.19675e-07,0.837438
7667,1.19537e-07,0.837805
7668,1.19468e-07,0.838171
7669,1.19356e-07,0.838456
7670,1.19224e-07,0.838697
7671,1.19124e-07,0.839214
7672,1.19022e-07,0.839312
7673,1.18907e-07,0.83976
7674,1.18803e-07,0.840067
7675,1.18695e-07,0.840315
7676,1.18587e-07,0.84067
7677,1.18481e-07,0.840953
7678,1.1837e-07,0.841292
7679,1.18264e-07,0.841581
7680,1.18158e-07,0.842003
7681,1.18061e-07,0.842214
7682,1.17943e-07,0.842506
7683,1.17837e-07,0.842899
7684,1.17733e-07,0.843203
7685,1.17616e-07,0.843484
7686,1.17522e-07,0.843175
7687,1.17408e-07,0.844123
7688,1.17315e-07,0.844392
7689,1.17196e-07,0.844757
7690,1.17087e-07,0.845254
7691,1.16961e-07,0.845408
7692,1.16876e-07,0.84573
7693,1.16934e-07,0.844932
7694,1.16668e-07,0.846316
7695,1.16584e-07,0.847008
7696,1.16447e-07,0.847006
7697,1.16351e-07,0.847394
7698,1.16236e-07,0.847566
7699,1.16144e-07,0.847705
7700,1.16032e-07,0.848198
7701,1.15922e-07,0.848529
7702,1.15814e-07,0.848791
7703,1.15694e-07,0.848808
7704,1.15593e-07,0.849512
7705,1.15495e-07,0.849625
7706,1.15396e-07,0.850056
7707,1.15351e-07,0.850507
7708,1.15171e-07,0.850306
7709,1.15083e-07,0.851036
7710,1.14987e-07,0.85117
7711,1.14873e-07,0.851733
7712,1.14761e-07,0.852039
7713,1.14677e-07,0.8523
7714,1.1455e-07,0.852641
7715,1.1446e-07,0.852863
7716,1.14355e-07,0.853221
7717,1.14231e-07,0.85356
7718,1.14134e-07,0.853865
7719,1.14022e-07,0.85427
7720,1.13924e-07,0.854515
7721,1.13833e-07,0.854771
7722,1.13728e-07,0.855091
7723,1.13627e-07,0.855557
7724,1.13526e-07,0.855767
7725,1.1341e-07,0.856018
7726,1.13322e-07,0.856139
7727,1.13209e-07,0.856654
7728,1.13103e-07,0.856924
7729,1.13008e-07,0.857432
7730,1.12894e-07,0.857503
7731,1.12809e-07,0.858001
7732,1.12702e-07,0.858295
7733,1.12597e-07,0.858528
7734,1.12491e-07,0.858846
7735,1.12381e-07,0.859284
7736,1.12299e-07,0.859544
7737,1.12201e-07,0.859863
7738,1.12092e-07,0.860148
7739,1.1199e-07,0.860548
7740,1.11876e-07,0.860937
7741,1.11797e-07,0.861151
7742,1.11684e-07,0.861446
7743,1.11568e-07,0.861748
7744,1.11485e-07,0.862202
7745,1.1138e-07,0.862331
7746,1.11275e-07,0.862666
7747,1.11206e-07,0.863089
7748,1.11084e-07,0.863295
7749,1.10976e-07,0.863677
7750,1.10864e-07,0.863918
7751,1.1079e-07,0.864244
7752,1.10675e-07,0.864571
7753,1.10576e-07,0.865019
7754,1.10487e-07,0.865206
7755,1.10387e-07,0.865643
7756,1.10273e-07,0.865657
7757,1.1018e-07,0.866213
7758,1.10089e-07,0.866513
7759,1.0998e-07,0.866825
7760,1.09882e-07,0.866889
7761,1.09788e-07,0.86754
7762,1.09678e-07,0.867804
7763,1.09577e-07,0.868093
7764,1.0948e-07,0.868249
7765,1.09399e-07,0.868581
7766,1.09279e-07,0.868893
7767,1.09188e-07,0.869282
7768,1.09082e-07,0.869779
7769,1.0899e-07,0.869963
7770,1.08892e-07,0.870185
7771,1.08767e-07,0.870322
7772,1.08701e-07,0.870833
7773,1.08579e-07,0.871225
7774,1.085e-07,0.871465
7775,1.08416e-07,0.871782
7776,1.08301e-07,0.872149
7777,1.08222e-07,0.872364
7778,1.08115e-07,0.872613
7779,1.08009e-07,0.87303
7780,1.07937e-07,0.873265
7781,1.07813e-07,0.873688
7782,1.07726e-07,0.873939
7783,1.07623e-07,0.874488
7784,1.07531e-07,0.874729
7785,1.07437e-07,0.874854
7786,1.07329e-07,0.875155
7787,1.07205e-07,0.875522
7788,1.0716e-07,0.876034
7789,1.07055e-07,0.876199
7790,1.0695e-07,0.876531
7791,1.06886e-07,0.875356
7792,1.06751e-07,0.877055
7793,1.06652e-07,0.877462
7794,1.06569e-07,0.877686
7795,1.0647e-07,0.878034
7796,1.0637e-07,0.878251
7797,1.06268e-07,0.878732
7798,1.06117e-07,0.880331
7799,1.06087e-07,0.879279
7800,1.05989e-07,0.879684
7801,1.05893e-07,0.879867
7802,1.0577e-07,0.880421
7803,1.05682e-07,0.880037
7804,1.05602e-07,0.881003
7805,1.05507e-07,0.881235
7806,1.05413e-07,0.881843
7807,1.05324e-07,0.881729
7808,1.05229e-07,0.882163
7809,1.05154e-07,0.882332
7810,1.05032e-07,0.882671
7811,1.04958e-07,0.883069
7812,1.04848e-07,0.883411
7813,1.04762e-07,0.883759
7814,1.04671e-07,0.884019
7815,1.04564e-07,0.88425
7816,1.04482e-07,0.884374
7817,1.0439e-07,0.884825
7818,1.04293e-07,0.885328
7819,1.04192e-07,0.885601
7820,1.04099e-07,0.885984
7821,1.0401e-07,0.886324
7822,1.03948e-07,0.886135
7823,1.03853e-07,0.886641
7824,1.03722e-07,0.887157
7825,1.0364e-07,0.887418
7826,1.03547e-07,0.887783
7827,1.03452e-07,0.888058
7828,1.03346e-07,0.888601
7829,1.03259e-07,0.888595
7830,1.03176e-07,0.888995
7831,1.03077e-07,0.889337
7832,1.02972e-07,0.88983
7833,1.029e-07,0.889864
7834,1.02804e-07,0.890316
7835,1.02692e-07,0.890185
7836,1.02619e-07,0.890921
7837,1.02531e-07,0.891382
7838,1.02415e-07,0.891556
7839,1.02347e-07,0.891934
7840,1.02262e-07,0.892226
7841,1.02216e-07,0.89243
7842,1.02082e-07,0.892868
7843,1.01964e-07,0.893348
7844,1.01883e-07,0.893442
7845,1.01796e-07,0.893754
7846,1.01695e-07,0.89415
7847,1.016e-07,0.89441
7848,1.01497e-07,0.894797
7849,1.01422e-07,0.895113
7850,1.0134e-07,0.895464
7851,1.01247e-07,0.895699
7852,1.01159e-07,0.895978
7853,1.01066e-07,0.896147
7854,1.00976e-07,0.896642
7855,1.00877e-07,0.896981
7856,1.0078e-07,0.897326
7857,1.00711e-07,0.897549
7858,1.00632e-07,0.897626
7859,1.0051e-07,0.898279
7860,1.00448e-07,0.898313
7861,1.00343e-07,0.898721
7862,1.0026e-07,0.899112
7863,1.00165e-07,0.899497
7864,1.00063e-07,0.899731
7865,9.99917e-08,0.899958
7866,9.98903e-08,0.900353
7867,9.98088e-08,0.900687
7868,9.97136e-08,0.900877
7869,9.96045e-08,0.901319
7870,9.9478e-08,0.901809
7871,9.94504e-08,0.902121
7872,9.93644e-08,0.902147
7873,9.92763e-08,0.902513
7874,9.91953e-08,0.902726
7875,9.90892e-08,0.903129
7876,9.90067e-08,0.903399
7877,9.89122e-08,0.903698
7878,9.88345e-08,0.904206
7879,9.87454e-08,0.904336
7880,9.86565e-08,0.904739
7881,9.85872e-08,0.904898
7882,9.84654e-08,0.90517
7883,9.83882e-08,0.905715
7884,9.83026e-08,0.90612
7885,9.82186e-08,0.906437
7886,9.81249e-08,0.906463
7887,9.80383e-08,0.906829
7888,9.79559e-08,0.907235
7889,9.78658e-08,0.907597
7890,9.758e-08,0.905783
7891,9.77659e-08,0.909489
7892,9.75474e-08,0.908445
7893,9.75082e-08,0.90883
7894,9.75209e-08,0.908653
7895,9.73329e-08,0.909296
7896,9.72554e-08,0.909718
7897,9.71712e-08,0.910085
7898,9.70775e-08,0.910552
7899,9.70026e-08,0.910904
7900,9.69066e-08,0.911024
7901,9.68156e-08,0.911251
7902,9.67393e-08,0.911793
7903,9.6643e-08,0.912073
7904,9.65697e-08,0.912487
7905,9.6483e-08,0.912635
7906,9.63976e-08,0.912908
7907,9.62846e-08,0.912996
7908,9.62265e-08,0.91357
7909,9.61168e-08,0.914218
7910,9.60505e-08,0.914136
7911,9.59678e-08,0.914479
7912,9.58684e-08,0.91464
7913,9.58168e-08,0.915179
7914,9.57018e-08,0.915543
7915,9.56577e-08,0.916225
7916,9.55329e-08,0.915982
7917,9.54672e-08,0.916401
7918,9.53783e-08,0.91685
7919,9.52876e-08,0.917073
7920,9.52095e-08,0.917402
7921,9.51063e-08,0.917613
7922,9.50216e-08,0.917998
7923,9.49678e-08,0.917989
7924,9.48473e-08,0.918643
7925,9.47875e-08,0.918845
7926,9.46751e-08,0.919203
7927,9.45979e-08,0.919594
7928,9.45853e-08,0.920408
7929,9.44528e-08,0.920285
7930,9.43505e-08,0.920479
7931,9.42722e-08,0.920793
7932,9.41817e-08,0.921075
7933,9.41225e-08,0.921139
7934,9.403e-08,0.921812
7935,9.39444e-08,0.921952
7936,9.38472e-08,0.92234
7937,9.37631e-08,0.922614
7938,9.36449e-08,0.923141
7939,9.3587e-08,0.923353
7940,9.35002e-08,0.923577
7941,9.34028e-08,0.923641
7942,9.3346e-08,0.924277
7943,9.32315e-08,0.92456
7944,9.31884e-08,0.9248
7945,9.30911e-08,0.925082
7946,9.30233e-08,0.925404
7947,9.29344e-08,0.925795
7948,9.28585e-08,0.926169
7949,9.27777e-08,0.926473
7950,9.26964e-08,0.926739
7951,9.26008e-08,0.927135
7952,9.252e-08,0.927239
7953,9.24781e-08,0.927605
7954,9.23552e-08,0.927888
7955,9.22839e-08,0.928228
7956,9.21973e-08,0.928466
7957,9.21054e-08,0.929017
7958,9.20813e-08,0.929688
7959,9.19341e-08,0.929599
7960,9.18586e-08,0.930119
7961,9.17925e-08,0.930231
7962,9.17001e-08,0.930282
7963,9.16233e-08,0.930853
7964,9.15282e-08,0.930606
7965,9.14549e-08,0.931406
7966,9.1366e-08,0.931721
7967,9.13019e-08,0.931904
7968,9.12082e-08,0.932684
7969,9.10855e-08,0.932895
7970,9.10531e-08,0.933052
7971,9.09498e-08,0.933579
7972,9.08876e-08,0.933672
7973,9.08117e-08,0.934129
7974,9.07272e-08,0.934273
7975,9.06515e-08,0.934864
7976,9.0583e-08,0.934915
7977,9.0487e-08,0.935233
7978,9.03944e-08,0.935489
7979,9.03248e-08,0.935929
7980,9.02305e-08,0.936019
7981,9.01715e-08,0.936537
7982,9.00855e-08,0.936885
7983,8.99951e-08,0.936943
7984,8.99183e-08,0.937752
7985,8.98631e-08,0.93781
7986,8.97541e-08,0.93809
7987,8.96891e-08,0.938239
7988,8.96114e-08,0.938705
7989,8.95278e-08,0.939076
7990,8.9448e-08,0.939352
7991,8.93673e-08,0.939616
7992,8.92972e-08,0.939803
7993,8.92027e-08,0.940223
7994,8.91269e-08,0.940621
7995,8.9043e-08,0.941261
7996,8.89687e-08,0.940895
7997,8.89073e-08,0.941463
7998,8.88082e-08,0.941874
7999,8.87494e-08,0.94206
8000,8.8659e-08,0.942322
8001,8.85563e-08,0.942685
8002,8.84947e-08,0.943089
8003,8.84222e-08,0.943747
8004,8.83302e-08,0.943749
8005,8.82707e-08,0.943933
8006,8.81797e-08,0.944417
8007,8.81083e-08,0.944776
8008,8.80351e-08,0.945245
8009,8.79449e-08,0.945159
8010,8.78853e-08,0.945609
8011,8.77954e-08,0.945766
8012,8.77105e-08,0.946272
8013,8.76254e-08,0.946613
8014,8.75675e-08,0.946864
8015,8.74784e-08,0.947207
8016,8.74014e-08,0.947514
8017,8.73382e-08,0.9479
8018,8.72496e-08,0.948161
8019,8.71727e-08,0.948451
8020,8.7115e-08,0.948633
8021,8.70047e-08,0.949031
8022,8.69485e-08,0.94941
8023,8.68672e-08,0.949535
8024,8.67917e-08,0.949968
8025,8.66793e-08,0.950449
8026,8.66263e-08,0.950474
8027,8.65632e-08,0.95093
8028,8.64794e-08,0.951678
8029,8.6398e-08,0.951723
8030,8.63183e-08,0.951977
8031,8.6245e-08,0.952172
8032,8.6161e-08,0.952471
8033,8.61055e-08,0.953143
8034,8.60044e-08,0.952981
8035,8.59505e-08,0.953805
8036,8.58602e-08,0.953858
8037,8.57841e-08,0.954034
8038,8.57e-08,0.954571
8039,8.56163e-08,0.954879
8040,8.55561e-08,0.954946
8041,8.54821e-08,0.955275
8042,8.54117e-08,0.956017
8043,8.53395e-08,0.955915
8044,8.5246e-08,0.956168
8045,8.51713e-08,0.95648
8046,8.50955e-08,0.956957
8047,8.50269e-08,0.95715
8048,8.49328e-08,0.957618
8049,8.48825e-08,0.957764
8050,8.48179e-08,0.957956
8051,8.47254e-08,0.958328
8052,8.46606e-08,0.9589
8053,8.4566e-08,0.959364
8054,8.45082e-08,0.959451
8055,8.44209e-08,0.959529
8056,8.43458e-08,0.960167
8057,8.42679e-08,0.960255
8058,8.4197e-08,0.960388
8059,8.41466e-08,0.960699
8060,8.40381e-08,0.961318
8061,8.39642e-08,0.961524
8062,8.39015e-08,0.962019
8063,8.38351e-08,0.962214
8064,8.37474e-08,0.962423
8065,8.36772e-08,0.962902
8066,8.36042e-08,0.963151
8067,8.34317e-08,0.963622
8068,8.34458e-08,0.963807
8069,8.33708e-08,0.963719
8070,8.33187e-08,0.96463
8071,8.3249e-08,0.964427
8072,8.31445e-08,0.965034
8073,8.30796e-08,0.965463
8074,8.30011e-08,0.96544
8075,8.29324e-08,0.965963
8076,8.28636e-08,0.966232
8077,8.27861e-08,0.966787
8078,8.26843e-08,0.966888
8079,8.26218e-08,0.967078
8080,8.25999e-08,0.967608
8081,8.24963e-08,0.968102
8082,8.24017e-08,0.968438
8083,8.23697e-08,0.968479
8084,8.23413e-08,0.970655
8085,8.22061e-08,0.96918
8086,8.20814e-08,0.969747
8087,8.20499e-08,0.969647
8088,8.20383e-08,0.970175
8089,8.19123e-08,0.970536
8090,8.18475e-08,0.970676
8091,8.1761e-08,0.971077
8092,8.17042e-08,0.971385
8093,8.16231e-08,0.971713
8094,8.15484e-08,0.972014
8095,8.14636e-08,0.972329
8096,8.14037e-08,0.972676
8097,8.13172e-08,0.972873
8098,8.12624e-08,0.973214
8099,8.11447e-08,0.973548
8100,8.11116e-08,0.973914
8101,8.10317e-08,0.974078
8102,8.09256e-08,0.97506
8103,8.09007e-08,0.974815
8104,8.08219e-08,0.97511
8105,8.07663e-08,0.975336
8106,8.06844e-08,0.975722
8107,8.06211e-08,0.976127
8108,8.05421e-08,0.976487
8109,8.04477e-08,0.97663
8110,8.04007e-08,0.976953
8111,8.03242e-08,0.977263
8112,8.02618e-08,0.977805
8113,8.01786e-08,0.977976
8114,8.00972e-08,0.978089
8115,8.00418e-08,0.978554
8116,7.9959e-08,0.978981
8117,7.98946e-08,0.979248
8118,7.98077e-08,0.979527
8119,7.97392e-08,0.979793
8120,7.96414e-08,0.979526
8121,7.95951e-08,0.980201
8122,7.94797e-08,0.981192
8123,7.94715e-08,0.9812
8124,7.93991e-08,0.981337
8125,7.93338e-08,0.9817
8126,7.92676e-08,0.981986
8127,7.91791e-08,0.982348
8128,7.91063e-08,0.982748
8129,7.90389e-08,0.983163
8130,7.89772e-08,0.983105
8131,7.89136e-08,0.983646
8132,7.8862e-08,0.983911
8133,7.87586e-08,0.984252
8134,7.86924e-08,0.984892
8135,7.86193e-08,0.98499
8136,7.85794e-08,0.984645
8137,7.84894e-08,0.985424
8138,7.84234e-08,0.985572
8139,7.83722e-08,0.986133
8140,7.82772e-08,0.986847
8141,7.81998e-08,0.986773
8142,7.81234e-08,0.987161
8143,7.80775e-08,0.987348
8144,7.79927e-08,0.987599
8145,7.79377e-08,0.988097
8146,7.78437e-08,0.987991
8147,7.77924e-08,0.988485
8148,7.77282e-08,0.988995
8149,7.7657e-08,0.989224
8150,7.75722e-08,0.98965
8151,7.7567e-08,0.989073
8152,7.74421e-08,0.990091
8153,7.75051e-08,0.991488
8154,7.72945e-08,0.991148
8155,7.72566e-08,0.990955
8156,7.71663e-08,0.991534
8157,7.71099e-08,0.991916
8158,7.70207e-08,0.992036
8159,7.69547e-08,0.992359
8160,7.68987e-08,0.992717
8161,7.68408e-08,0.993071
8162,7.67536e-08,0.9934
8163,7.66973e-08,0.993635
8164,7.68857e-08,0.992992
8165,7.65396e-08,0.994313
8166,7.65062e-08,0.994786
8167,7.64145e-08,0.994861
8168,7.63834e-08,0.99515
8169,7.62778e-08,0.995594
8170,7.62565e-08,0.999244
8171,7.61492e-08,0.996166
8172,7.60717e-08,0.996287
8173,7.60132e-08,0.996552
8174,7.59418e-08,0.997357
8175,7.58866e-08,0.997386
8176,7.58193e-08,0.997927
8177,7.57312e-08,0.998046
8178,7.56667e-08,0.998268
8179,7.56133e-08,0.99878
8180,7.55431e-08,0.99904
8181,7.54655e-08,0.999148
8182,7.53972e-08,0.999838
8183,7.53238e-08,0.999749
8184,7.52703e-08,1.00035
8185,7.52032e-08,1.00045
8186,7.51333e-08,1.00089
8187,7.50765e-08,1.0014
8188,7.49953e-08,1.00137
8189,7.49745e-08,1.00204
8190,7.48592e-08,1.00215
8191,7.47856e-08,1.00249
8192,7.4735e-08,1.00274
8193,7.4654e-08,1.00336
8194,7.4583e-08,1.00356
8195,7.45134e-08,1.00325
8196,7.44399e-08,1.00397
8197,7.43971e-08,1.00428
8198,7.43146e-08,1.00463
8199,7.42644e-08,1.00501
8200,7.41969e-08,1.00534
8201,7.41896e-08,1.00548
8202,7.40895e-08,1.00559
8203,7.39992e-08,1.00607
8204,7.39301e-08,1.00654
8205,7.38732e-08,1.00695
8206,7.38083e-08,1.00713
8207,7.37445e-08,1.00758
8208,7.37244e-08,1.00742
8209,7.35959e-08,1.00815
8210,7.35388e-08,1.00832
8211,7.35508e-08,1.00931
8212,7.34039e-08,1.00897
8213,7.33419e-08,1.00933
8214,7.32701e-08,1.00976
8215,7.32116e-08,1.00993
8216,7.31369e-08,1.01022
8217,7.30769e-08,1.0106
8218,7.30113e-08,1.01048
8219,7.30232e-08,1.01246
8220,7.28754e-08,1.01193
8221,7.28328e-08,1.01192
8222,7.27605e-08,1.01255
8223,7.26699e-08,1.01242
8224,7.2661e-08,1.01217
8225,7.25471e-08,1.01311
8226,7.25297e-08,1.01398
8227,7.24281e-08,1.01393
8228,7.23565e-08,1.01406
8229,7.23176e-08,1.01414
8230,7.22362e-08,1.01486
8231,7.21579e-08,1.01506
8232,7.20849e-08,1.01547
8233,7.20281e-08,1.01546
8234,7.19707e-08,1.01595
8235,7.19341e-08,1.01649
8236,7.1843e-08,1.01632
8237,7.18158e-08,1.01689
8238,7.17403e-08,1.01685
8239,7.16489e-08,1.01746
8240,7.15944e-08,1.01795
8241,7.15209e-08,1.01818
8242,7.1456e-08,1.01843
8243,7.13943e-08,1.0189
8244,7.13338e-08,1.0192
8245,7.12778e-08,1.01917
8246,7.11981e-08,1.01985
8247,7.11363e-08,1.02011
8248,7.10668e-08,1.0203
8249,7.10262e-08,1.02072
8250,7.0951e-08,1.02098
8251,7.08983e-08,1.02103
8252,7.08495e-08,1.02081
8253,7.07577e-08,1.02192
8254,7.07003e-08,1.02226
8255,7.06337e-08,1.0226
8256,7.05783e-08,1.02306
8257,7.05107e-08,1.02308
8258,7.04455e-08,1.02358
8259,7.03522e-08,1.02415
8260,7.03217e-08,1.02423
8261,7.02366e-08,1.02448
8262,7.01996e-08,1.02475
8263,7.01234e-08,1.02506
8264,7.00337e-08,1.02475
8265,6.99965e-08,1.0257
8266,6.99262e-08,1.0263
8267,6.98763e-08,1.02649
8268,6.98109e-08,1.02666
8269,6.97403e-08,1.0272
8270,6.96555e-08,1.02743
8271,6.9622e-08,1.02776
8272,6.95403e-08,1.02933
8273,6.95308e-08,1.02784
8274,6.94348e-08,1.02846
8275,6.93666e-08,1.02893
8276,6.93209e-08,1.02911
8277,6.92489e-08,1.02942
8278,6.918e-08,1.0299
8279,6.91221e-08,1.0301
8280,6.90629e-08,1.03053
8281,6.89918e-08,1.03065
8282,6.89453e-08,1.0311
8283,6.88588e-08,1.03138
8284,6.87983e-08,1.0316
8285,6.87352e-08,1.03207
8286,6.86828e-08,1.03243
8287,6.86277e-08,1.03237
8288,6.85527e-08,1.03301
8289,6.84874e-08,1.03327
8290,6.84527e-08,1.03346
8291,6.83933e-08,1.03353
8292,6.83046e-08,1.03403
8293,6.82899e-08,1.03466
8294,6.82044e-08,1.03479
8295,6.81295e-08,1.03516
8296,6.807e-08,1.03543
8297,6.80314e-08,1.03621
8298,6.79057e-08,1.03516
8299,6.78907e-08,1.03651
8300,6.78433e-08,1.0366
8301,6.77667e-08,1.0369
8302,6.76947e-08,1.03728
8303,6.76618e-08,1.03765
8304,6.75834e-08,1.03791
8305,6.75203e-08,1.04066
8306,6.74643e-08,1.03844
8307,6.7353e-08,1.03926
8308,6.73313e-08,1.03902
8309,6.72378e-08,1.03924
8310,6.72121e-08,1.03989
8311,6.71565e-08,1.04005
8312,6.70211e-08,1.04076
8313,6.70503e-08,1.04075
8314,6.69664e-08,1.04106
8315,6.69209e-08,1.04144
8316,6.68514e-08,1.04177
8317,6.68859e-08,1.0439
8318,6.67392e-08,1.0426
8319,6.66721e-08,1.04279
8320,6.66211e-08,1.04289
8321,6.65235e-08,1.04389
8322,6.64958e-08,1.04384
8323,6.64286e-08,1.04384
8324,6.63744e-08,1.04425
8325,6.63096e-08,1.0444
8326,6.62495e-08,1.04472
8327,6.62136e-08,1.04529
8328,6.62236e-08,1.04678
8329,6.61024e-08,1.04562
8330,6.59942e-08,1.04606
8331,6.59123e-08,1.04638
8332,6.58859e-08,1.0465
8333,6.58331e-08,1.04714
8334,6.57355e-08,1.04738
8335,6.57122e-08,1.04763
8336,6.56936e-08,1.04804
8337,6.56026e-08,1.04836
8338,6.5527e-08,1.04884
8339,6.54808e-08,1.04898
8340,6.54183e-08,1.04931
8341,6.53509e-08,1.04977
8342,6.52843e-08,1.04977
8343,6.52586e-08,1.0501
8344,6.51665e-08,1.05063
8345,6.51187e-08,1.05119
8346,6.50597e-08,1.05135
8347,6.49869e-08,1.05136
8348,6.49075e-08,1.05182
8349,6.49003e-08,1.05263
8350,6.48263e-08,1.05256
8351,6.47638e-08,1.05288
8352,6.47283e-08,1.05311
8353,6.46333e-08,1.0534
8354,6.45939e-08,1.05373
8355,6.4538e-08,1.05383
8356,6.44741e-08,1.05406
8357,6.44157e-08,1.0542
8358,6.43435e-08,1.05481
8359,6.43084e-08,1.05538
8360,6.42191e-08,1.05578
8361,6.41715e-08,1.05579
8362,6.41176e-08,1.05645
8363,6.40801e-08,1.05663
8364,6.40069e-08,1.057
8365,6.39432e-08,1.05712
8366,6.38841e-08,1.05729
8367,6.37149e-08,1.0585
8368,6.37498e-08,1.05795
8369,6.37269e-08,1.0583
8370,6.36522e-08,1.05869
8371,6.3604e-08,1.0592
8372,6.35414e-08,1.05938
8373,6.34801e-08,1.0595
8374,6.34202e-08,1.05998
8375,6.33614e-08,1.06066
8376,6.33208e-08,1.06014
8377,6.32562e-08,1.06148
8378,6.3198e-08,1.06112
8379,6.31322e-08,1.06144
8380,6.30769e-08,1.06199
8381,6.30189e-08,1.06232
8382,6.29735e-08,1.06322
8383,6.29195e-08,1.06264
8384,6.28558e-08,1.06317
8385,6.27844e-08,1.06421
8386,6.27364e-08,1.06403
8387,6.26678e-08,1.06394
8388,6.26102e-08,1.06421
8389,6.25558e-08,1.06502
8390,6.24889e-08,1.06489
8391,6.23091e-08,1.0651
8392,6.24025e-08,1.0656
8393,6.23345e-08,1.06611
8394,6.22578e-08,1.06662
8395,6.22026e-08,1.0664
8396,6.21816e-08,1.06688
8397,6.20759e-08,1.06669
8398,6.20887e-08,1.06599
8399,6.20019e-08,1.06789
8400,6.19014e-08,1.06834
8401,6.1887e-08,1.06909
8402,6.18162e-08,1.06869
8403,6.17317e-08,1.06887
8404,6.17067e-08,1.0696
8405,6.16421e-08,1.06968
8406,6.1578e-08,1.06981
8407,6.15254e-08,1.07022
8408,6.15054e-08,1.07022
8409,6.14219e-08,1.07105
8410,6.13693e-08,1.07139
8411,6.13115e-08,1.07176
8412,6.13466e-08,1.07205
8413,6.11832e-08,1.07186
8414,6.11317e-08,1.07265
8415,6.10754e-08,1.07277
8416,6.10276e-08,1.07297
8417,6.09741e-08,1.07326
8418,6.09367e-08,1.07384
8419,6.08552e-08,1.07328
8420,6.08086e-08,1.0742
8421,6.07285e-08,1.07443
8422,6.06949e-08,1.07513
8423,6.06305e-08,1.07528
8424,6.05907e-08,1.07578
8425,6.05192e-08,1.07591
8426,6.04865e-08,1.07617
8427,6.04e-08,1.0768
8428,6.03625e-08,1.07699
8429,6.02422e-08,1.07706
8430,6.02362e-08,1.07751
8431,6.01943e-08,1.07787
8432,6.01235e-08,1.07806
8433,6.00803e-08,1.07849
8434,6.00257e-08,1.07902
8435,5.99696e-08,1.07912
8436,5.99084e-08,1.07914
8437,5.98559e-08,1.08004
8438,5.98128e-08,1.08016
8439,5.97889e-08,1.08065
8440,5.96933e-08,1.08074
8441,5.96334e-08,1.08088
8442,5.95804e-08,1.0814
8443,5.95269e-08,1.08162
8444,5.94787e-08,1.08186
8445,5.94351e-08,1.0836
8446,5.9363e-08,1.08283
8447,5.93112e-08,1.08289
8448,5.92529e-08,1.08308
8449,5.92324e-08,1.0832
8450,5.9156e-08,1.08402
8451,5.90822e-08,1.08461
8452,5.90456e-08,1.08539
8453,5.899e-08,1.08457
8454,5.89429e-08,1.08479
8455,5.88528e-08,1.08574
8456,5.8819e-08,1.08558
8457,5.87833e-08,1.08625
8458,5.8698e-08,1.08612
8459,5.86429e-08,1.08694
8460,5.85967e-08,1.08688
8461,5.8546e-08,1.08707
8462,5.8474e-08,1.08765
8463,5.8413e-08,1.0878
8464,5.83689e-08,1.0883
8465,5.83304e-08,1.08963
8466,5.83102e-08,1.08914
8467,5.82125e-08,1.08578
8468,5.81654e-08,1.08941
8469,5.81122e-08,1.0898
8470,5.80525e-08,1.09027
8471,5.79988e-08,1.09032
8472,5.79482e-08,1.09073
8473,5.78905e-08,1.09128
8474,5.78365e-08,1.09158
8475,5.78008e-08,1.09184
8476,5.77306e-08,1.09195
8477,5.76757e-08,1.09215
8478,5.76264e-08,1.09263
8479,5.75663e-08,1.09317
8480,5.75294e-08,1.09309
8481,5.74744e-08,1.09361
8482,5.7363e-08,1.09108
8483,5.73144e-08,1.09476
8484,5.73038e-08,1.09481
8485,5.72496e-08,1.09482
8486,5.71484e-08,1.09525
8487,5.71481e-08,1.09561
8488,5.70342e-08,1.09588
8489,5.70372e-08,1.0958
8490,5.69839e-08,1.09671
8491,5.69303e-08,1.09678
8492,5.68724e-08,1.09686
8493,5.6786e-08,1.09734
8494,5.67619e-08,1.09755
8495,5.67218e-08,1.09763
8496,5.66664e-08,1.0985
8497,5.66074e-08,1.09915
8498,5.65627e-08,1.09884
8499,5.64969e-08,1.09931
8500,5.64413e-08,1.0994
8501,5.6395e-08,1.09967
8502,5.63368e-08,1.10019
8503,5.62955e-08,1.10061
8504,5.62316e-08,1.10057
8505,5.62072e-08,1.10053
8506,5.61113e-08,1.10118
8507,5.60926e-08,1.10191
8508,5.60253e-08,1.10204
8509,5.59772e-08,1.10221
8510,5.59239e-08,1.10239
8511,5.58414e-08,1.10279
8512,5.58453e-08,1.10396
8513,5.57602e-08,1.10368
8514,5.58232e-08,1.09897
8515,5.56637e-08,1.10426
8516,5.55998e-08,1.10421
8517,5.54753e-08,1.10458
8518,5.55018e-08,1.10523
8519,5.54883e-08,1.1055
8520,5.53961e-08,1.10545
8521,5.53627e-08,1.1058
8522,5.53021e-08,1.10639
8523,5.52481e-08,1.10688
8524,5.51997e-08,1.10721
8525,5.51399e-08,1.10721
8526,5.50926e-08,1.10766
8527,5.50281e-08,1.10781
8528,5.50058e-08,1.10831
8529,5.49472e-08,1.10837
8530,5.48896e-08,1.10911
8531,5.48099e-08,1.10954
8532,5.47753e-08,1.10954
8533,5.47242e-08,1.10999
8534,5.4715e-08,1.11178
8535,5.46145e-08,1.1107
8536,5.45694e-08,1.11066
8537,5.44482e-08,1.11114
8538,5.43996e-08,1.11212
8539,5.44177e-08,1.11151
8540,5.43542e-08,1.11206
8541,5.43146e-08,1.11215
8542,5.42844e-08,1.1131
8543,5.42178e-08,1.11298
8544,5.41601e-08,1.11329
8545,5.41003e-08,1.11353
8546,5.40574e-08,1.11407
8547,5.39877e-08,1.11435
8548,5.39577e-08,1.11471
8549,5.39052e-08,1.11493
8550,5.39157e-08,1.11402
8551,5.37706e-08,1.11419
8552,5.37427e-08,1.11595
8553,5.36919e-08,1.11624
8554,5.36322e-08,1.11645
8555,5.36119e-08,1.11686
8556,5.35633e-08,1.11743
8557,5.35092e-08,1.11739
8558,5.34153e-08,1.11799
8559,5.34115e-08,1.11807
8560,5.33444e-08,1.11798
8561,5.3295e-08,1.11881
8562,5.32476e-08,1.11898
8563,5.32091e-08,1.11922
8564,5.31478e-08,1.11942
8565,5.30796e-08,1.12023
8566,5.30403e-08,1.12031
8567,5.30078e-08,1.12017
8568,5.29312e-08,1.12098
8569,5.29109e-08,1.12227
8570,5.28394e-08,1.1214
8571,5.27998e-08,1.12147
8572,5.27393e-08,1.12198
8573,5.26808e-08,1.12247
8574,5.262e-08,1.12281
8575,5.25675e-08,1.12501
8576,5.25555e-08,1.1235
8577,5.248e-08,1.12348
8578,5.2429e-08,1.12384
8579,5.23698e-08,1.12421
8580,5.2338e-08,1.12472
8581,5.22974e-08,1.12611
8582,5.22325e-08,1.12529
8583,5.21053e-08,1.12366
8584,5.21206e-08,1.12585
8585,5.20725e-08,1.12666
8586,5.20346e-08,1.12669
8587,5.19684e-08,1.12716
8588,5.18459e-08,1.12635
8589,5.20138e-08,1.125
8590,5.19009e-08,1.12685
8591,5.17805e-08,1.12797
8592,5.17365e-08,1.12844
8593,5.16961e-08,1.12899
8594,5.16884e-08,1.12955
8595,5.15931e-08,1.12933
8596,5.15272e-08,1.12984
8597,5.14553e-08,1.12881
8598,5.14618e-08,1.13089
8599,5.13973e-08,1.13026
8600,5.13341e-08,1.13163
8601,5.1287e-08,1.13128
8602,5.12378e-08,1.13165
8603,5.11809e-08,1.13181
8604,5.11265e-08,1.13228
8605,5.10951e-08,1.13244
8606,5.10358e-08,1.13172
8607,5.09948e-08,1.13354
8608,5.09307e-08,1.13347
8609,5.08855e-08,1.13364
8610,5.08637e-08,1.134
8611,5.07909e-08,1.13456
8612,5.07395e-08,1.13468
8613,5.07003e-08,1.13499
8614,5.06188e-08,1.1355
8615,5.04403e-08,1.13378
8616,5.05573e-08,1.13619
8617,5.05841e-08,1.13638
8618,5.04322e-08,1.13628
8619,5.03793e-08,1.13593
8620,5.03498e-08,1.13724
8621,5.03546e-08,1.13711
8622,5.02649e-08,1.13791
8623,5.02462e-08,1.13722
8624,5.01456e-08,1.13843
8625,5.0112e-08,1.13856
8626,5.006e-08,1.13933
8627,5.0009e-08,1.13943
8628,4.99627e-08,1.13983
8629,4.9897e-08,1.13972
8630,4.98669e-08,1.14034
8631,4.98004e-08,1.14075
8632,4.97538e-08,1.14117
8633,4.97282e-08,1.14134
8634,4.96746e-08,1.14153
8635,4.96176e-08,1.14189
8636,4.95969e-08,1.14215
8637,4.94902e-08,1.14286
8638,4.9466e-08,1.14301
8639,4.94306e-08,1.14311
8640,4.93849e-08,1.14348
8641,4.93209e-08,1.14398
8642,4.92899e-08,1.14457
8643,4.92478e-08,1.14427
8644,4.92073e-08,1.14448
8645,4.91653e-08,1.14477
8646,4.91006e-08,1.14541
8647,4.90528e-08,1.1459
8648,4.90135e-08,1.14596
8649,4.89581e-08,1.14636
8650,4.89079e-08,1.14685
8651,4.88514e-08,1.14722
8652,4.88121e-08,1.14715
8653,4.86957e-08,1.14877
8654,4.87028e-08,1.14814
8655,4.86677e-08,1.148
8656,4.86155e-08,1.14873
8657,4.85573e-08,1.1489
8658,4.85254e-08,1.1493
8659,4.84757e-08,1.14935
8660,4.83979e-08,1.14941
8661,4.83599e-08,1.15048
8662,4.83782e-08,1.14983
8663,4.82875e-08,1.15086
8664,4.82319e-08,1.1513
8665,4.81852e-08,1.15142
8666,4.80571e-08,1.15159
8667,4.80742e-08,1.15162
8668,4.80515e-08,1.1522
8669,4.80057e-08,1.15254
8670,4.79153e-08,1.15288
8671,4.79215e-08,1.15369
8672,4.78664e-08,1.15381
8673,4.78094e-08,1.15342
8674,4.77552e-08,1.15433
8675,4.77302e-08,1.155
8676,4.76264e-08,1.15614
8677,4.75933e-08,1.15623
8678,4.75668e-08,1.15554
8679,4.75156e-08,1.15545
8680,4.74801e-08,1.15634
8681,4.74377e-08,1.15649
8682,4.73981e-08,1.15644
8683,4.73677e-08,1.1559
8684,4.72754e-08,1.15746
8685,4.72522e-08,1.15711
8686,4.71883e-08,1.15704
8687,4.71525e-08,1.15874
8688,4.71035e-08,1.15835
8689,4.70622e-08,1.15872
8690,4.70265e-08,1.15963
8691,4.70017e-08,1.15987
8692,4.69213e-08,1.16033
8693,4.68783e-08,1.16004
8694,4.68163e-08,1.16133
8695,4.67696e-08,1.16087
8696,4.67391e-08,1.16105
8697,4.66849e-08,1.16173
8698,4.66393e-08,1.16187
8699,4.65909e-08,1.16205
8700,4.65531e-08,1.16265
8701,4.65256e-08,1.16228
8702,4.64562e-08,1.16303
8703,4.64091e-08,1.16422
8704,4.63587e-08,1.16339
8705,4.63365e-08,1.16479
8706,4.62652e-08,1.16424
8707,4.62422e-08,1.16432
8708,4.61799e-08,1.16502
8709,4.61157e-08,1.16432
8710,4.6086e-08,1.16539
8711,4.60778e-08,1.16597
8712,4.59923e-08,1.16581
8713,4.59444e-08,1.1663
8714,4.59196e-08,1.16705
8715,4.58463e-08,1.16774
8716,4.58092e-08,1.16725
8717,4.58143e-08,1.16764
8718,4.56834e-08,1.16856
8719,4.56439e-08,1.16892
8720,4.56191e-08,1.16858
8721,4.55825e-08,1.16889
8722,4.55461e-08,1.16903
8723,4.54931e-08,1.16954
8724,4.54183e-08,1.17036
8725,4.53229e-08,1.17065
8726,4.53094e-08,1.17003
8727,4.5319e-08,1.17025
8728,4.52625e-08,1.17118
8729,4.52114e-08,1.1719
8730,4.51025e-08,1.17188
8731,4.51114e-08,1.17182
8732,4.50703e-08,1.17272
8733,4.50383e-08,1.17281
8734,4.49961e-08,1.17311
8735,4.50311e-08,1.17237
8736,4.49074e-08,1.17432
8737,4.48735e-08,1.1738
8738,4.48006e-08,1.17428
8739,4.47649e-08,1.17452
8740,4.46985e-08,1.17495
8741,4.46727e-08,1.17556
8742,4.46134e-08,1.1755
8743,4.45755e-08,1.17614
8744,4.45139e-08,1.17609
8745,4.4494e-08,1.17609
8746,4.44323e-08,1.17686
8747,4.43486e-08,1.17737
8748,4.43449e-08,1.17728
8749,4.42952e-08,1.17755
8750,4.42136e-08,1.17845
8751,4.42175e-08,1.17833
8752,4.41584e-08,1.17901
8753,4.41425e-08,1.17909
8754,4.39958e-08,1.17914
8755,4.40327e-08,1.17941
8756,4.39848e-08,1.18048
8757,4.39548e-08,1.17939
8758,4.39011e-08,1.18064
8759,4.38336e-08,1.18069
8760,4.3795e-08,1.18074
8761,4.37722e-08,1.18156
8762,4.371e-08,1.18214
8763,4.36687e-08,1.18192
8764,4.36342e-08,1.1825
8765,4.35772e-08,1.18307
8766,4.35588e-08,1.18432
8767,4.34997e-08,1.18331
8768,4.35539e-08,1.18397
8769,4.34181e-08,1.18399
8770,4.33658e-08,1.18445
8771,4.33179e-08,1.18498
8772,4.32775e-08,1.18495
8773,4.32095e-08,1.18547
8774,4.31907e-08,1.1856
8775,4.3148e-08,1.18585
8776,4.30997e-08,1.1863
8777,4.30553e-08,1.18647
8778,4.30361e-08,1.18702
8779,4.29594e-08,1.18678
8780,4.28887e-08,1.18514
8781,4.28833e-08,1.18767
8782,4.28339e-08,1.18799
8783,4.27892e-08,1.18873
8784,4.27467e-08,1.18852
8785,4.26719e-08,1.18891
8786,4.26958e-08,1.1888
8787,4.26058e-08,1.18942
8788,4.25815e-08,1.18953
8789,4.25401e-08,1.1906
8790,4.24768e-08,1.19098
8791,4.24168e-08,1.19109
8792,4.23907e-08,1.19069
8793,4.22534e-08,1.19146
8794,4.22967e-08,1.19066
8795,4.22466e-08,1.19213
8796,4.22563e-08,1.1926
8797,4.21863e-08,1.19304
8798,4.21157e-08,1.19421
8799,4.21089e-08,1.19288
8800,4.20374e-08,1.19363
8801,4.20111e-08,1.19403
8802,4.19566e-08,1.19417
8803,4.18996e-08,1.1947
8804,4.18661e-08,1.1949
8805,4.17869e-08,1.1959
8806,4.17206e-08,1.19534
8807,4.17276e-08,1.19644
8808,4.16826e-08,1.19643
8809,4.16532e-08,1.1961
8810,4.15973e-08,1.19706
8811,4.1544e-08,1.19672
8812,4.15088e-08,1.19766
8813,4.14658e-08,1.19786
8814,4.14352e-08,1.19803
8815,4.13598e-08,1.1982
8816,4.13554e-08,1.19867
8817,4.12901e-08,1.20001
8818,4.12511e-08,1.19874
8819,4.1239e-08,1.20067
8820,4.11835e-08,1.1994
8821,4.11213e-08,1.20022
8822,4.10759e-08,1.20095
8823,4.10031e-08,1.20033
8824,4.11837e-08,1.19792
8825,4.09628e-08,1.20156
8826,4.091e-08,1.20188
8827,4.08111e-08,1.20478
8828,4.07461e-08,1.20068
8829,4.0788e-08,1.20277
8830,4.07332e-08,1.20319
8831,4.0694e-08,1.20358
8832,4.06565e-08,1.20319
8833,4.06e-08,1.20356
8834,4.0555e-08,1.2044
8835,4.05123e-08,1.20511
8836,4.05013e-08,1.20574
8837,4.04349e-08,1.20521
8838,4.04592e-08,1.20379
8839,4.02975e-08,1.20704
8840,4.0325e-08,1.20665
8841,4.026e-08,1.20678
8842,4.01727e-08,1.20682
8843,4.01754e-08,1.20634
8844,4.01096e-08,1.20747
8845,4.00953e-08,1.20789
8846,4.00515e-08,1.20826
8847,4.00039e-08,1.20864
8848,3.98788e-08,1.20653
8849,3.99212e-08,1.20869
8850,3.97784e-08,1.19872
8851,3.98418e-08,1.21002
8852,3.98019e-08,1.21025
8853,3.97603e-08,1.21036
8854,3.97072e-08,1.21084
8855,3.96983e-08,1.21074
8856,3.96741e-08,1.21063
8857,3.95837e-08,1.21212
8858,3.95476e-08,1.21214
8859,3.94958e-08,1.21224
8860,3.94635e-08,1.21225
8861,3.9405e-08,1.21288
8862,3.93601e-08,1.21332
8863,3.93905e-08,1.21368
8864,3.92843e-08,1.2136
8865,3.92446e-08,1.21449
8866,3.92134e-08,1.21438
8867,3.91913e-08,1.21461
8868,3.90929e-08,1.21581
8869,3.89798e-08,1.21296
8870,3.90352e-08,1.21553
8871,3.90238e-08,1.21682
8872,3.89519e-08,1.21649
8873,3.88982e-08,1.21665
8874,3.88572e-08,1.21717
8875,3.88228e-08,1.21716
8876,3.87789e-08,1.21786
8877,3.8749e-08,1.21748
8878,3.86669e-08,1.21719
8879,3.86334e-08,1.21827
8880,3.86019e-08,1.2189
8881,3.85698e-08,1.21942
8882,3.85375e-08,1.21946
8883,3.85372e-08,1.22169
8884,3.84481e-08,1.22045
8885,3.83905e-08,1.21981
8886,3.83854e-08,1.22104
8887,3.82949e-08,1.22199
8888,3.82884e-08,1.22289
8889,3.82163e-08,1.22067
8890,3.82171e-08,1.22184
8891,3.81331e-08,1.22243
8892,3.80649e-08,1.22205
8893,3.80751e-08,1.22251
8894,3.80222e-08,1.22326
8895,3.80005e-08,1.22401
8896,3.79487e-08,1.22404
8897,3.79132e-08,1.22436
8898,3.78701e-08,1.22434
8899,3.78074e-08,1.2251
8900,3.77804e-08,1.22483
8901,3.77361e-08,1.22599
8902,3.76941e-08,1.22567
8903,3.76532e-08,1.22598
8904,3.7613e-08,1.22669
8905,3.75603e-08,1.2263
8906,3.75209e-08,1.22719
8907,3.74758e-08,1.22772
8908,3.74204e-08,1.22735
8909,3.74129e-08,1.22772
8910,3.73489e-08,1.22896
8911,3.73361e-08,1.22888
8912,3.72813e-08,1.22924
8913,3.7232e-08,1.22945
8914,3.72022e-08,1.2294
8915,3.71437e-08,1.22959
8916,3.71199e-08,1.23001
8917,3.7062e-08,1.23168
8918,3.70429e-08,1.23113
8919,3.69446e-08,1.23137
8920,3.69379e-08,1.23154
8921,3.65107e-08,1.24074
8922,3.68678e-08,1.23276
8923,3.68154e-08,1.23211
8924,3.67896e-08,1.23301
8925,3.6764e-08,1.23305
8926,3.66804e-08,1.23286
8927,3.6669e-08,1.23441
8928,3.66231e-08,1.23401
8929,3.65804e-08,1.23446
8930,3.65245e-08,1.23542
8931,3.65173e-08,1.2351
8932,3.64622e-08,1.23555
8933,3.64262e-08,1.23571
8934,3.63741e-08,1.23622
8935,3.63142e-08,1.23412
8936,3.63016e-08,1.23677
8937,3.62544e-08,1.23652
8938,3.63317e-08,1.23961
8939,3.61552e-08,1.23673
8940,3.61304e-08,1.23777
8941,3.60603e-08,1.24787
8942,3.60566e-08,1.23803
8943,3.60047e-08,1.23847
8944,3.59825e-08,1.23905
8945,3.59921e-08,1.23597
8946,3.58945e-08,1.23991
8947,3.58427e-08,1.23949
8948,3.57862e-08,1.2396
8949,3.57522e-08,1.24023
8950,3.57415e-08,1.24119
8951,3.56924e-08,1.24201
8952,3.56294e-08,1.24082
8953,3.5686e-08,1.24231
8954,3.54858e-08,1.24173
8955,3.55217e-08,1.24178
8956,3.5495e-08,1.24498
8957,3.54529e-08,1.24414
8958,3.53857e-08,1.24477
8959,3.53614e-08,1.2438
8960,3.52948e-08,1.24361
8961,3.52891e-08,1.24448
8962,3.51871e-08,1.24653
8963,3.51534e-08,1.24585
8964,3.51789e-08,1.24503
8965,3.51468e-08,1.24567
8966,3.50061e-08,1.24937
8967,3.50428e-08,1.24638
8968,3.50129e-08,1.24613
8969,3.49422e-08,1.24688
8970,3.49253e-08,1.24686
8971,3.48835e-08,1.24757
8972,3.48447e-08,1.24822
8973,3.47759e-08,1.24767
8974,3.47801e-08,1.24799
8975,3.47372e-08,1.24897
8976,3.46131e-08,1.24863
8977,3.46335e-08,1.24916
8978,3.46376e-08,1.24939
8979,3.45613e-08,1.24988
8980,3.45457e-08,1.25137
8981,3.44839e-08,1.2504
8982,3.44324e-08,1.251
8983,3.4382e-08,1.25111
8984,3.43641e-08,1.25149
8985,3.43016e-08,1.25142
8986,3.4292e-08,1.25219
8987,3.41192e-08,1.24759
8988,3.41954e-08,1.25261
8989,3.41461e-08,1.25356
8990,3.41173e-08,1.25282
8991,3.40924e-08,1.25409
8992,3.4039e-08,1.25436
8993,3.39816e-08,1.25409
8994,3.39734e-08,1.25451
8995,3.39148e-08,1.254
8996,3.3866e-08,1.25628
8997,3.38513e-08,1.2551
8998,3.3779e-08,1.25605
8999,3.37824e-08,1.25502
9000,3.3721e-08,1.2567
9001,3.36891e-08,1.25746
9002,3.36491e-08,1.25711
9003,3.36086e-08,1.25785
9004,3.35642e-08,1.25865
9005,3.35327e-08,1.25822
9006,3.34918e-08,1.25821
9007,3.34654e-08,1.25861
9008,3.33991e-08,1.2593
9009,3.33875e-08,1.25985
9010,3.335e-08,1.25785
9011,3.32998e-08,1.2603
9012,3.32539e-08,1.26009
9013,3.32243e-08,1.26093
9014,3.31818e-08,1.26113
9015,3.31286e-08,1.26163
9016,3.31067e-08,1.26164
9017,3.30536e-08,1.26262
9018,3.30197e-08,1.26245
9019,3.29593e-08,1.263
9020,3.28821e-08,1.2631
9021,3.28811e-08,1.26331
9022,3.28667e-08,1.26334
9023,3.28251e-08,1.26404
9024,3.27841e-08,1.26382
9025,3.27474e-08,1.26419
9026,3.26997e-08,1.2641
9027,3.26615e-08,1.26507
9028,3.26143e-08,1.26519
9029,3.24777e-08,1.26539
9030,3.25598e-08,1.26572
9031,3.25105e-08,1.26633
9032,3.24464e-08,1.26636
9033,3.23085e-08,1.26407
9034,3.24103e-08,1.26752
9035,3.23605e-08,1.26827
9036,3.23344e-08,1.26632
9037,3.22711e-08,1.26888
9038,3.22464e-08,1.26833
9039,3.21816e-08,1.26957
9040,3.21771e-08,1.26866
9041,3.21212e-08,1.2701
9042,3.20866e-08,1.26941
9043,3.20333e-08,1.26986
9044,3.19902e-08,1.26992
9045,3.19578e-08,1.2706
9046,3.18844e-08,1.27208
9047,3.18788e-08,1.27141
9048,3.18251e-08,1.27165
9049,3.18127e-08,1.27176
9050,3.18058e-08,1.27194
9051,3.17271e-08,1.27287
9052,3.16788e-08,1.27352
9053,3.16446e-08,1.27439
9054,3.16099e-08,1.27373
9055,3.15786e-08,1.27433
9056,3.15362e-08,1.2744
9057,3.15246e-08,1.2741
9058,3.14729e-08,1.27513
9059,3.14231e-08,1.27522
9060,3.13869e-08,1.2755
9061,3.13222e-08,1.27594
9062,3.13184e-08,1.27596
9063,3.12653e-08,1.27642
9064,3.11591e-08,1.27865
9065,3.12514e-08,1.27346
9066,3.12005e-08,1.27779
9067,3.11306e-08,1.27754
9068,3.10453e-08,1.27805
9069,3.10039e-08,1.2793
9070,3.10023e-08,1.27866
9071,3.09677e-08,1.27785
9072,3.09414e-08,1.27902
9073,3.09421e-08,1.27866
9074,3.08504e-08,1.27972
9075,3.08153e-08,1.28074
9076,3.07896e-08,1.28064
9077,3.07476e-08,1.28169
9078,3.07321e-08,1.28006
9079,3.06707e-08,1.28142
9080,3.0598e-08,1.28204
9081,3.05905e-08,1.28226
9082,3.05499e-08,1.2823
9083,3.05102e-08,1.28235
9084,3.04744e-08,1.28287
9085,3.04411e-08,1.28285
9086,3.04034e-08,1.28302
9087,3.03599e-08,1.28452
9088,3.02938e-08,1.28429
9089,3.02661e-08,1.28436
9090,3.02988e-08,1.2863
9091,3.01552e-08,1.28467
9092,3.02057e-08,1.2862
9093,3.01374e-08,1.28581
9094,3.01068e-08,1.28573
9095,3.00531e-08,1.28622
9096,2.98364e-08,1.29037
9097,2.99819e-08,1.28765
9098,2.99387e-08,1.28789
9099,2.98905e-08,1.28822
9100,2.98673e-08,1.28813
9101,2.98503e-08,1.28849
9102,2.98036e-08,1.28814
9103,2.9758e-08,1.28921
9104,2.97192e-08,1.28987
9105,2.96492e-08,1.29018
9106,2.96459e-08,1.29029
9107,2.96144e-08,1.28961
9108,2.95658e-08,1.2921
9109,2.9522e-08,1.28987
9110,2.94914e-08,1.29034
9111,2.93488e-08,1.29393
9112,2.9436e-08,1.29221
9113,2.93676e-08,1.2924
9114,2.93224e-08,1.29266
9115,2.93069e-08,1.29146
9116,2.93167e-08,1.29483
9117,2.94995e-08,1.29206
9118,2.9194e-08,1.29323
9119,2.91325e-08,1.29265
9120,2.91372e-08,1.2946
9121,2.90728e-08,1.29361
9122,2.90433e-08,1.2953
9123,2.90266e-08,1.29543
9124,2.8913e-08,1.29312
9125,2.8941e-08,1.29634
9126,2.88579e-08,1.29642
9127,2.8849e-08,1.29649
9128,2.88152e-08,1.29745
9129,2.87544e-08,1.29792
9130,2.87402e-08,1.29919
9131,2.86836e-08,1.29871
9132,2.8661e-08,1.29813
9133,2.86353e-08,1.29752
9134,2.85784e-08,1.29905
9135,2.85652e-08,1.29887
9136,2.85575e-08,1.30324
9137,2.84801e-08,1.29984
9138,2.85614e-08,1.30414
9139,2.84182e-08,1.3019
9140,2.83996e-08,1.30168
9141,2.83149e-08,1.30075
9142,2.82539e-08,1.30362
9143,2.82375e-08,1.30187
9144,2.82603e-08,1.30207
9145,2.81855e-08,1.3028
9146,2.81314e-08,1.3027
9147,2.81199e-08,1.30241
9148,2.80769e-08,1.30296
9149,2.80311e-08,1.30374
9150,2.79871e-08,1.30361
9151,2.79711e-08,1.30476
9152,2.79295e-08,1.3044
9153,2.78805e-08,1.30453
9154,2.78433e-08,1.30396
9155,2.78176e-08,1.30546
9156,2.77677e-08,1.30606
9157,2.7733e-08,1.30597
9158,2.76991e-08,1.30585
9159,2.76639e-08,1.30643
9160,2.76356e-08,1.3067
9161,2.76146e-08,1.30685
9162,2.75614e-08,1.30746
9163,2.7515e-08,1.30783
9164,2.73783e-08,1.30543
9165,2.7461e-08,1.3076
9166,2.74045e-08,1.30888
9167,2.73847e-08,1.31019
9168,2.73395e-08,1.30947
9169,2.73006e-08,1.30845
9170,2.72578e-08,1.30965
9171,2.72801e-08,1.30992
9172,2.71719e-08,1.3113
9173,2.71553e-08,1.31122
9174,2.71053e-08,1.31087
9175,2.70882e-08,1.31177
9176,2.70239e-08,1.3125
9177,2.70043e-08,1.31204
9178,2.69548e-08,1.31286
9179,2.69132e-08,1.31268
9180,2.69128e-08,1.31141
9181,2.68582e-08,1.3131
9182,2.66127e-08,1.32692
9183,2.6838e-08,1.3111
9184,2.67272e-08,1.31507
9185,2.6728e-08,1.31437
9186,2.66661e-08,1.31567
9187,2.66402e-08,1.31453
9188,2.66048e-08,1.31523
9189,2.65798e-08,1.31646
9190,2.65361e-08,1.31624
9191,2.65033e-08,1.31733
9192,2.64556e-08,1.31651
9193,2.64742e-08,1.31528
9194,2.64046e-08,1.31536
9195,2.63371e-08,1.31766
9196,2.63147e-08,1.31762
9197,2.62318e-08,1.31797
9198,2.62502e-08,1.3192
9199,2.62108e-08,1.31871
9200,2.61675e-08,1.31968
9201,2.61364e-08,1.31952
9202,2.60905e-08,1.32056
9203,2.6051e-08,1.3205
9204,2.61564e-08,1.32456
9205,2.59825e-08,1.3204
9206,2.59684e-08,1.32139
9207,2.58971e-08,1.32146
9208,2.58773e-08,1.32244
9209,2.58288e-08,1.32287
9210,2.58048e-08,1.3226
9211,2.57764e-08,1.32346
9212,2.57869e-08,1.32642
9213,2.57336e-08,1.32238
9214,2.56627e-08,1.32406
9215,2.56088e-08,1.32459
9216,2.55899e-08,1.32441
9217,2.55688e-08,1.3257
9218,2.55098e-08,1.32618
9219,2.54888e-08,1.32569
9220,2.54244e-08,1.3245
9221,2.5418e-08,1.32605
9222,2.53938e-08,1.32672
9223,2.53294e-08,1.3266
9224,2.53035e-08,1.32727
9225,2.52704e-08,1.32731
9226,2.52303e-08,1.32702
9227,2.51866e-08,1.32827
9228,2.51621e-08,1.32823
9229,2.51458e-08,1.32835
9230,2.5087e-08,1.32843
9231,2.50488e-08,1.3295
9232,2.50039e-08,1.32983
9233,2.49665e-08,1.32984
9234,2.49684e-08,1.32967
9235,2.49303e-08,1.33272
9236,2.4875e-08,1.33065
9237,2.48646e-08,1.33108
9238,2.48007e-08,1.33129
9239,2.47601e-08,1.33177
9240,2.4729e-08,1.33165
9241,2.46911e-08,1.3325
9242,2.46625e-08,1.3329
9243,2.46179e-08,1.33261
9244,2.45997e-08,1.33301
9245,2.45563e-08,1.33362
9246,2.46173e-08,1.33693
9247,2.44738e-08,1.33396
9248,2.44494e-08,1.33548
9249,2.43889e-08,1.33251
9250,2.43497e-08,1.33491
9251,2.43356e-08,1.33593
9252,2.43014e-08,1.33528
9253,2.43076e-08,1.3365
9254,2.42095e-08,1.3365
9255,2.41818e-08,1.33698
9256,2.41501e-08,1.33692
9257,2.40961e-08,1.33597
9258,2.40703e-08,1.33659
9259,2.4053e-08,1.33821
9260,2.39998e-08,1.33851
9261,2.39865e-08,1.33843
9262,2.39523e-08,1.33877
9263,2.39381e-08,1.33743
9264,2.38664e-08,1.34401
9265,2.38685e-08,1.33814
9266,2.38242e-08,1.34091
9267,2.37648e-08,1.34015
9268,2.3754e-08,1.3414
9269,2.36899e-08,1.34049
9270,2.36677e-08,1.34103
9271,2.36165e-08,1.34139
9272,2.35995e-08,1.342
9273,2.35916e-08,1.34215
9274,2.35247e-08,1.34279
9275,2.34858e-08,1.34363
9276,2.34554e-08,1.34304
9277,2.33733e-08,1.34196
9278,2.35028e-08,1.34457
9279,2.33432e-08,1.34418
9280,2.32841e-08,1.34728
9281,2.32707e-08,1.34491
9282,2.32464e-08,1.34514
9283,2.32063e-08,1.34506
9284,2.31779e-08,1.34596
9285,2.31291e-08,1.34608
9286,2.30986e-08,1.34615
9287,2.30379e-08,1.34713
9288,2.30416e-08,1.34709
9289,2.3014e-08,1.34792
9290,2.29611e-08,1.34784
9291,2.29436e-08,1.34837
9292,2.29142e-08,1.34821
9293,2.28734e-08,1.34864
9294,2.28235e-08,1.34891
9295,2.2786e-08,1.34921
9296,2.27514e-08,1.35006
9297,2.27488e-08,1.34962
9298,2.26698e-08,1.35231
9299,2.2646e-08,1.35086
9300,2.26191e-08,1.35101
9301,2.25738e-08,1.35186
9302,2.2553e-08,1.34996
9303,2.25045e-08,1.35176
9304,2.24741e-08,1.35304
9305,2.24498e-08,1.35282
9306,2.23886e-08,1.35362
9307,2.23755e-08,1.35327
9308,2.23322e-08,1.35347
9309,2.23172e-08,1.35088
9310,2.24353e-08,1.3534
9311,2.22182e-08,1.35438
9312,2.21935e-08,1.35521
9313,2.21176e-08,1.35614
9314,2.21254e-08,1.35493
9315,2.20925e-08,1.35508
9316,2.20577e-08,1.35595
9317,2.20234e-08,1.35584
9318,2.19626e-08,1.35558
9319,2.19439e-08,1.35662
9320,2.1912e-08,1.35615
9321,2.1887e-08,1.35624
9322,2.18094e-08,1.35694
9323,2.18036e-08,1.35815
9324,2.17818e-08,1.35814
9325,2.16929e-08,1.35746
9326,2.17161e-08,1.35859
9327,2.16703e-08,1.35961
9328,2.16047e-08,1.36006
9329,2.15752e-08,1.36006
9330,2.15552e-08,1.37566
9331,2.15296e-08,1.36018
9332,2.14974e-08,1.36052
9333,2.1445e-08,1.36157
9334,2.14259e-08,1.36193
9335,2.14055e-08,1.36201
9336,2.13277e-08,1.36223
9337,2.133e-08,1.36332
9338,2.12868e-08,1.36302
9339,2.12495e-08,1.3626
9340,2.1221e-08,1.36299
9341,2.11914e-08,1.36388
9342,2.11465e-08,1.36413
9343,2.11246e-08,1.36414
9344,2.10611e-08,1.36545
9345,2.12917e-08,1.37287
9346,2.10229e-08,1.36501
9347,2.09717e-08,1.36547
9348,2.09695e-08,1.36312
9349,2.09141e-08,1.366
9350,2.08916e-08,1.36631
9351,2.08412e-08,1.36644
9352,2.07964e-08,1.36703
9353,2.07682e-08,1.3664
9354,2.07341e-08,1.36765
9355,2.07318e-08,1.36768
9356,2.07076e-08,1.36903
9357,2.06298e-08,1.369
9358,2.06146e-08,1.36923
9359,2.05518e-08,1.36872
9360,2.04923e-08,1.36931
9361,2.04772e-08,1.36949
9362,2.04722e-08,1.37095
9363,2.04337e-08,1.37072
9364,2.05485e-08,1.3744
9365,2.03529e-08,1.37105
9366,2.03348e-08,1.37196
9367,2.0285e-08,1.37203
9368,2.02579e-08,1.37242
9369,2.02271e-08,1.37214
9370,2.01581e-08,1.37576
9371,2.01648e-08,1.37317
9372,1.98867e-08,1.38471
9373,2.0105e-08,1.37351
9374,2.00547e-08,1.37394
9375,2.00144e-08,1.37433
9376,1.99978e-08,1.37507
9377,1.99555e-08,1.37551
9378,1.99286e-08,1.37586
9379,1.9904e-08,1.37486
9380,1.98464e-08,1.3761
9381,1.98045e-08,1.37618
9382,1.97837e-08,1.37691
9383,1.97456e-08,1.37725
9384,1.96998e-08,1.37706
9385,1.97669e-08,1.3757
9386,1.9638e-08,1.37779
9387,1.96137e-08,1.37911
9388,1.95788e-08,1.37855
9389,1.95423e-08,1.37866
9390,1.94911e-08,1.37843
9391,1.94818e-08,1.37957
9392,1.94703e-08,1.37942
9393,1.94118e-08,1.37999
9394,1.93764e-08,1.3794
9395,1.9341e-08,1.37928
9396,1.93047e-08,1.38087
9397,1.92905e-08,1.38129
9398,1.9229e-08,1.38158
9399,1.92117e-08,1.3825
9400,1.91396e-08,1.38191
9401,1.91147e-08,1.38216
9402,1.90684e-08,1.38544
9403,1.90373e-08,1.37866
9404,1.90208e-08,1.38452
9405,1.89973e-08,1.38418
9406,1.89648e-08,1.38391
9407,1.88407e-08,1.38461
9408,1.88906e-08,1.38484
9409,1.88362e-08,1.38501
9410,1.85908e-08,1.39121
9411,1.88197e-08,1.38641
9412,1.87836e-08,1.38552
9413,1.87085e-08,1.38666
9414,1.86895e-08,1.38588
9415,1.86677e-08,1.38656
9416,1.86654e-08,1.38811
9417,1.86082e-08,1.38601
9418,1.85661e-08,1.38736
9419,1.85053e-08,1.38815
9420,1.85026e-08,1.38919
9421,1.84766e-08,1.38884
9422,1.84413e-08,1.38876
9423,1.84026e-08,1.38971
9424,1.83827e-08,1.38942
9425,1.83459e-08,1.39104
9426,1.82911e-08,1.38981
9427,1.82525e-08,1.39134
9428,1.8217e-08,1.39141
9429,1.81978e-08,1.3902
9430,1.81668e-08,1.39167
9431,1.8107e-08,1.3915
9432,1.80902e-08,1.39234
9433,1.80753e-08,1.39346
9434,1.80105e-08,1.39316
9435,1.80178e-08,1.39427
9436,1.79623e-08,1.39426
9437,1.79367e-08,1.39413
9438,1.78883e-08,1.39442
9439,1.78809e-08,1.39816
9440,1.78192e-08,1.39509
9441,1.77816e-08,1.39401
9442,1.76504e-08,1.40056
9443,1.77072e-08,1.39513
9444,1.76925e-08,1.39652
9445,1.7664e-08,1.39603
9446,1.76345e-08,1.39654
9447,1.75948e-08,1.39773
9448,1.75236e-08,1.39658
9449,1.75158e-08,1.3979
9450,1.74756e-08,1.3971
9451,1.74504e-08,1.39857
9452,1.74496e-08,1.3984
9453,1.72279e-08,1.39675
9454,1.71638e-08,1.40129
9455,1.73246e-08,1.39905
9456,1.72817e-08,1.39982
9457,1.72996e-08,1.40031
9458,1.72192e-08,1.40107
9459,1.71999e-08,1.40077
9460,1.71477e-08,1.40156
9461,1.71261e-08,1.40093
9462,1.70587e-08,1.40015
9463,1.70102e-08,1.39754
9464,1.70258e-08,1.40234
9465,1.69931e-08,1.40317
9466,1.69588e-08,1.4031
9467,1.6916e-08,1.4036
9468,1.68989e-08,1.40288
9469,1.6805e-08,1.40329
9470,1.68277e-08,1.40515
9471,1.6795e-08,1.4039
9472,1.67578e-08,1.40487
9473,1.67263e-08,1.40507
9474,1.66818e-08,1.40615
9475,1.66647e-08,1.40574
9476,1.65947e-08,1.40578
9477,1.66009e-08,1.40514
9478,1.65704e-08,1.40854
9479,1.64599e-08,1.40892
9480,1.64573e-08,1.40523
9481,1.64725e-08,1.40629
9482,1.64244e-08,1.40818
9483,1.63849e-08,1.40643
9484,1.63488e-08,1.40868
9485,1.62874e-08,1.40629
9486,1.62852e-08,1.40993
9487,1.62505e-08,1.40864
9488,1.62691e-08,1.41178
9489,1.61992e-08,1.41123
9490,1.61499e-08,1.41059
9491,1.61236e-08,1.41039
9492,1.60853e-08,1.4114
9493,1.60599e-08,1.41284
9494,1.60528e-08,1.41132
9495,1.59957e-08,1.41127
9496,1.5946e-08,1.41145
9497,1.59361e-08,1.41282
9498,1.59068e-08,1.41312
9499,1.5854e-08,1.41351
9500,1.58287e-08,1.41305
9501,1.57982e-08,1.41402
9502,1.5723e-08,1.41417
9503,1.57184e-08,1.41443
9504,1.56869e-08,1.41554
9505,1.56596e-08,1.41429
9506,1.56554e-08,1.41583
9507,1.56098e-08,1.40552
9508,1.56044e-08,1.41451
9509,1.55305e-08,1.41655
9510,1.54747e-08,1.41675
9511,1.54845e-08,1.41717
9512,1.54289e-08,1.41744
9513,1.54268e-08,1.42125
9514,1.53648e-08,1.41969
9515,1.53299e-08,1.41713
9516,1.53072e-08,1.42206
9517,1.53049e-08,1.41993
9518,1.52454e-08,1.41983
9519,1.52295e-08,1.42
9520,1.51666e-08,1.42032
9521,1.51267e-08,1.41996
9522,1.51138e-08,1.42175
9523,1.50698e-08,1.42196
9524,1.50451e-08,1.42147
9525,1.49954e-08,1.42152
9526,1.49709e-08,1.42198
9527,1.49359e-08,1.42133
9528,1.49064e-08,1.42252
9529,1.4944e-08,1.42143
9530,1.48103e-08,1.42567
9531,1.48139e-08,1.42355
9532,1.47651e-08,1.42163
9533,1.47272e-08,1.42374
9534,1.47107e-08,1.42562
9535,1.46628e-08,1.42508
9536,1.46461e-08,1.42366
9537,1.45861e-08,1.42722
9538,1.45999e-08,1.42519
9539,1.45544e-08,1.42429
9540,1.45079e-08,1.42711
9541,1.44856e-08,1.42653
9542,1.44721e-08,1.42725
9543,1.44307e-08,1.42813
9544,1.43742e-08,1.42882
9545,1.44266e-08,1.43498
9546,1.43068e-08,1.43021
9547,1.43014e-08,1.42846
9548,1.42598e-08,1.42907
9549,1.42312e-08,1.43173
9550,1.41819e-08,1.42896
9551,1.41569e-08,1.42992
9552,1.41281e-08,1.43146
9553,1.41088e-08,1.43046
9554,1.40123e-08,1.43129
9555,1.40213e-08,1.43152
9556,1.39991e-08,1.42967
9557,1.39683e-08,1.43071
9558,1.3935e-08,1.43175
9559,1.3904e-08,1.43315
9560,1.38526e-08,1.43234
9561,1.38279e-08,1.43278
9562,1.37997e-08,1.43244
9563,1.37629e-08,1.43636
9564,1.36961e-08,1.43205
9565,1.36728e-08,1.42975
9566,1.36743e-08,1.42973
9567,1.3639e-08,1.43373
9568,1.3607e-08,1.43666
9569,1.35766e-08,1.43533
9570,1.34984e-08,1.43226
9571,1.35221e-08,1.43526
9572,1.34683e-08,1.43759
9573,1.34615e-08,1.43539
9574,1.34357e-08,1.43917
9575,1.33838e-08,1.43558
9576,1.33323e-08,1.43694
9577,1.29823e-08,1.39943
9578,1.32813e-08,1.43225
9579,1.32723e-08,1.43666
9580,1.31939e-08,1.43958
9581,1.31881e-08,1.43798
9582,1.31644e-08,1.44021
9583,1.30758e-08,1.43994
9584,1.30658e-08,1.43827
9585,1.30787e-08,1.44015
9586,1.30317e-08,1.44214
9587,1.29811e-08,1.44096
9588,1.2972e-08,1.44301
9589,1.29546e-08,1.44149
9590,1.29025e-08,1.44517
9591,1.28707e-08,1.44309
9592,1.28244e-08,1.44597
9593,1.27959e-08,1.44428
9594,1.28301e-08,1.44265
9595,1.27293e-08,1.44554
9596,1.26937e-08,1.44377
9597,1.26739e-08,1.44372
9598,1.26584e-08,1.44432
9599,1.25964e-08,1.4421
9600,1.25751e-08,1.44613
9601,1.25245e-08,1.44407
9602,1.24915e-08,1.4454
9603,1.25114e-08,1.44432
9604,1.24325e-08,1.44547
9605,1.23818e-08,1.44613
9606,1.23795e-08,1.44676
9607,1.23623e-08,1.44627
9608,1.23138e-08,1.44875
9609,1.22902e-08,1.44899
9610,1.21801e-08,1.44736
9611,1.22021e-08,1.4469
9612,1.21828e-08,1.44858
9613,1.21458e-08,1.45132
9614,1.21012e-08,1.45057
9615,1.21055e-08,1.4469
9616,1.20567e-08,1.44713
9617,1.20246e-08,1.45095
9618,1.18246e-08,1.46168
9619,1.19623e-08,1.4508
9620,1.1903e-08,1.44887
9621,1.18954e-08,1.45124
9622,1.18534e-08,1.4499
9623,1.18169e-08,1.45367
9624,1.18072e-08,1.45362
9625,1.17561e-08,1.45327
9626,1.17435e-08,1.45341
9627,1.16987e-08,1.4536
9628,1.16745e-08,1.45377
9629,1.1638e-08,1.45575
9630,1.16307e-08,1.45633
9631,1.16019e-08,1.45618
9632,1.15451e-08,1.45551
9633,1.16178e-08,1.44265
9634,1.14883e-08,1.45642
9635,1.14327e-08,1.45626
9636,1.14104e-08,1.45622
9637,1.14013e-08,1.45657
9638,1.13228e-08,1.45228
9639,1.13056e-08,1.45623
9640,1.12442e-08,1.45554
9641,1.12622e-08,1.45716
9642,1.12118e-08,1.46059
9643,1.11753e-08,1.45902
9644,1.11525e-08,1.45821
9645,1.115e-08,1.46403
9646,1.10905e-08,1.46
9647,1.10626e-08,1.46031
9648,1.09669e-08,1.46098
9649,1.10627e-08,1.4576
9650,1.10199e-08,1.4579
9651,1.09228e-08,1.46134
9652,1.08955e-08,1.46097
9653,1.08854e-08,1.46227
9654,1.08003e-08,1.46224
9655,1.08225e-08,1.46422
9656,1.08016e-08,1.46386
9657,1.07078e-08,1.4645
9658,1.07219e-08,1.46283
9659,1.06835e-08,1.46282
9660,1.06442e-08,1.46261
9661,1.06361e-08,1.46433
9662,1.05632e-08,1.46375
9663,1.05431e-08,1.46537
9664,1.04921e-08,1.4637
9665,1.04818e-08,1.4652
9666,1.04384e-08,1.46633
9667,1.0379e-08,1.46136
9668,1.04057e-08,1.46654
9669,1.03192e-08,1.4673
9670,1.03275e-08,1.46565
9671,1.02732e-08,1.46185
9672,1.02568e-08,1.46692
9673,1.02227e-08,1.46869
9674,1.01768e-08,1.4685
9675,1.01624e-08,1.47149
9676,1.01349e-08,1.46808
9677,1.00784e-08,1.46918
9678,9.99844e-09,1.46768
9679,1.00515e-08,1.46846
9680,9.95689e-09,1.46936
9681,9.98436e-09,1.4702
9682,9.97006e-09,1.4714
9683,9.9039e-09,1.47329
9684,9.87695e-09,1.4747
9685,9.85936e-09,1.47206
9686,9.82993e-09,1.47213
9687,9.78404e-09,1.47406
9688,9.72859e-09,1.47374
9689,9.73792e-09,1.47361
9690,9.67606e-09,1.47302
9691,9.64717e-09,1.47421
9692,9.65425e-09,1.47501
9693,9.60523e-09,1.47424
9694,9.5586e-09,1.47359
9695,9.58075e-09,1.47138
9696,9.4904e-09,1.47784
9697,9.49105e-09,1.47246
9698,9.46155e-09,1.47508
9699,9.41068e-09,1.48204
9700,9.35146e-09,1.47585
9701,9.33992e-09,1.4756
9702,9.37855e-09,1.4794
9703,9.16669e-09,1.54421
9704,9.23876e-09,1.47589
9705,9.227e-09,1.47272
9706,9.16346e-09,1.47935
9707,9.13857e-09,1.47534
9708,9.1245e-09,1.47969
9709,9.0605e-09,1.47982
9710,9.06947e-09,1.47828
9711,9.02187e-09,1.47446
9712,9.007e-09,1.48046
9713,8.94582e-09,1.48195
9714,8.92836e-09,1.4811
9715,8.87133e-09,1.48004
9716,8.87878e-09,1.48299
9717,8.82689e-09,1.48197
9718,8.82232e-09,1.47558
9719,8.84576e-09,1.47786
9720,8.74956e-09,1.48426
9721,9.00814e-09,1.5187
9722,8.6543e-09,1.48967
9723,8.65944e-09,1.4852
9724,8.69372e-09,1.4723
9725,8.60946e-09,1.4793
9726,8.57323e-09,1.48411
9727,8.54376e-09,1.48426
9728,8.48874e-09,1.48265
9729,8.46803e-09,1.48903
9730,8.39583e-09,1.49034
9731,8.48801e-09,1.49446
9732,8.28447e-09,1.48401
9733,8.32507e-09,1.48307
9734,8.28322e-09,1.48949
9735,8.34493e-09,1.4665
9736,8.2156e-09,1.48837
9737,8.28761e-09,1.53058
9738,8.17222e-09,1.48641
9739,8.14929e-09,1.4884
9740,8.10799e-09,1.4874
9741,8.08512e-09,1.48745
9742,8.04887e-09,1.4895
9743,8.00041e-09,1.49226
9744,7.99504e-09,1.48618
9745,7.94067e-09,1.49066
9746,7.94738e-09,1.49032
9747,7.91012e-09,1.49504
9748,7.91381e-09,1.46022
9749,7.81687e-09,1.49234
9750,7.78906e-09,1.49419
9751,7.7807e-09,1.49103
9752,7.70443e-09,1.48787
9753,7.67339e-09,1.49431
9754,7.65587e-09,1.49347
9755,7.74707e-09,1.50033
9756,7.62225e-09,1.48876
9757,7.56666e-09,1.49374
9758,7.53132e-09,1.49259
9759,7.49962e-09,1.49461
9760,7.42753e-09,1.497
9761,7.46189e-09,1.49777
9762,7.05337e-09,1.54175
9763,7.40338e-09,1.49848
9764,7.34266e-09,1.4925
9765,7.30839e-09,1.49778
9766,7.2707e-09,1.50035
9767,7.27427e-09,1.49644
9768,7.24595e-09,1.50111
9769,7.20285e-09,1.50058
9770,7.15904e-09,1.50026
9771,7.12822e-09,1.4966
9772,7.11007e-09,1.49849
9773,7.07591e-09,1.50131
9774,7.08241e-09,1.50613
9775,7.01557e-09,1.49656
9776,6.97602e-09,1.49721
9777,6.95192e-09,1.49926
9778,6.9176e-09,1.50357
9779,6.89422e-09,1.50224
9780,6.85564e-09,1.51489
9781,6.81498e-09,1.50695
9782,6.82681e-09,1.50089
9783,6.74229e-09,1.4992
9784,6.72814e-09,1.50377
9785,6.67947e-09,1.50579
9786,6.68624e-09,1.50269
9787,6.62292e-09,1.50754
9788,6.60381e-09,1.50458
9789,6.55512e-09,1.50353
9790,6.55475e-09,1.50497
9791,6.4969e-09,1.50351
9792,6.37112e-09,1.50052
9793,6.4299e-09,1.50256
9794,6.41418e-09,1.50038
9795,6.37296e-09,1.50808
9796,6.38639e-09,1.50847
9797,6.3511e-09,1.50695
9798,6.27278e-09,1.50547
9799,6.27511e-09,1.50803
9800,6.31025e-09,1.49223
9801,6.19352e-09,1.51006
9802,6.1562e-09,1.50913
9803,6.12944e-09,1.51031
9804,6.02385e-09,1.50686
9805,6.03508e-09,1.50788
9806,6.0492e-09,1.50719
9807,6.00275e-09,1.51142
9808,5.97529e-09,1.51469
9809,5.94264e-09,1.50213
9810,5.79747e-09,1.50917
9811,5.84488e-09,1.51824
9812,5.85597e-09,1.4957
9813,5.8341e-09,1.51049
9814,5.7807e-09,1.50835
9815,5.74037e-09,1.51121
9816,5.71784e-09,1.51555
9817,5.70464e-09,1.50932
9818,5.67975e-09,1.51835
9819,5.63164e-09,1.5138
9820,5.59597e-09,1.51454
9821,5.54779e-09,1.51849
9822,5.54301e-09,1.51625
9823,5.49135e-09,1.51739
9824,5.46086e-09,1.51913
9825,5.52038e-09,1.51583
9826,5.40483e-09,1.51533
9827,5.3904e-09,1.50666
9828,5.3298e-09,1.51203
9829,5.29431e-09,1.51362
9830,5.22616e-09,1.51985
9831,5.24615e-09,1.5194
9832,5.23807e-09,1.51284
9833,5.2026e-09,1.51728
9834,5.3077e-09,1.53882
9835,5.15237e-09,1.51767
9836,5.11927e-09,1.51822
9837,5.06842e-09,1.51527
9838,5.05249e-09,1.5154
9839,5.24605e-09,1.53014
9840,4.948e-09,1.52146
9841,4.94076e-09,1.52353
9842,4.88411e-09,1.52575
9843,4.9042e-09,1.52235
9844,4.84386e-09,1.52641
9845,4.81704e-09,1.52064
9846,4.77702e-09,1.52335
9847,4.73663e-09,1.51891
9848,4.68946e-09,1.53012
9849,4.68419e-09,1.51668
9850,4.6826e-09,1.52627
9851,4.6127e-09,1.52656
9852,4.5937e-09,1.52048
9853,4.54974e-09,1.51716
9854,4.4494e-09,1.53287
9855,4.50352e-09,1.53183
9856,4.50731e-09,1.53556
9857,4.43258e-09,1.52088
9858,4.40973e-09,1.52859
9859,4.3975e-09,1.53183
9860,4.34153e-09,1.5263
9861,4.31884e-09,1.53247
9862,4.25145e-09,1.53305
9863,4.26416e-09,1.52644
9864,4.22835e-09,1.52704
9865,4.20304e-09,1.52386
9866,4.15995e-09,1.52494
9867,4.09584e-09,1.52709
9868,4.12145e-09,1.52822
9869,4.0945e-09,1.52547
9870,4.04744e-09,1.53042
9871,4.00084e-09,1.52596
9872,3.96396e-09,1.52531
9873,3.85633e-09,1.66377
9874,3.93836e-09,1.53145
9875,3.94533e-09,1.53281
9876,3.84926e-09,1.53262
9877,3.80855e-09,1.53343
9878,3.82305e-09,1.5127
9879,3.75124e-09,1.53122
9880,3.72746e-09,1.53301
9881,3.68608e-09,1.54055
9882,3.66508e-09,1.53199
9883,3.63227e-09,1.53184
9884,3.60904e-09,1.5343
9885,3.57355e-09,1.53521
9886,3.54023e-09,1.53444
9887,3.57704e-09,1.5246
9888,3.47778e-09,1.53724
9889,3.42915e-09,1.53029
9890,3.39515e-09,1.53709
9891,3.38658e-09,1.53535
9892,3.36895e-09,1.53553
9893,3.30662e-09,1.53348
9894,3.26463e-09,1.55941
9895,3.25994e-09,1.53622
9896,3.22354e-09,1.54378
9897,3.18523e-09,1.5355
9898,3.16761e-09,1.54248
9899,3.12996e-09,1.54354
9900,3.10007e-09,1.54614
9901,3.07081e-09,1.53346
9902,3.05781e-09,1.53361
9903,3.00221e-09,1.53655
9904,2.97921e-09,1.54135
9905,2.95453e-09,1.544
9906,2.95336e-09,1.54641
9907,2.93158e-09,1.5388
9908,2.85452e-09,1.54831
9909,2.82863e-09,1.53812
9910,2.77804e-09,1.53735
9911,2.78089e-09,1.54582
9912,2.71895e-09,1.53855
9913,2.70725e-09,1.5353
9914,2.67064e-09,1.54492
9915,2.62638e-09,1.54688
9916,2.53434e-09,1.54318
9917,2.54507e-09,1.55693
9918,2.55952e-09,1.54321
9919,2.51221e-09,1.53507
9920,2.47011e-09,1.5466
9921,2.45335e-09,1.55308
9922,2.40778e-09,1.54345
9923,2.38352e-09,1.5402
9924,2.34658e-09,1.54546
9925,2.32647e-09,1.54992
9926,2.2678e-09,1.54991
9927,2.25795e-09,1.56617
9928,2.22606e-09,1.55425
9929,2.22578e-09,1.54356
9930,2.17831e-09,1.55132
9931,2.16713e-09,1.5489
9932,2.11623e-09,1.56514
9933,2.07814e-09,1.54427
9934,2.03171e-09,1.55187
9935,1.983e-09,1.49803
9936,2.01882e-09,1.55
9937,1.96152e-09,1.55387
9938,1.89914e-09,1.56055
9939,1.87957e-09,1.54532
9940,1.83731e-09,1.54966
9941,1.83778e-09,1.55634
9942,1.82816e-09,1.56039
9943,1.87866e-09,1.56642
9944,1.73869e-09,1.55907
9945,1.71206e-09,1.54865
9946,1.75272e-09,1.62474
9947,1.63706e-09,1.53118
9948,1.59302e-09,1.54218
9949,1.58504e-09,1.58058
9950,1.57979e-09,1.55571
9951,1.50509e-09,1.5524
9952,1.49286e-09,1.56122
9953,1.44609e-09,1.55607
9954,1.42485e-09,1.55521
9955,1.39932e-09,1.55172
9956,1.35491e-09,1.55446
9957,1.33898e-09,1.5638
9958,1.3187e-09,1.55625
9959,1.34254e-09,1.55384
9960,1.23697e-09,1.55402
9961,1.20193e-09,1.52835
9962,1.16483e-09,1.5232
9963,1.14219e-09,1.57207
9964,1.08076e-09,1.56661
9965,1.07819e-09,1.57666
9966,1.04671e-09,1.54584
9967,1.07041e-09,1.58119
9968,1.0221e-09,1.56929
9969,9.58163e-10,1.54812
9970,9.14017e-10,1.54925
9971,9.09522e-10,1.5349
9972,8.60294e-10,1.56424
9973,8.45083e-10,1.57075
9974,7.97674e-10,1.5676
9975,8.22099e-10,1.53678
9976,7.55196e-10,1.59024
9977,7.36351e-10,1.53755
9978,6.78119e-10,1.59253
9979,6.57291e-10,1.55549
9980,6.25266e-10,1.59691
9981,6.17823e-10,1.62004
9982,5.70501e-10,1.56814
9983,5.2503e-10,1.54889
9984,5.05962e-10,1.57535
9985,4.86654e-10,1.52326
9986,4.24772e-10,1.56268
9987,4.15576e-10,1.58552
9988,3.62743e-10,1.6228
9989,2.71964e-10,1.64081
9990,2.96059e-10,1.5449
9991,2.72696e-10,1.60975
9992,2.34773e-10,1.64052
9993,2.13607e-10,1.54044
9994,1.81649e-10,1.64202
9995,1.48481e-10,1.62537
9996,3.27559e-10,-0.0503462
9997,1.0953e-10,1.68325
9998,5.82291e-11,1.43314
9999,2.55468e-10,-0.247676
