Frequency,Magnitude,Phase
0,5.25e-12,-1.56976
1,1.29774e-11,-1.40933
2,1.13176e-11,-3.14091
3,1.34177e-11,1.4814
4,3.05029e-11,-0.149663
5,7.21217e-11,2.66801
6,1.34176e-11,2.98977
7,4.67964e-12,1.02959
8,1.46937e-11,-2.98001
9,8.44978e-12,0.0779878
10,1.3311e-11,1.83713
11,7.11067e-12,3.0428
12,1.64968e-11,-0.607097
13,4.43036e-12,-1.79633
14,1.39207e-11,-0.698819
15,1.37947e-11,-1.85515
16,2.31553e-11,-0.101462
17,1.34675e-11,0.729394
18,1.78218e-11,-2.72838
19,5.66172e-11,1.94122
20,1.28694e-11,-0.979875
21,5.39853e-12,2.83662
22,1.16254e-11,-2.57902
23,4.235e-11,-2.18915
24,1.46387e-10,-1.89657
25,1.82092e-11,-0.72955
26,1.06134e-11,0.124459
27,1.76738e-11,1.93647
28,1.18569e-11,1.44236
29,2.31882e-11,-0.943471
30,1.91909e-11,-3.04169
31,1.46619e-11,3.11562
32,2.48416e-12,0.0148214
33,4.7174e-12,-3.00724
34,2.36018e-11,0.144616
35,6.51429e-12,-2.32123
36,6.93021e-12,1.97366
37,2.35227e-11,-0.542991
38,1.46152e-11,0.67638
39,1.08454e-11,-2.99362
40,2.65366e-12,3.1245
41,3.7414e-11,-1.7749
42,3.62196e-11,-2.77565
43,9.98451e-12,-2.93695
44,1.11512e-10,1.22675
45,2.65816e-11,-3.1203
46,7.94052e-12,0.970621
47,7.80679e-12,-1.77945
48,5.12769e-11,-2.2728
49,1.06237e-11,1.74757
50,1.34373e-11,1.55144
51,2.82132e-11,-0.726342
52,8.28762e-12,-2.57532
53,2.65048e-12,-0.157451
54,7.56327e-12,2.27745
55,1.3452e-11,2.06181
56,9.8756e-12,2.92153
57,1.20245e-11,-1.76394
58,5.55602e-10,-1.73724
59,1.67567e-11,-0.172282
60,3.78486e-11,-1.32621
61,1.16696e-11,1.03122
62,2.15426e-12,-0.833463
63,4.36077e-11,-2.62938
64,1.00995e-11,-1.45949
65,2.41572e-11,-1.71038
66,1.58053e-11,-2.66226
67,3.48834e-11,0.336248
68,5.03876e-12,-0.355009
69,5.61174e-12,-0.205938
70,2.77742e-11,-2.47694
71,1.19579e-11,-3.04683
72,1.16397e-11,-3.1039
73,6.14942e-12,-0.941607
74,1.00658e-11,-0.495447
75,7.60777e-12,-1.32267
76,1.38074e-11,-2.1867
77,1.39738e-11,2.57452
78,1.08666e-10,-2.05592
79,8.20733e-12,3.0533
80,8.268e-12,-0.197645
81,1.17497e-11,-2.12956
82,6.77008e-12,0.599221
83,6.9851e-12,0.509407
84,4.34984e-12,2.0425
85,1.28472e-11,-2.11485
86,1.7477e-11,-2.73654
87,1.38643e-11,-1.36561
88,9.2742e-12,-1.53292
89,8.693e-12,-2.78081
90,8.44672e-12,1.13694
91,2.32528e-11,1.78808
92,6.68798e-11,-1.66154
93,4.04883e-11,2.35745
94,9.60551e-11,1.4979
95,5.7256e-12,0.842786
96,1.25622e-11,0.986216
97,2.32419e-11,3.12119
98,8.50986e-12,-1.32544
99,1.00877e-11,-0.259872
100,2.25287e-11,1.68686
101,1.34119e-11,2.10467
102,4.44201e-12,2.1131
103,4.83393e-11,2.88772
104,2.83906e-11,1.89132
105,6.32331e-12,-3.09962
106,1.40101e-11,3.05975
107,2.40959e-11,0.300731
108,1.48866e-11,2.14414
109,6.20612e-12,-2.37795
110,1.26225e-12,-0.711302
111,1.1653e-11,1.15263
112,8.62661e-12,1.4397
113,5.90392e-11,2.12378
114,1.04576e-11,-3.04272
115,2.17542e-11,0.577152
116,7.55418e-12,1.85269
117,2.47253e-11,3.02848
118,8.3664e-12,0.794895
119,6.15799e-11,2.52694
120,8.82165e-12,2.99127
121,9.31948e-12,-0.67925
122,1.34853e-11,-0.449738
123,1.25783e-11,0.908107
124,1.15975e-11,1.35275
125,7.63386e-11,-0.584332
126,1.41614e-11,-1.84629
127,9.78708e-12,-1.74335
128,7.2625e-11,1.58707
129,5.15839e-12,-0.234301
130,1.42523e-11,0.381031
131,2.30246e-11,-1.78387
132,1.23384e-11,0.143196
133,7.29062e-12,-2.61144
134,1.66418e-11,0.495041
135,2.81186e-11,-0.280052
136,1.99508e-11,-1.4859
137,7.66382e-12,-0.797822
138,1.53095e-11,2.24446
139,6.07871e-12,-0.782419
140,2.24438e-11,-2.63606
141,2.17417e-12,-0.516317
142,1.0365e-11,-0.193773
143,1.17785e-11,-1.4677
144,5.85706e-12,-0.188775
145,7.80601e-12,-1.83972
146,9.62247e-12,2.36123
147,6.7775e-12,-0.706699
148,3.88156e-12,-0.405837
149,4.30634e-12,-0.544606
150,4.71499e-12,2.73246
151,9.8847e-12,-1.56086
152,2.02253e-12,2.31451
153,1.14411e-11,-1.18142
154,1.93057e-11,1.1444
155,1.51331e-11,-2.13469
156,3.72209e-12,0.960838
157,1.02217e-11,2.62659
158,1.9232e-12,-0.610027
159,2.31073e-11,0.0699602
160,3.68946e-12,-2.28315
161,5.21312e-12,0.529101
162,1.22629e-11,2.71765
163,1.33909e-11,-2.12803
164,3.88975e-11,-0.0833989
165,1.9634e-11,2.77205
166,8.37149e-12,-1.97839
167,3.71522e-11,1.64584
168,1.18935e-11,0.36312
169,9.78606e-12,-3.05713
170,6.98652e-11,2.81382
171,4.65485e-12,3.06094
172,5.81114e-12,-2.46988
173,1.77294e-10,-2.68873
174,3.6781e-12,1.36012
175,3.21356e-11,1.58441
176,2.85735e-11,1.11567
177,5.32555e-12,0.133384
178,3.04049e-12,1.24061
179,9.46664e-12,-0.0287602
180,4.36642e-11,-0.535924
181,6.34239e-12,-1.72181
182,4.41085e-11,2.10243
183,7.86275e-11,-0.223105
184,2.56796e-11,-3.01051
185,2.91791e-11,2.27678
186,1.97037e-11,-1.60881
187,1.43588e-11,-0.559871
188,6.01876e-12,-1.02785
189,2.02937e-11,2.29639
190,1.74416e-11,-0.169749
191,6.14059e-12,-2.93625
192,1.53347e-11,3.13947
193,2.83168e-10,-0.996079
194,2.72404e-11,0.0885596
195,1.36596e-11,-2.30918
196,1.08526e-11,-0.598581
197,6.5726e-12,-2.09027
198,2.21721e-11,-1.21666
199,7.19288e-12,0.386389
200,4.23564e-12,-1.26364
201,4.74746e-12,2.22366
202,1.05488e-11,1.13564
203,7.38323e-12,1.42329
204,4.57764e-11,-3.0492
205,1.86715e-11,2.95152
206,3.38332e-10,-1.95959
207,3.57107e-12,0.808936
208,5.54604e-10,1.84835
209,5.00461e-11,-0.952683
210,1.62998e-11,-1.0153
211,5.88683e-12,0.640671
212,1.99795e-11,2.95489
213,5.31389e-12,3.08385
214,6.88302e-12,2.87235
215,1.29354e-11,2.37434
216,2.14499e-11,0.977389
217,2.58784e-11,-0.864023
218,1.71793e-11,2.22183
219,3.57561e-12,2.83924
220,4.40012e-12,1.47459
221,2.40493e-11,1.92454
222,3.9944e-11,2.1497
223,2.95695e-10,-2.04298
224,8.33709e-12,2.62562
225,5.71269e-12,1.27785
226,6.01532e-11,-2.07023
227,1.15269e-11,-0.820856
228,7.38506e-12,1.71391
229,1.52793e-11,-1.65431
230,4.85922e-11,-2.78257
231,1.76695e-11,-0.403994
232,2.63205e-11,-0.413057
233,1.3804e-11,0.266142
234,2.66701e-11,0.913846
235,1.40516e-12,-2.8176
236,7.36302e-12,-1.70026
237,1.59531e-11,2.78002
238,1.48839e-11,-0.852547
239,5.4618e-10,0.0572516
240,8.36282e-13,-1.03571
241,8.23341e-12,-0.399692
242,9.43728e-12,-1.99907
243,1.8858e-11,2.04935
244,1.31218e-11,3.08171
245,5.59939e-12,-2.43066
246,9.20239e-11,0.684176
247,9.7729e-12,1.27734
248,3.5461e-11,2.19168
249,1.3609e-11,-0.713964
250,1.26384e-11,-1.92153
251,9.08931e-12,-2.53907
252,3.62416e-11,2.47097
253,6.33773e-11,1.98384
254,4.60149e-12,2.71351
255,4.85066e-11,2.4952
256,7.21414e-13,2.19862
257,8.08112e-12,-3.00049
258,8.94524e-12,0.809999
259,3.6116e-12,1.67701
260,7.49805e-12,2.19415
261,7.14936e-12,-2.13089
262,1.34074e-11,-0.975249
263,2.08876e-11,-1.98124
264,1.40888e-11,3.00426
265,8.83834e-12,2.18331
266,3.30781e-12,-1.46909
267,3.84247e-11,-1.05296
268,4.00798e-11,0.0357476
269,9.0261e-13,0.838801
270,1.77118e-11,-0.671186
271,2.04452e-10,1.39882
272,1.21422e-10,0.964818
273,2.9338e-12,-0.442444
274,3.70703e-11,-2.51949
275,1.19065e-11,-0.4181
276,7.57125e-12,-1.72882
277,1.05651e-11,-0.991701
278,2.59305e-12,-1.68744
279,4.38547e-11,-0.117153
280,1.16123e-12,0.221931
281,1.96484e-11,2.96147
282,7.56061e-12,1.70979
283,1.48807e-11,-2.78651
284,7.72442e-12,-1.62956
285,2.34314e-12,0.0518579
286,5.13582e-12,-2.99445
287,2.25255e-11,-1.40959
288,3.59299e-11,-2.60526
289,1.84556e-10,2.77806
290,2.84265e-11,0.419483
291,1.50786e-11,-2.46481
292,7.72613e-12,3.0754
293,4.87301e-12,-1.76143
294,1.67704e-11,-2.10296
295,2.17344e-11,-1.18937
296,9.65257e-12,-2.86327
297,9.42535e-12,2.94369
298,5.16956e-12,-0.81438
299,9.38527e-12,-0.591018
300,1.33926e-11,-1.32528
301,1.71932e-10,0.101438
302,7.78128e-12,-1.71113
303,4.17486e-12,-0.589318
304,1.00647e-11,0.607007
305,5.51716e-11,2.45107
306,4.45659e-12,1.64183
307,2.98727e-12,2.83493
308,1.3306e-11,-1.63025
309,1.10856e-11,1.97608
310,2.58845e-11,-2.95712
311,1.94682e-11,-0.228088
312,1.12988e-11,-0.683575
313,1.87676e-12,-2.0975
314,4.54062e-11,2.18818
315,3.02297e-12,1.62227
316,1.86633e-11,-3.088
317,2.0215e-11,0.0316538
318,8.13415e-12,-0.567635
319,8.52427e-12,2.84796
320,1.39316e-11,-1.0794
321,1.00031e-11,-3.00903
322,6.02042e-12,0.745732
323,3.1565e-11,-0.780123
324,6.83749e-12,0.198827
325,2.77908e-11,1.92431
326,2.06675e-11,0.405619
327,1.56904e-11,1.7818
328,4.51929e-11,2.08893
329,1.07303e-11,1.48939
330,6.26541e-12,1.8833
331,4.11739e-12,-0.354378
332,1.00305e-11,-0.604947
333,7.40122e-12,-0.863263
334,7.81153e-12,-2.40931
335,4.28966e-11,-0.715693
336,1.31388e-11,1.80734
337,2.17961e-12,-0.875759
338,3.11288e-11,0.926228
339,2.08309e-11,2.48166
340,1.65283e-11,1.12927
341,1.68155e-11,2.20407
342,8.69832e-12,1.04318
343,6.67129e-12,0.0820347
344,1.96126e-12,-2.58354
345,1.91071e-11,-2.34611
346,4.89419e-11,-2.42133
347,3.12079e-11,-0.787262
348,1.48749e-12,0.2144
349,7.10344e-11,2.78702
350,1.10745e-11,-2.11638
351,2.88297e-12,0.503967
352,7.21183e-12,-2.77562
353,8.73435e-12,-0.262885
354,2.38893e-11,2.05503
355,2.20077e-11,-2.45823
356,1.01584e-11,2.44544
357,1.48952e-11,2.02429
358,3.28266e-12,-1.88743
359,6.59746e-12,2.10163
360,3.88868e-11,1.56374
361,7.43012e-11,-2.15604
362,7.39883e-12,-2.21325
363,9.12612e-11,-1.67626
364,1.7855e-11,2.90335
365,1.06993e-11,-0.499272
366,4.3157e-12,-0.774253
367,1.1178e-11,2.78832
368,1.23633e-11,0.922383
369,8.62204e-12,-2.75391
370,9.58517e-13,0.676062
371,1.3347e-12,-2.28359
372,3.7607e-12,-3.00242
373,6.43937e-12,-1.02692
374,7.37474e-12,1.78343
375,2.21231e-12,-0.877971
376,7.36083e-12,-0.327369
377,5.91423e-12,-2.26932
378,3.56366e-11,-0.660496
379,1.09124e-11,-1.8259
380,1.67868e-11,-0.683902
381,7.69266e-12,1.23053
382,4.67285e-11,-0.980512
383,3.46229e-11,-1.93993
384,2.09435e-11,-1.69057
385,6.20117e-11,-0.179359
386,3.21255e-10,-1.51611
387,7.59122e-12,-2.29303
388,9.36798e-12,-0.934752
389,5.51932e-12,-2.78806
390,3.00082e-11,-1.85952
391,6.02503e-11,-3.04871
392,8.11925e-12,-0.920823
393,1.38753e-11,-2.9436
394,1.69071e-11,-0.190152
395,4.80325e-12,-2.45492
396,2.66464e-11,-0.953681
397,1.48561e-11,1.95223
398,9.96659e-12,-2.14148
399,1.37132e-11,-0.249032
400,1.04272e-11,-2.38716
401,1.62349e-11,1.04767
402,9.90377e-12,-0.0649236
403,2.30712e-11,1.55488
404,1.51978e-11,2.29985
405,1.01163e-11,-1.10026
406,1.64649e-11,2.58496
407,8.26896e-12,-2.61291
408,1.92399e-11,1.50268
409,5.15018e-12,2.83059
410,5.37472e-12,-2.25889
411,1.05835e-11,-2.26017
412,2.93104e-12,-0.0333919
413,1.75766e-11,1.2105
414,1.47269e-11,-0.0894007
415,1.02313e-11,-1.68006
416,1.39212e-11,1.76221
417,2.52966e-11,-2.01463
418,1.64019e-11,0.353892
419,7.54463e-12,-0.285254
420,8.25969e-12,-2.14746
421,1.84635e-11,-0.176323
422,4.76304e-11,-0.509224
423,8.68413e-12,-3.03756
424,5.08238e-11,-0.156335
425,1.24427e-11,-1.78665
426,5.5216e-12,2.49797
427,9.38557e-12,-1.61696
428,2.78194e-11,1.61158
429,1.04014e-11,-1.29659
430,3.37549e-12,2.4585
431,1.96994e-10,-0.0449979
432,1.49959e-11,0.814662
433,3.62432e-11,1.10787
434,2.5322e-11,1.418
435,6.54768e-12,0.60432
436,1.21165e-11,-0.862952
437,9.82612e-12,0.091
438,7.51935e-12,-0.0274415
439,7.36401e-12,-1.13671
440,3.11357e-12,2.51482
441,5.6656e-11,-3.12792
442,3.08909e-12,1.46916
443,2.80646e-12,-1.18621
444,6.50168e-12,2.09695
445,4.5806e-12,1.52545
446,1.41672e-11,0.069703
447,2.25191e-12,-0.431864
448,1.11101e-11,2.32676
449,8.86027e-12,-2.18384
450,2.96716e-11,0.613864
451,2.42014e-11,0.350977
452,1.32829e-11,-1.3633
453,7.7052e-12,-3.12375
454,3.72332e-11,-2.43045
455,7.14575e-11,-3.06603
456,1.95963e-11,0.707492
457,3.20371e-12,-2.57207
458,1.82106e-11,2.48174
459,6.17123e-12,0.314127
460,1.07551e-11,-0.763823
461,1.76786e-11,-2.59774
462,1.14502e-11,-1.63416
463,1.23503e-11,1.79647
464,1.23989e-11,-2.89031
465,1.44525e-11,1.05356
466,1.26012e-11,-0.136568
467,9.90874e-12,2.21692
468,9.555e-12,1.61086
469,8.84566e-12,-0.94624
470,6.12704e-12,2.96894
471,2.75946e-11,0.415503
472,1.20771e-11,2.71246
473,8.46527e-11,-1.4694
474,1.72984e-11,-2.11157
475,3.29874e-11,-3.02792
476,3.45801e-11,0.204567
477,1.42334e-11,-2.23016
478,4.34442e-11,-2.56699
479,6.43362e-12,0.557651
480,6.72849e-12,3.03157
481,5.41936e-11,1.48029
482,1.30974e-10,-0.208815
483,3.76763e-12,-0.712198
484,1.4341e-11,-1.48748
485,4.34504e-11,1.42893
486,2.19612e-11,0.374709
487,1.09383e-11,-1.79804
488,3.28545e-12,2.06763
489,7.07788e-12,0.335041
490,2.15572e-11,1.5491
491,7.94497e-11,2.879
492,5.00044e-12,0.436238
493,2.97028e-11,-0.988316
494,1.58381e-12,1.93238
495,3.06751e-12,1.79905
496,7.85371e-12,1.97003
497,2.7422e-11,0.976356
498,1.81005e-11,-1.51949
499,1.11405e-11,-2.96901
500,4.88108e-12,-1.28146
501,2.65234e-11,0.553735
502,2.14314e-11,-0.0495052
503,1.8844e-11,-2.32215
504,1.01829e-11,1.32576
505,1.49683e-11,2.08407
506,1.36521e-11,-1.75033
507,4.74273e-12,-2.96553
508,1.99017e-11,-2.81139
509,7.59439e-12,2.62825
510,7.69815e-12,-1.57588
511,4.10698e-11,1.70986
512,1.53794e-11,-1.23316
513,6.37891e-11,-1.63012
514,8.41545e-11,0.0391248
515,3.18374e-11,2.40235
516,4.41693e-11,2.86066
517,1.9135e-12,-0.045784
518,7.84463e-12,-2.91896
519,1.9556e-11,-1.09179
520,1.30332e-12,-1.17178
521,1.33387e-11,-0.436233
522,6.55802e-12,2.28104
523,4.30729e-12,-1.2428
524,1.86091e-11,-0.240367
525,4.54317e-12,2.84708
526,5.70405e-12,-1.75337
527,1.59865e-11,-1.38786
528,3.89519e-11,-1.59963
529,3.20432e-11,-0.950761
530,1.68176e-11,2.7917
531,1.58353e-11,1.91547
532,7.25249e-12,1.33233
533,4.89629e-12,2.24868
534,7.03162e-11,-2.09567
535,1.82863e-11,0.658151
536,1.52863e-11,3.04461
537,1.11417e-11,-2.56872
538,9.52495e-12,2.11794
539,6.13097e-10,1.66698
540,4.25215e-11,-2.05896
541,1.35663e-11,-2.95388
542,1.02826e-11,0.942236
543,7.68729e-13,1.16698
544,5.24175e-12,0.824765
545,8.74917e-12,-3.13764
546,1.93278e-11,-0.107191
547,1.80422e-11,2.7328
548,1.9523e-11,-2.65127
549,1.10646e-11,2.56124
550,1.40039e-11,2.93267
551,2.43163e-12,-2.35045
552,1.07338e-11,2.18458
553,6.11501e-12,2.403
554,1.4377e-11,-0.982793
555,7.20931e-12,1.67768
556,3.0155e-11,-3.01134
557,7.43849e-12,-2.92032
558,7.65906e-12,0.609311
559,4.51977e-12,1.04258
560,3.30474e-11,-2.5076
561,2.25929e-10,0.756955
562,7.8541e-12,1.40884
563,7.65471e-12,2.38132
564,3.0011e-11,1.21397
565,1.68814e-11,-2.39038
566,1.46201e-11,-1.33908
567,2.75781e-11,-1.61096
568,2.37653e-11,-2.28322
569,1.59573e-11,-1.41753
570,5.43393e-11,0.03399
571,2.1196e-11,-0.0320164
572,9.38978e-11,-2.03651
573,1.03728e-11,-2.96593
574,3.29183e-11,0.629825
575,2.88222e-11,-1.9348
576,4.79525e-11,-0.570402
577,1.62454e-11,-2.54216
578,1.2167e-11,-2.85617
579,3.83271e-11,-0.166338
580,2.33632e-11,2.71793
581,4.16082e-12,1.32065
582,7.29808e-11,-0.584316
583,4.90887e-11,1.30043
584,7.1626e-12,-0.885649
585,9.36812e-11,-0.0392072
586,6.71715e-12,2.79066
587,7.68817e-12,1.3531
588,7.60665e-12,1.84675
589,4.08982e-11,-2.56797
590,1.85844e-11,-2.44107
591,1.15594e-11,1.1834
592,1.6727e-11,1.9157
593,4.41683e-11,-3.08473
594,2.25476e-11,2.77086
595,4.65702e-11,-2.40468
596,6.3712e-11,-0.687821
597,5.88046e-12,-1.83627
598,3.6555e-11,-0.573634
599,6.16916e-12,0.409824
600,3.35403e-11,0.271241
601,1.4174e-11,1.0887
602,1.63715e-11,0.711942
603,2.35301e-11,1.74378
604,2.14432e-11,1.71698
605,5.40398e-12,1.42212
606,2.60832e-11,1.85123
607,2.68341e-11,-1.2837
608,5.72192e-11,2.55044
609,1.09708e-11,1.91511
610,1.44485e-11,-2.50853
611,1.22191e-11,2.79434
612,1.81549e-11,-0.904254
613,8.04557e-12,0.350655
614,1.80876e-11,0.288701
615,1.01594e-11,0.0708038
616,3.88306e-11,1.73144
617,1.71652e-11,0.758297
618,3.01747e-11,0.932505
619,9.48094e-12,1.45677
620,3.08817e-12,-2.05637
621,2.24478e-12,-0.00701525
622,1.76385e-11,-0.632825
623,2.68098e-11,0.829476
624,2.19618e-11,1.2158
625,2.32173e-11,-0.302183
626,1.61915e-11,-2.60982
627,1.21698e-11,3.13589
628,1.11617e-11,0.245603
629,1.50756e-11,1.02763
630,3.50326e-12,1.74663
631,2.89886e-11,1.66533
632,3.60153e-12,0.41885
633,5.23812e-12,3.11721
634,3.85718e-12,2.83327
635,1.83516e-11,2.15908
636,1.11141e-11,-0.617298
637,5.03533e-12,-0.515631
638,2.93168e-11,-2.81467
639,1.83169e-11,1.00607
640,2.24397e-11,0.43965
641,1.01408e-11,1.73797
642,1.26696e-11,0.245081
643,1.30919e-11,2.17955
644,1.11399e-11,1.90106
645,3.60476e-11,-1.8573
646,3.19307e-11,1.40327
647,1.61465e-11,-0.0161452
648,1.9513e-11,0.921978
649,1.8399e-11,0.427061
650,1.06877e-11,-1.2843
651,5.1355e-11,0.706887
652,1.8068e-11,0.135467
653,2.98514e-12,1.37285
654,4.61253e-11,-1.03578
655,1.86829e-12,1.79641
656,2.80549e-11,-1.77447
657,3.34981e-12,1.56391
658,1.68067e-11,-0.907193
659,4.20807e-11,-2.24388
660,6.65259e-12,-0.522907
661,6.38429e-12,-2.31953
662,3.73434e-11,2.59225
663,5.14852e-11,-0.77323
664,1.48325e-11,-1.52352
665,3.0004e-11,1.94979
666,1.58917e-11,1.1544
667,1.81502e-11,-2.7401
668,2.27551e-11,-2.00753
669,5.8884e-11,-2.31298
670,1.12353e-10,1.01198
671,6.32985e-11,-0.759251
672,1.52959e-11,-1.62878
673,5.02177e-11,-1.1835
674,4.81099e-12,-2.8268
675,8.65239e-12,-0.702315
676,2.25527e-11,2.58881
677,1.76728e-11,2.2338
678,1.86663e-11,-2.77891
679,2.15003e-11,-1.24584
680,5.68502e-11,2.46902
681,1.28587e-11,1.95499
682,1.69825e-10,-0.594418
683,1.94038e-11,-0.37374
684,6.46407e-11,2.47445
685,9.01942e-12,2.49421
686,5.53584e-12,-2.07095
687,3.45457e-11,2.3106
688,5.99238e-12,1.124
689,2.25132e-11,-0.846434
690,1.29033e-11,-2.85989
691,5.58964e-11,-0.348806
692,2.54881e-11,-0.270674
693,1.7851e-11,-1.38852
694,5.32642e-12,2.04317
695,3.12847e-11,1.43357
696,2.98199e-11,1.26545
697,2.12613e-11,-1.76895
698,7.75437e-12,-1.58203
699,6.62428e-11,1.08498
700,2.79194e-11,-2.39849
701,2.47729e-11,0.668327
702,2.31232e-11,2.1655
703,1.16991e-11,-3.10175
704,2.21021e-11,-0.307137
705,1.72725e-11,1.8674
706,6.26359e-12,2.56155
707,2.34172e-11,1.65383
708,1.86085e-11,3.10048
709,6.2327e-11,0.542545
710,5.77499e-11,2.12476
711,4.94915e-11,0.274397
712,3.72916e-11,-2.86814
713,4.546e-11,1.8256
714,9.07427e-11,-0.531296
715,1.66957e-11,-2.56057
716,1.42167e-10,-0.184986
717,1.92669e-11,-1.66788
718,1.87197e-11,1.09318
719,1.15405e-11,-2.61487
720,1.00105e-10,0.831494
721,3.21491e-12,0.227222
722,1.03396e-11,1.70561
723,2.27211e-11,-1.10456
724,1.87988e-11,-0.820219
725,5.53949e-11,-2.94872
726,2.56209e-11,-1.28734
727,4.14247e-12,-2.25925
728,2.2576e-11,-0.799642
729,1.20687e-10,-1.80911
730,6.28677e-11,-0.269281
731,7.03259e-12,-2.18201
732,1.62712e-11,-2.82862
733,1.19353e-12,0.193494
734,1.44482e-11,0.372929
735,2.30985e-12,1.32418
736,1.11843e-11,2.06082
737,1.14579e-11,-1.96434
738,4.42795e-11,0.349171
739,6.86995e-12,-0.573967
740,4.84966e-12,0.14098
741,2.04232e-11,1.27036
742,1.29996e-11,1.86824
743,1.65661e-11,2.54721
744,1.38299e-10,2.7669
745,2.94817e-11,-2.91155
746,9.53243e-12,-0.154616
747,2.11695e-11,-1.90008
748,1.46935e-12,2.12148
749,3.88215e-11,-2.67418
750,6.22598e-12,-0.850968
751,1.22324e-11,1.55649
752,1.23482e-11,0.466645
753,7.72898e-11,2.57774
754,2.92755e-11,0.90527
755,2.24987e-11,1.57181
756,2.812e-11,0.867817
757,5.90484e-12,3.08128
758,1.22361e-10,-1.38758
759,1.26257e-10,1.76602
760,1.68533e-11,-1.40435
761,1.24216e-11,1.37074
762,5.11064e-12,1.32366
763,3.04006e-11,1.7089
764,2.08639e-11,2.74074
765,1.32965e-11,2.11328
766,1.10234e-11,1.43327
767,9.46203e-12,1.12514
768,4.92526e-11,-2.3671
769,4.49022e-11,2.27362
770,4.04653e-11,-1.22407
771,1.08616e-11,-1.09788
772,7.29029e-12,-1.52546
773,8.71864e-12,2.24065
774,1.1752e-10,0.859882
775,2.45202e-10,-1.24857
776,1.70852e-11,-0.0449599
777,9.00479e-12,0.938848
778,7.56775e-11,2.68225
779,2.78646e-11,1.50585
780,1.2645e-10,-2.64669
781,1.31835e-11,-1.9641
782,3.76919e-11,0.383746
783,2.75256e-11,1.50936
784,2.78379e-12,1.21084
785,2.20103e-11,-1.81236
786,6.79941e-12,1.31973
787,8.59404e-11,-2.28483
788,1.23021e-10,-0.75924
789,1.06571e-10,-0.661263
790,1.81594e-11,-0.01516
791,2.39497e-11,0.556302
792,1.10935e-11,-1.21503
793,2.44993e-11,-2.50757
794,1.01531e-11,0.551912
795,1.92948e-11,-0.632485
796,2.07292e-11,-1.10451
797,1.20077e-11,-2.78291
798,3.08811e-11,2.01083
799,9.7569e-12,-2.34478
800,9.4061e-12,-0.0494452
801,2.51874e-11,2.29179
802,1.36379e-11,-1.78992
803,5.5954e-12,2.35862
804,5.41842e-11,-1.64186
805,4.58775e-11,-1.86763
806,2.38877e-11,-1.19438
807,3.40441e-11,0.0623638
808,3.35535e-11,2.14299
809,1.12525e-11,-2.40982
810,6.49341e-11,-1.67572
811,1.74994e-11,0.0371348
812,1.2926e-11,2.82653
813,4.30758e-11,0.479083
814,3.07502e-11,0.701623
815,1.95052e-11,0.339911
816,1.29106e-11,0.967202
817,1.99696e-11,0.776599
818,1.73956e-11,3.10978
819,5.96917e-11,-2.86427
820,1.39522e-11,-2.79648
821,3.3025e-11,-0.0147415
822,7.58171e-12,-0.574122
823,1.00681e-11,1.00124
824,5.68341e-11,-1.69907
825,9.39808e-12,-2.14507
826,1.37579e-11,-2.66033
827,4.84022e-11,-1.62715
828,9.01918e-12,0.560598
829,4.19415e-11,-2.26132
830,5.40717e-12,0.439092
831,1.45597e-11,-2.18364
832,1.83179e-11,0.0230221
833,1.30594e-11,2.69297
834,3.86052e-11,3.03301
835,1.80658e-12,-2.23152
836,1.50156e-11,-2.79524
837,1.99165e-12,1.2401
838,5.22503e-11,2.18801
839,1.24196e-11,1.01188
840,2.65034e-12,-2.80413
841,3.1871e-11,2.20523
842,6.43324e-12,-0.412436
843,3.21009e-11,-0.0801075
844,3.50455e-11,-2.04444
845,1.38574e-11,0.570978
846,2.58798e-11,2.53772
847,3.12411e-11,1.29388
848,3.09863e-11,-0.347107
849,1.10783e-11,2.55259
850,2.26758e-11,2.87124
851,7.15673e-12,-2.00157
852,2.85979e-12,2.29335
853,1.40891e-11,-1.93524
854,2.41132e-11,-3.02246
855,6.23742e-12,-0.177883
856,2.61397e-11,0.969508
857,1.84548e-11,-0.524983
858,9.56786e-12,1.01482
859,7.2712e-12,0.558305
860,5.11519e-12,-2.48541
861,1.70679e-11,-2.95145
862,7.75239e-11,-1.70163
863,1.56458e-11,1.79597
864,5.51722e-11,1.2763
865,1.4692e-11,-2.8351
866,1.91328e-11,-3.06659
867,5.15428e-12,0.480517
868,7.88495e-12,2.36349
869,6.06019e-12,-2.51957
870,3.03325e-11,1.16284
871,1.97795e-11,-0.826999
872,7.45678e-11,1.22437
873,2.41071e-11,-1.63648
874,1.2941e-11,-2.90261
875,2.63299e-11,-1.30765
876,7.13022e-11,-2.92372
877,3.44965e-11,0.656015
878,3.37059e-11,0.433676
879,4.60823e-11,0.74926
880,1.18185e-11,-2.79128
881,8.828e-12,1.90354
882,2.44123e-11,-1.51978
883,1.71851e-11,1.39085
884,3.18406e-11,-0.876831
885,2.23062e-11,2.13846
886,8.25896e-11,-0.888457
887,9.8787e-12,0.277086
888,6.04072e-11,-2.59686
889,3.31908e-11,-3.00499
890,1.74167e-11,-1.8652
891,7.18997e-12,-2.9974
892,1.57974e-11,1.95087
893,5.2584e-11,-0.299809
894,4.39258e-11,1.04725
895,3.84073e-11,2.19068
896,1.62079e-11,0.483415
897,8.73306e-12,-0.802193
898,1.56917e-11,1.09627
899,7.03862e-12,2.91558
900,2.06934e-11,-2.24949
901,2.26774e-11,-1.57521
902,1.62284e-11,2.40039
903,6.8297e-12,-2.4088
904,7.68284e-12,0.037874
905,5.52034e-11,1.40834
906,2.21734e-11,-1.37331
907,5.41496e-12,-2.3015
908,2.09775e-11,1.81496
909,1.34316e-11,-0.836295
910,5.51199e-11,0.1027
911,3.75198e-11,0.317635
912,2.9893e-11,-2.34952
913,1.52665e-11,2.02848
914,3.47411e-11,-2.54196
915,1.3507e-11,1.35618
916,2.56852e-11,-0.158641
917,7.24316e-12,1.87569
918,1.12046e-11,1.64934
919,6.1995e-12,-2.60731
920,2.85604e-11,2.94403
921,1.05967e-11,3.02447
922,8.88114e-12,2.91633
923,9.07386e-12,0.700712
924,2.85308e-11,-2.5549
925,1.08812e-11,-1.36685
926,8.86882e-12,3.01189
927,2.97688e-11,1.32049
928,7.53774e-11,2.87718
929,1.7414e-11,-2.12479
930,3.01483e-11,-1.65662
931,3.43079e-11,1.19103
932,1.35896e-11,-1.91227
933,1.33932e-11,-0.37358
934,2.14205e-12,-2.49648
935,5.16153e-11,-2.54937
936,9.29133e-11,2.42983
937,8.44937e-12,-1.87284
938,2.12648e-11,-2.70471
939,2.7093e-11,-1.99837
940,7.3881e-12,1.84182
941,2.01671e-11,-1.51679
942,7.41758e-11,1.86611
943,2.09256e-11,2.87988
944,5.23483e-12,-3.00162
945,2.14186e-11,-1.86028
946,1.27938e-11,0.169503
947,4.06367e-12,0.179281
948,9.67143e-12,2.77179
949,4.98774e-11,0.76455
950,4.44208e-12,-2.18665
951,9.18822e-12,-0.618647
952,3.25904e-11,-0.858559
953,1.27619e-10,1.8349
954,7.0227e-12,-0.82628
955,5.09941e-12,2.43906
956,9.70152e-12,-1.88752
957,4.36989e-12,-1.68126
958,7.34319e-12,-3.11245
959,1.28717e-11,0.651017
960,2.93543e-11,2.36966
961,4.2829e-11,0.431659
962,5.06595e-11,-1.22992
963,3.50365e-11,-3.11039
964,2.61401e-12,1.18203
965,2.42696e-11,2.11348
966,2.02718e-12,-0.773987
967,8.86955e-12,0.61371
968,4.6955e-11,-1.34735
969,1.58062e-11,1.70797
970,1.95014e-11,-2.6372
971,8.15312e-12,-0.863859
972,3.70846e-11,0.0899044
973,8.92947e-12,2.07316
974,1.08574e-11,-0.860255
975,4.76238e-11,-2.86514
976,2.806e-12,0.920855
977,3.54063e-11,-0.734134
978,6.75429e-12,1.8379
979,1.02675e-11,0.103816
980,1.66844e-11,0.481694
981,2.96759e-11,-0.319094
982,3.64074e-11,3.13106
983,7.92944e-12,-0.249039
984,1.26406e-10,0.188552
985,4.97857e-12,-0.0344954
986,3.54572e-11,0.432451
987,1.59608e-11,-3.07956
988,3.84193e-12,-3.09163
989,1.60124e-11,1.18918
990,5.8872e-11,2.90106
991,6.83032e-12,-2.8327
992,4.3908e-11,-1.21213
993,3.81074e-12,2.13947
994,2.90643e-11,0.98501
995,1.42617e-11,-1.34715
996,2.90591e-11,-2.0591
997,6.66192e-12,0.73119
998,5.60911e-11,1.73601
999,6.86561e-11,-1.88942
1000,6.4179e-12,-0.52262
1001,5.07453e-11,1.56254
1002,2.8366e-11,0.524575
1003,6.37661e-12,1.11888
1004,1.77787e-11,2.51555
1005,1.56387e-11,-0.908178
1006,6.85106e-12,-0.851864
1007,6.46822e-12,0.631309
1008,1.18062e-11,-2.73239
1009,1.06705e-11,-0.384944
1010,1.74888e-10,0.459336
1011,2.19174e-11,-2.76808
1012,7.75208e-12,-0.122903
1013,5.91747e-11,0.345338
1014,2.2527e-11,-2.05983
1015,1.69331e-11,1.34742
1016,2.22607e-11,-2.28574
1017,1.90356e-10,-2.91352
1018,3.40619e-11,-2.62723
1019,5.29085e-12,0.498716
1020,5.43456e-10,2.8093
1021,1.41742e-11,1.83655
1022,1.4305e-11,0.511498
1023,2.27261e-12,-2.19955
1024,6.10993e-12,2.08309
1025,1.51081e-11,-1.85139
1026,2.99221e-11,2.25387
1027,7.20668e-11,1.98261
1028,1.71394e-11,1.26875
1029,9.81708e-11,1.75623
1030,1.08405e-10,-2.52426
1031,3.40719e-11,1.7726
1032,8.15091e-11,1.04882
1033,6.98861e-12,-2.50503
1034,3.61646e-11,-2.6424
1035,6.27264e-11,-2.73243
1036,3.036e-10,2.02414
1037,2.99848e-11,-1.29071
1038,7.98276e-12,-2.05997
1039,7.79387e-11,-2.27855
1040,1.54867e-11,-2.35781
1041,2.0055e-11,-0.957999
1042,8.31917e-12,-1.82935
1043,1.73252e-11,2.85097
1044,7.03054e-11,-2.71889
1045,2.90747e-11,2.27279
1046,7.42521e-12,0.906946
1047,2.33618e-10,2.83548
1048,6.37065e-12,1.32377
1049,1.8638e-11,1.81241
1050,6.55283e-11,2.99433
1051,2.56468e-11,-0.0673478
1052,2.52425e-11,2.48351
1053,4.08527e-12,0.252443
1054,6.73892e-12,2.79229
1055,6.56821e-11,-1.76906
1056,4.88206e-11,0.152237
1057,2.3452e-11,-1.95495
1058,3.16693e-11,-0.446984
1059,2.77962e-11,-3.06239
1060,2.72321e-11,-0.924115
1061,1.53011e-11,-1.40083
1062,2.42116e-11,-0.48193
1063,8.09574e-12,-1.58508
1064,1.70094e-11,1.49605
1065,3.51371e-11,0.376792
1066,2.76392e-11,-2.2696
1067,2.64739e-11,1.797
1068,2.04121e-11,2.66286
1069,5.01055e-11,1.34434
1070,1.40376e-11,-0.16757
1071,3.51862e-10,2.60213
1072,2.20869e-12,2.03839
1073,8.85451e-11,2.93813
1074,5.47581e-11,0.967075
1075,1.33385e-11,-2.41366
1076,6.0978e-12,2.67908
1077,7.42648e-12,2.5345
1078,1.75629e-11,-2.04604
1079,1.5055e-11,-0.399306
1080,1.71186e-11,0.354179
1081,2.86041e-11,-1.48335
1082,2.60669e-11,0.868698
1083,7.18529e-12,-2.18998
1084,3.60876e-11,-1.83757
1085,8.31837e-12,2.00945
1086,2.87458e-10,-0.495291
1087,5.25037e-12,-0.735007
1088,4.14948e-11,-1.06693
1089,3.63932e-12,-2.64559
1090,1.29439e-12,2.51986
1091,1.32758e-11,-1.2381
1092,2.30769e-12,-1.26539
1093,8.68432e-12,-0.436087
1094,6.14239e-12,0.473424
1095,1.86829e-10,0.325704
1096,3.43683e-11,-1.5287
1097,4.92297e-12,-1.93093
1098,1.65906e-11,-0.991564
1099,4.00352e-11,-2.40564
1100,7.3512e-12,1.02912
1101,1.04074e-11,0.856161
1102,1.18775e-11,0.974013
1103,3.38028e-12,-2.43042
1104,1.17503e-11,-2.06925
1105,2.25462e-11,1.84171
1106,6.02021e-12,-2.3904
1107,8.10685e-12,-2.28314
1108,8.89629e-12,0.370713
1109,4.01235e-12,-2.43314
1110,3.17742e-11,-2.25778
1111,2.37147e-11,-1.36261
1112,8.81503e-12,-1.09024
1113,3.66715e-12,-2.63776
1114,3.66534e-10,-1.34717
1115,1.40922e-11,-2.34783
1116,1.69282e-11,0.526527
1117,6.48507e-11,-2.8931
1118,1.39238e-11,0.750018
1119,3.86004e-11,1.98874
1120,3.5101e-11,3.06648
1121,1.45223e-11,-0.853932
1122,2.34819e-11,-2.80895
1123,1.36544e-11,0.00538973
1124,2.7823e-11,2.90737
1125,2.60064e-11,0.399997
1126,1.28449e-11,-0.224962
1127,3.23134e-12,1.10138
1128,2.78194e-11,-1.62259
1129,1.10625e-11,0.444164
1130,1.60516e-11,-1.95175
1131,2.61507e-11,0.148698
1132,5.24108e-11,-2.02676
1133,3.74062e-12,-2.39943
1134,7.34477e-11,1.96221
1135,1.04507e-11,1.67037
1136,1.43906e-11,0.206329
1137,7.60699e-12,-2.65492
1138,1.01028e-10,-0.990136
1139,9.34114e-12,0.666351
1140,7.43922e-12,-2.50523
1141,2.70412e-11,0.834868
1142,1.09643e-11,1.10047
1143,4.55381e-12,-0.695143
1144,1.48836e-11,2.88448
1145,1.47748e-11,-2.59834
1146,2.48097e-11,2.71588
1147,1.03076e-11,0.942231
1148,3.98369e-11,-1.44399
1149,2.32205e-11,-0.951714
1150,1.06966e-11,-0.314567
1151,4.47459e-11,-0.687518
1152,7.23922e-12,-3.04275
1153,6.79994e-12,-3.08922
1154,3.97694e-12,-1.75585
1155,2.59608e-11,-0.191496
1156,7.06229e-12,2.19044
1157,1.45834e-11,0.210097
1158,1.24859e-11,-1.31189
1159,1.2362e-11,-0.734044
1160,2.12164e-11,-1.61562
1161,1.80864e-11,-2.20189
1162,2.4903e-11,-0.893518
1163,1.12434e-11,-2.0806
1164,7.23485e-12,-2.91141
1165,1.08267e-11,-0.243265
1166,3.66582e-11,-2.73475
1167,1.29536e-11,1.21447
1168,1.18753e-11,-1.90639
1169,2.61092e-11,-2.70558
1170,1.51759e-11,2.14479
1171,2.12922e-11,1.08055
1172,4.59897e-12,-2.51419
1173,1.97003e-11,-2.34645
1174,1.31876e-11,-0.681815
1175,4.2849e-11,0.547825
1176,1.62634e-11,0.910428
1177,1.13937e-11,2.13483
1178,1.65903e-11,-0.120147
1179,1.91185e-11,1.0287
1180,2.50027e-12,0.133301
1181,1.18495e-11,2.93285
1182,8.67916e-12,-1.34972
1183,1.36647e-11,0.959861
1184,2.75574e-12,-2.69923
1185,2.6205e-11,-0.817565
1186,1.30302e-11,1.9634
1187,2.80572e-11,0.409974
1188,8.74991e-12,-0.998361
1189,4.11552e-12,1.66596
1190,1.6743e-11,3.03546
1191,1.1817e-11,-2.08876
1192,3.42452e-11,-1.01479
1193,9.023e-12,2.93915
1194,6.24416e-12,1.17062
1195,2.61755e-10,-1.80768
1196,1.20206e-11,-1.63128
1197,4.68156e-11,1.12158
1198,1.92094e-11,2.05152
1199,5.62485e-11,-0.0711967
1200,2.76578e-11,-0.456825
1201,1.89105e-11,-2.88403
1202,6.79649e-12,-1.58153
1203,3.97833e-12,0.439906
1204,5.94584e-11,0.745355
1205,5.64948e-12,2.91189
1206,1.96483e-11,0.164895
1207,3.07699e-11,2.76475
1208,5.90786e-11,-0.0534983
1209,1.07852e-11,2.98888
1210,9.98452e-12,-1.35885
1211,2.32266e-11,0.737165
1212,4.23619e-11,0.767932
1213,2.5303e-12,-0.299625
1214,2.54022e-11,2.17686
1215,6.23557e-12,3.02518
1216,6.22441e-12,2.29892
1217,5.40351e-12,0.54115
1218,2.39263e-11,2.7497
1219,3.08718e-11,0.786257
1220,1.62849e-11,-2.18116
1221,2.57515e-11,-0.890643
1222,2.07511e-11,-0.146542
1223,1.54389e-12,-0.390725
1224,2.77151e-11,3.00428
1225,2.02234e-11,2.68796
1226,3.47683e-12,-1.20637
1227,1.54101e-11,2.84666
1228,1.24745e-11,-0.872243
1229,2.07658e-12,1.97723
1230,4.7206e-12,-1.67166
1231,1.65554e-11,-2.16934
1232,1.52776e-11,1.24123
1233,7.29088e-12,-0.356635
1234,9.18526e-12,0.658665
1235,2.23512e-11,1.06036
1236,3.08761e-11,-2.18201
1237,1.81088e-11,1.94654
1238,1.72616e-11,1.23319
1239,1.00179e-11,-2.72103
1240,6.47968e-11,1.50307
1241,1.06794e-11,-2.85843
1242,1.38805e-11,2.40144
1243,5.97552e-12,-2.47828
1244,4.0564e-10,-1.06987
1245,1.26561e-11,0.79666
1246,1.8424e-11,3.01033
1247,1.49815e-11,0.390004
1248,1.55415e-11,2.96867
1249,2.91006e-11,3.06696
1250,1.47819e-11,2.8736
1251,9.50169e-12,-0.735156
1252,1.47307e-11,1.15592
1253,1.60782e-11,2.52452
1254,1.02301e-11,-1.5588
1255,1.82217e-11,-2.19749
1256,1.0229e-11,-2.15775
1257,5.6531e-11,-0.0203822
1258,3.08007e-11,1.91388
1259,2.57368e-11,-1.69557
1260,9.24164e-12,-1.88293
1261,7.86395e-12,-0.777917
1262,1.25415e-11,0.172794
1263,1.09656e-11,1.38037
1264,1.31921e-11,2.81531
1265,3.12123e-12,0.0536614
1266,3.25513e-12,-0.543428
1267,1.17766e-11,-0.109015
1268,5.03486e-11,-0.513363
1269,9.15021e-12,-1.93449
1270,2.45746e-11,-0.431668
1271,1.69777e-11,1.31708
1272,1.27957e-11,1.78614
1273,7.94846e-11,-0.700716
1274,8.04695e-12,1.55792
1275,1.81008e-11,0.894936
1276,3.44574e-12,2.77072
1277,3.17528e-11,-1.8302
1278,3.91368e-12,-1.17108
1279,4.45969e-11,3.12502
1280,8.38787e-11,1.02564
1281,4.06783e-11,2.99284
1282,6.4761e-12,2.2822
1283,2.08532e-11,-1.38667
1284,1.37231e-11,-3.10751
1285,1.10028e-11,-2.29784
1286,2.28682e-11,-1.56243
1287,1.15767e-11,-2.37542
1288,6.31525e-12,-1.15225
1289,3.82608e-11,0.450989
1290,2.62801e-11,-0.00758926
1291,1.88425e-11,2.50778
1292,1.19525e-11,0.138373
1293,5.26497e-12,-3.1369
1294,1.74993e-11,-1.53985
1295,3.66214e-11,-1.994
1296,1.46971e-11,-2.57007
1297,1.1203e-10,2.40632
1298,1.49169e-11,2.06424
1299,6.5774e-12,2.77264
1300,8.30746e-12,1.46736
1301,2.06465e-11,1.54299
1302,1.57127e-10,-2.33221
1303,6.38404e-12,-0.135934
1304,2.53033e-11,-2.49871
1305,7.29664e-12,-0.141474
1306,1.54422e-10,-0.626947
1307,1.86742e-10,2.30684
1308,2.50871e-11,-0.0673875
1309,1.35915e-11,2.3861
1310,4.01349e-11,2.60025
1311,1.56957e-11,1.58538
1312,2.11428e-11,-1.13276
1313,2.14277e-11,0.292747
1314,9.08164e-12,0.202284
1315,2.48279e-11,-0.867195
1316,4.4101e-12,2.62804
1317,2.81203e-11,0.0571433
1318,4.00272e-12,1.6866
1319,6.44583e-12,-1.0991
1320,2.1694e-11,-1.21373
1321,8.16456e-11,0.156341
1322,1.7262e-10,-1.5383
1323,2.01216e-11,-3.0938
1324,1.56788e-11,-2.00034
1325,2.39571e-11,2.95785
1326,7.61814e-12,-1.80747
1327,2.19606e-12,2.82327
1328,4.17974e-11,-1.06587
1329,9.83375e-12,-1.60717
1330,1.01647e-11,-1.86151
1331,4.18805e-11,1.43353
1332,1.90197e-11,0.968177
1333,4.76298e-12,-0.37857
1334,1.64347e-12,-2.62496
1335,1.11476e-12,-1.49084
1336,8.71346e-12,-2.27031
1337,6.52535e-11,-0.538493
1338,1.31173e-11,-2.6117
1339,4.89958e-11,2.74896
1340,2.61755e-11,-2.18852
1341,1.51747e-11,2.77627
1342,6.05478e-12,2.3758
1343,1.25859e-11,3.10929
1344,7.1954e-11,-2.39446
1345,2.52463e-10,0.639558
1346,5.57594e-12,-0.536216
1347,3.32016e-11,1.93832
1348,2.03019e-11,-1.89685
1349,2.53302e-12,-0.220539
1350,6.225e-12,2.74804
1351,3.24043e-12,-1.27077
1352,4.78648e-11,2.63869
1353,1.38472e-11,2.93656
1354,1.03677e-11,-0.304836
1355,2.26361e-11,0.549893
1356,5.20024e-12,1.52691
1357,1.13543e-11,0.203449
1358,1.71966e-11,-0.807958
1359,2.23959e-11,-1.05123
1360,6.93935e-12,2.38791
1361,3.28358e-11,0.677156
1362,5.8839e-12,-2.87353
1363,1.60403e-11,1.89101
1364,2.02178e-11,0.481174
1365,4.27938e-11,-0.0519878
1366,1.12745e-11,0.0344715
1367,1.811e-11,-3.1278
1368,1.3399e-11,1.35377
1369,5.80211e-11,-2.40058
1370,6.60322e-12,-3.00589
1371,3.2462e-12,-0.937536
1372,5.07022e-12,-2.39497
1373,3.4045e-12,0.863698
1374,2.21158e-11,-2.33384
1375,2.60976e-12,1.58636
1376,4.27842e-11,-2.20939
1377,8.72001e-12,1.83701
1378,1.66997e-10,-0.496154
1379,8.45734e-12,-2.55151
1380,2.93532e-11,1.33628
1381,3.32874e-11,2.55514
1382,6.11496e-12,-1.38873
1383,9.36059e-12,0.345318
1384,6.83105e-12,-2.26203
1385,1.30169e-11,2.76182
1386,1.52696e-11,-0.254045
1387,4.15124e-11,2.21923
1388,1.85618e-11,2.36412
1389,3.34034e-11,2.03065
1390,2.77396e-11,2.15734
1391,8.78034e-11,-1.89274
1392,1.25086e-11,3.06305
1393,2.96515e-11,0.081224
1394,4.73474e-11,-1.13993
1395,3.20575e-11,2.26815
1396,3.20812e-11,-2.85832
1397,3.02183e-12,2.83171
1398,4.27709e-12,2.43205
1399,3.8274e-12,-2.58453
1400,1.04612e-11,1.94254
1401,2.19847e-11,0.672864
1402,2.30238e-11,-1.41472
1403,4.31212e-12,0.594684
1404,1.18168e-11,2.94341
1405,2.5618e-12,0.396453
1406,5.31156e-12,-1.03237
1407,6.02025e-12,-0.797914
1408,1.66549e-10,-0.985641
1409,1.21867e-11,-2.63873
1410,7.28413e-12,0.0259554
1411,6.20221e-12,0.151805
1412,1.38003e-11,-0.70494
1413,8.86026e-12,1.93994
1414,1.39858e-11,-1.96315
1415,2.74609e-12,2.95217
1416,3.0906e-11,-0.519679
1417,2.33303e-11,2.08171
1418,4.22698e-12,1.49612
1419,1.25297e-12,-1.93959
1420,1.87903e-11,-0.17745
1421,3.80635e-12,2.10758
1422,1.7762e-11,-2.38435
1423,2.89322e-11,0.0586944
1424,1.11915e-11,1.25877
1425,5.06707e-11,-1.51068
1426,8.64676e-12,-0.917007
1427,7.21767e-12,-1.85647
1428,4.27993e-12,-1.22206
1429,2.234e-11,-0.788547
1430,4.11331e-11,-2.79279
1431,3.37215e-11,-2.9133
1432,1.99219e-11,1.48145
1433,4.43882e-11,0.768395
1434,1.61438e-11,-0.642895
1435,2.05268e-11,2.95136
1436,2.49208e-11,1.76311
1437,8.85318e-11,0.376739
1438,4.49277e-11,-2.14179
1439,6.57644e-11,1.83656
1440,3.8126e-12,0.579157
1441,2.56163e-11,2.43466
1442,5.281e-11,-2.26278
1443,4.41861e-12,-0.296441
1444,8.12067e-12,0.462109
1445,1.98862e-11,-0.95982
1446,3.74848e-12,-0.330822
1447,1.3501e-11,2.16108
1448,6.28357e-11,2.94493
1449,3.68634e-11,1.65754
1450,1.64084e-11,2.17178
1451,2.1189e-11,2.49957
1452,2.3402e-11,-3.09581
1453,1.34442e-11,3.07162
1454,3.55581e-11,-2.68744
1455,1.91148e-11,-1.42666
1456,2.0882e-12,2.9108
1457,1.2762e-11,2.09418
1458,3.0788e-11,2.30198
1459,1.05144e-11,1.77313
1460,1.47345e-11,-1.76165
1461,1.18948e-11,3.01797
1462,1.58169e-11,-1.3885
1463,9.32633e-12,0.0434942
1464,1.58197e-11,-2.72741
1465,1.5587e-11,2.87784
1466,2.16042e-12,1.86854
1467,1.24653e-12,2.99765
1468,6.10828e-11,-1.01872
1469,1.70749e-11,0.928127
1470,2.16449e-11,-1.27337
1471,2.20792e-11,-0.026991
1472,6.4008e-11,-2.16096
1473,1.48143e-11,2.1855
1474,1.94438e-11,-2.57402
1475,3.14063e-12,-1.14722
1476,1.02046e-11,2.91735
1477,9.18902e-12,-0.174793
1478,9.98635e-11,1.97516
1479,1.02786e-11,-2.14721
1480,1.50551e-11,2.52274
1481,4.06773e-12,-2.67833
1482,1.01006e-11,-1.02653
1483,2.95978e-11,0.710742
1484,2.07271e-11,3.09538
1485,2.3446e-11,1.23876
1486,1.89576e-11,2.32936
1487,1.97357e-11,-1.84099
1488,2.1706e-11,-0.102359
1489,4.70354e-12,1.97167
1490,1.67859e-11,-1.24956
1491,3.71145e-10,-0.134254
1492,2.18655e-11,2.25718
1493,7.28194e-12,0.833416
1494,1.99547e-11,-0.544174
1495,6.14255e-12,-1.81755
1496,6.17104e-12,-1.0716
1497,1.09645e-11,-1.13739
1498,2.5234e-11,1.25122
1499,7.62049e-12,-2.14639
1500,6.07508e-12,2.45249
1501,1.49467e-11,0.923874
1502,8.54311e-11,-2.29175
1503,8.88704e-12,1.28165
1504,7.12341e-11,1.48191
1505,4.96942e-11,1.79051
1506,1.31727e-11,-0.935799
1507,1.82007e-10,2.67967
1508,3.51309e-11,-0.33839
1509,1.3852e-11,-2.21691
1510,4.93723e-12,-2.2919
1511,1.38529e-11,-1.62371
1512,2.60892e-11,0.75676
1513,1.05944e-11,-0.216933
1514,2.5742e-11,0.553771
1515,9.15655e-12,0.115247
1516,2.65542e-11,-2.49008
1517,5.65094e-12,2.20039
1518,5.70242e-12,1.83696
1519,1.24073e-11,-1.89994
1520,2.15617e-11,-0.673534
1521,1.40508e-11,-1.79691
1522,1.02869e-11,-2.0208
1523,9.30152e-12,-0.791524
1524,7.10355e-10,1.02665
1525,2.29886e-11,-0.859745
1526,1.88242e-11,2.17312
1527,2.53477e-11,2.37827
1528,6.2457e-12,-1.55745
1529,3.48872e-11,1.86786
1530,3.3726e-12,-2.02694
1531,8.67962e-12,2.25564
1532,1.84488e-11,2.89996
1533,2.27796e-11,0.0568851
1534,1.88455e-11,-0.538017
1535,3.62022e-12,2.42554
1536,6.96097e-12,-0.859332
1537,1.19894e-11,1.83593
1538,9.14805e-12,0.236085
1539,3.59718e-11,2.26398
1540,6.49005e-12,-0.828739
1541,4.90977e-12,-2.91492
1542,5.50664e-12,2.70181
1543,2.06375e-11,-1.22499
1544,4.86515e-11,-0.617485
1545,2.84002e-11,0.930034
1546,1.4475e-10,-0.0634169
1547,3.33165e-11,-0.170373
1548,2.35132e-11,-0.653317
1549,9.06497e-12,-2.41196
1550,3.18515e-11,1.149
1551,8.90064e-12,0.0267879
1552,1.23277e-11,1.91713
1553,2.78937e-11,-1.19022
1554,3.93152e-12,0.400469
1555,3.69254e-11,-2.76797
1556,1.94323e-11,0.672711
1557,3.55876e-11,-1.58663
1558,1.05448e-10,1.19963
1559,2.20096e-11,1.84691
1560,2.28518e-11,-1.893
1561,1.36896e-11,-1.90786
1562,5.87921e-12,1.12179
1563,1.05394e-10,1.31166
1564,2.29617e-12,2.0505
1565,2.99818e-11,-2.53703
1566,5.24254e-12,-0.293065
1567,6.6554e-12,0.924586
1568,1.82133e-11,-1.44422
1569,2.70644e-11,-1.63813
1570,2.65198e-11,1.33683
1571,5.38221e-12,0.83109
1572,1.28623e-10,-1.18827
1573,1.07665e-11,2.48546
1574,8.70548e-12,-0.207131
1575,1.78535e-11,-1.93887
1576,1.77316e-11,0.324676
1577,1.85096e-11,-2.34719
1578,7.87005e-12,2.76392
1579,5.47191e-12,2.31833
1580,3.90479e-11,-0.165498
1581,2.27643e-11,3.07105
1582,4.41883e-12,2.23577
1583,1.47911e-11,1.26844
1584,1.87475e-12,-1.64425
1585,7.04633e-11,1.04093
1586,4.40723e-11,-2.25592
1587,4.46364e-12,-1.32327
1588,5.63008e-12,-2.78429
1589,3.27205e-11,0.570011
1590,2.73744e-10,2.06455
1591,1.37229e-11,0.758329
1592,9.41265e-12,-0.578457
1593,1.42092e-11,-2.71118
1594,5.65975e-11,2.65926
1595,2.38334e-11,-0.97218
1596,5.08359e-11,1.43378
1597,3.38016e-11,-0.957153
1598,1.09064e-11,1.2558
1599,4.68191e-12,-2.59561
1600,2.5576e-11,-3.0314
1601,8.00003e-11,1.84543
1602,8.82411e-12,0.706485
1603,2.08298e-11,-1.73566
1604,1.89029e-11,2.39572
1605,1.1787e-11,1.48056
1606,3.21411e-11,-2.80129
1607,1.50309e-11,3.04786
1608,8.58336e-12,-0.71586
1609,5.62078e-12,-1.35733
1610,7.52649e-12,2.57407
1611,2.5713e-11,-1.91848
1612,1.92285e-11,-0.170066
1613,2.76994e-11,0.815988
1614,5.74553e-12,-0.251011
1615,2.77129e-10,-2.64346
1616,7.4446e-12,0.978297
1617,4.73459e-11,1.98825
1618,2.03799e-11,-0.0827241
1619,1.37048e-11,2.17387
1620,4.84164e-12,-2.84925
1621,1.17023e-11,-2.23586
1622,5.41653e-11,-2.26851
1623,1.36031e-11,-1.0589
1624,2.47077e-11,0.21367
1625,6.00018e-12,-2.91201
1626,1.56836e-12,-0.0609995
1627,1.16747e-11,-2.69033
1628,1.02991e-11,1.03468
1629,1.29498e-11,1.04509
1630,1.45833e-11,-0.455798
1631,1.75299e-11,-1.60212
1632,1.23328e-11,-0.156024
1633,6.71988e-12,-2.07683
1634,8.8639e-11,0.0814484
1635,3.60197e-11,0.420387
1636,1.54037e-11,0.86809
1637,1.79429e-11,-2.0848
1638,1.77216e-11,2.73819
1639,4.6379e-11,-0.0461283
1640,1.28307e-11,-0.709984
1641,8.17065e-12,-0.276805
1642,8.15116e-11,-0.980792
1643,1.20661e-11,0.458399
1644,2.10703e-11,-2.51752
1645,1.97395e-11,-0.559882
1646,1.80175e-11,0.386125
1647,4.4177e-11,1.15437
1648,1.54611e-11,0.0314483
1649,2.23177e-11,1.24187
1650,1.108e-11,-1.12879
1651,1.32748e-11,0.667763
1652,4.18835e-11,0.638213
1653,1.4331e-11,2.16175
1654,9.37455e-12,2.40214
1655,3.03311e-11,-1.80141
1656,2.42983e-11,-0.217437
1657,1.27181e-11,-1.13746
1658,2.38449e-11,1.9503
1659,2.57572e-11,-0.896016
1660,5.85598e-12,-2.7595
1661,2.09465e-11,-2.54146
1662,2.72544e-11,-1.51625
1663,7.75954e-12,2.29365
1664,4.73702e-12,-1.95358
1665,7.63065e-12,1.41672
1666,7.99248e-12,-1.23131
1667,2.14351e-11,1.12375
1668,2.46456e-11,-0.642853
1669,3.13528e-12,-2.42262
1670,4.14538e-12,-1.79858
1671,5.31122e-12,-0.129981
1672,4.81183e-11,-3.13161
1673,3.6744e-11,2.2002
1674,1.40343e-11,0.750671
1675,8.29543e-12,-0.389758
1676,1.84007e-11,-2.81761
1677,1.98308e-11,-2.91809
1678,2.40631e-11,-2.43839
1679,1.80807e-11,2.76159
1680,1.22955e-12,-2.98873
1681,6.23024e-11,-2.00574
1682,1.96837e-11,1.8024
1683,5.03508e-12,-1.93369
1684,1.85032e-11,2.87607
1685,1.80223e-11,1.09853
1686,1.27656e-11,1.09862
1687,4.25391e-12,0.0335998
1688,1.98428e-11,0.979457
1689,1.89076e-11,1.30192
1690,3.32752e-11,0.438732
1691,1.15036e-11,2.65584
1692,4.59548e-11,-1.57218
1693,1.20513e-11,-2.86087
1694,1.6355e-11,0.948124
1695,3.03154e-12,-1.85309
1696,1.77274e-11,0.836856
1697,3.11533e-11,-1.5743
1698,8.30403e-12,-0.762955
1699,8.08793e-12,2.18935
1700,3.88494e-11,-2.06174
1701,7.96559e-12,1.36344
1702,4.81503e-12,-0.896734
1703,1.38993e-11,0.022609
1704,4.97752e-12,-1.02317
1705,1.02164e-11,-2.25495
1706,8.534e-12,-0.93452
1707,2.04357e-11,2.03211
1708,6.60005e-12,-0.831277
1709,3.61693e-11,-0.197196
1710,3.92685e-12,3.11896
1711,1.66948e-11,-1.22617
1712,1.50045e-11,-0.486192
1713,3.64063e-11,1.50005
1714,1.26625e-11,-2.01752
1715,5.99024e-12,-0.312911
1716,1.94092e-11,-0.150937
1717,5.82242e-12,1.59371
1718,1.68501e-11,-2.61886
1719,7.34526e-12,-1.14246
1720,3.39821e-11,-0.417173
1721,1.10344e-11,2.82097
1722,8.04655e-12,-2.12455
1723,7.47504e-12,-0.964287
1724,3.813e-10,2.22767
1725,1.28763e-11,-3.08941
1726,7.42377e-12,-1.91169
1727,1.28615e-11,0.850796
1728,2.90107e-11,2.90077
1729,1.68468e-11,2.50134
1730,1.63815e-11,-2.33051
1731,1.65388e-11,0.178265
1732,2.07723e-11,-0.86857
1733,2.89912e-11,-1.45804
1734,1.15684e-11,0.526702
1735,2.77153e-11,0.052161
1736,1.1183e-11,2.49747
1737,9.77748e-12,1.07966
1738,8.33289e-12,2.41297
1739,1.60367e-11,-0.241323
1740,7.99712e-11,0.369557
1741,2.77693e-11,-2.89903
1742,4.96187e-11,-0.559071
1743,9.9972e-12,-2.87768
1744,1.2098e-11,0.833551
1745,2.27638e-11,2.35479
1746,1.18177e-11,2.70894
1747,3.50597e-11,0.0733972
1748,1.42672e-11,-0.543429
1749,1.76024e-10,-0.244048
1750,5.72825e-11,-2.91227
1751,1.50863e-11,-0.878023
1752,3.95681e-12,2.64296
1753,6.50717e-11,-0.774951
1754,6.36868e-12,-2.68392
1755,1.28126e-11,-0.911073
1756,1.9777e-12,-1.3716
1757,7.92459e-12,1.94446
1758,2.23748e-11,-1.74825
1759,5.27663e-12,1.47247
1760,5.74848e-12,-2.67632
1761,1.20521e-11,3.00031
1762,7.71764e-12,-2.1981
1763,1.27776e-11,-1.61391
1764,5.85859e-12,-2.07564
1765,1.28188e-11,2.20453
1766,5.60277e-12,1.72159
1767,2.87058e-12,-0.801378
1768,1.58955e-11,-1.10367
1769,1.23885e-11,-2.74548
1770,9.71086e-12,-1.87032
1771,9.43423e-11,-0.103247
1772,5.41108e-12,-0.940513
1773,5.81851e-12,-1.64575
1774,5.92364e-12,-1.56536
1775,1.68434e-10,-0.340615
1776,4.08634e-12,-1.34807
1777,2.18847e-11,-2.26048
1778,3.79917e-11,2.29052
1779,5.30229e-11,-0.0740363
1780,1.92647e-11,-2.27825
1781,1.50877e-11,-2.57541
1782,1.14919e-11,2.75748
1783,2.33626e-11,1.84079
1784,4.57719e-11,3.07341
1785,1.60019e-11,0.28602
1786,8.58559e-12,-2.03011
1787,1.36507e-11,-0.277568
1788,2.43413e-11,0.665363
1789,1.77972e-13,2.81519
1790,1.43805e-11,0.222596
1791,1.94583e-11,-1.22939
1792,4.91865e-12,2.10645
1793,9.39914e-12,2.95038
1794,5.99003e-11,2.64223
1795,1.96624e-11,-0.227281
1796,8.38158e-12,0.319888
1797,3.71184e-11,-1.66056
1798,1.68927e-11,0.343297
1799,4.78989e-11,0.343249
1800,2.8459e-11,-0.52213
1801,7.19337e-11,-0.892417
1802,2.7996e-11,2.164
1803,1.01012e-10,-1.91197
1804,5.86347e-12,1.35093
1805,1.78133e-11,-1.01267
1806,1.33278e-11,1.08947
1807,3.28944e-11,-2.95825
1808,1.25525e-11,0.86759
1809,3.6979e-12,-1.03883
1810,9.27407e-12,2.93407
1811,1.96731e-11,1.98574
1812,1.6879e-11,-0.778607
1813,2.77182e-11,1.22213
1814,8.40889e-12,2.60842
1815,1.00618e-11,-0.750982
1816,2.3185e-11,0.423864
1817,2.8792e-12,-0.131732
1818,4.06599e-12,-0.513663
1819,3.49251e-11,1.31307
1820,4.21799e-12,1.00832
1821,2.10046e-11,3.02871
1822,1.67295e-11,-1.52017
1823,9.08283e-11,-2.29279
1824,1.74257e-11,-1.56488
1825,9.01251e-12,3.14042
1826,1.27232e-11,1.52607
1827,1.83132e-11,-0.801375
1828,1.6336e-11,-1.0697
1829,1.53262e-11,2.23553
1830,2.17867e-11,1.73559
1831,3.25506e-10,2.63734
1832,1.3105e-11,-1.50165
1833,7.14051e-12,-2.0419
1834,8.6347e-12,-0.402016
1835,2.18697e-11,-0.357057
1836,1.08646e-11,0.96315
1837,2.73453e-11,-2.14643
1838,3.45086e-11,2.94396
1839,1.73512e-10,1.86526
1840,3.11405e-11,0.390317
1841,2.23022e-11,1.25851
1842,1.5795e-11,-1.84432
1843,1.32934e-11,-0.0294774
1844,7.28767e-12,-2.23008
1845,1.70894e-11,0.154195
1846,1.30727e-11,0.369003
1847,6.48537e-12,1.43423
1848,1.15566e-11,2.49168
1849,1.6748e-11,0.195399
1850,6.87263e-12,0.118619
1851,1.23853e-11,-0.680507
1852,4.31335e-12,-0.126858
1853,3.49234e-13,1.22756
1854,1.79552e-11,0.240074
1855,4.29309e-12,-2.75238
1856,8.21065e-11,-0.858204
1857,1.46167e-11,0.974025
1858,7.04795e-12,-2.91397
1859,6.84418e-12,1.19268
1860,1.96916e-12,1.06299
1861,9.75075e-12,-0.295046
1862,9.90736e-12,1.85145
1863,2.15419e-11,0.555904
1864,9.94705e-12,-0.0201517
1865,1.20683e-11,-2.19331
1866,3.17689e-12,2.81362
1867,8.15362e-12,-3.04349
1868,1.46426e-11,-1.39371
1869,3.51515e-11,-1.15627
1870,6.19231e-12,0.264733
1871,6.44002e-12,-2.93153
1872,1.38468e-11,-2.16932
1873,5.04973e-12,2.87016
1874,2.7073e-11,3.01054
1875,5.24728e-12,-0.38916
1876,3.82986e-12,-1.80912
1877,1.18846e-11,2.57931
1878,4.88473e-11,-1.79158
1879,3.40389e-12,0.768324
1880,2.48434e-11,0.387125
1881,3.37795e-12,-1.89323
1882,3.99079e-11,-2.52477
1883,2.85653e-11,0.780378
1884,1.00141e-11,1.38003
1885,2.35816e-11,1.32819
1886,7.33199e-12,0.257297
1887,1.40763e-11,0.955752
1888,6.33335e-12,0.0620578
1889,9.68874e-12,0.384741
1890,1.45192e-11,0.352484
1891,2.13907e-11,-1.65749
1892,1.0856e-10,-2.82928
1893,1.57025e-11,1.50267
1894,1.03989e-11,-0.519921
1895,1.74838e-11,-1.25018
1896,1.57394e-12,-1.58133
1897,2.26593e-11,0.972933
1898,3.88174e-11,-2.28327
1899,3.93006e-12,1.37825
1900,5.56231e-12,-0.298151
1901,1.01239e-11,1.06401
1902,2.61093e-11,-0.87735
1903,1.30655e-11,2.65865
1904,6.76144e-11,0.756223
1905,2.10483e-11,-0.217585
1906,1.26545e-11,1.51099
1907,2.81927e-11,1.52057
1908,3.3513e-10,0.156824
1909,1.95664e-11,-1.32432
1910,2.78838e-11,3.07728
1911,2.59034e-11,2.22348
1912,1.98036e-11,-3.06422
1913,2.20857e-11,0.732502
1914,7.74638e-12,0.152323
1915,3.94665e-11,-0.999151
1916,1.53214e-11,2.43795
1917,7.96729e-11,-0.123697
1918,3.98073e-11,-2.61218
1919,8.4773e-12,-1.01662
1920,2.46962e-11,2.63218
1921,2.13673e-11,0.551467
1922,3.68704e-11,3.12766
1923,9.27515e-12,-2.53439
1924,2.28825e-11,-2.61301
1925,1.39516e-11,-2.54936
1926,5.185e-11,-0.248294
1927,1.24922e-10,-1.54947
1928,1.13045e-11,-0.856493
1929,4.70933e-12,-0.192997
1930,8.72633e-12,-0.981842
1931,6.04184e-11,3.11876
1932,3.41821e-11,1.423
1933,4.16106e-12,-1.07924
1934,3.08843e-10,1.11878
1935,9.73706e-12,-1.75568
1936,7.88084e-12,1.39592
1937,1.03733e-11,0.361701
1938,5.81948e-12,0.700576
1939,8.0187e-12,3.04951
1940,6.37642e-13,-0.604328
1941,1.50481e-11,-2.40199
1942,1.23667e-11,2.90287
1943,2.66263e-12,-2.70427
1944,4.34031e-11,-0.372192
1945,4.20428e-11,-0.435498
1946,2.98241e-11,1.14504
1947,3.28096e-11,-1.41916
1948,9.67045e-12,-2.94466
1949,3.3419e-10,3.12961
1950,1.8205e-11,-2.47665
1951,7.3521e-12,-1.14907
1952,5.47804e-12,1.86467
1953,3.43855e-12,-2.05857
1954,1.50336e-11,1.1874
1955,8.5624e-12,-2.55599
1956,2.32124e-11,0.986402
1957,6.04868e-11,-1.35067
1958,2.32903e-11,-0.732452
1959,3.87221e-11,-1.41762
1960,4.20143e-11,-3.08173
1961,1.03438e-11,-1.05731
1962,1.12089e-11,0.000170264
1963,4.43933e-12,2.82225
1964,1.48943e-10,-1.70237
1965,9.58126e-12,-2.38456
1966,5.34554e-11,1.36391
1967,1.2667e-11,3.04957
1968,9.14747e-11,-1.53119
1969,8.22685e-12,-1.23955
1970,1.50224e-10,2.11213
1971,9.04047e-12,1.34491
1972,1.16838e-11,2.65562
1973,4.67291e-12,0.888047
1974,9.50275e-12,1.5926
1975,3.48461e-12,-0.710449
1976,2.15149e-11,-0.11462
1977,4.61485e-11,-2.94451
1978,6.39554e-12,2.16747
1979,3.71058e-11,-0.623989
1980,1.12865e-11,1.09481
1981,1.70704e-10,1.04174
1982,3.05439e-10,2.03523
1983,1.37842e-11,1.08677
1984,1.43535e-11,1.73714
1985,7.60284e-12,-2.65627
1986,7.39038e-12,-2.44236
1987,1.13618e-11,-1.26553
1988,1.45391e-11,1.98731
1989,2.05391e-11,-3.13261
1990,3.5985e-11,2.32992
1991,3.68528e-12,-0.373039
1992,5.48465e-12,-0.242552
1993,5.37522e-12,0.485838
1994,1.44029e-11,-0.0544616
1995,4.08907e-11,2.4459
1996,1.74417e-11,-0.464383
1997,4.87847e-11,-1.65792
1998,4.34458e-12,1.3712
1999,3.13736e-11,2.23412
2000,3.28632e-12,0.301167
2001,2.38646e-12,2.38883
2002,1.13698e-11,1.62581
2003,1.88813e-11,-0.0763489
2004,9.59877e-12,0.383805
2005,4.40056e-12,2.07659
2006,5.99381e-12,-2.48778
2007,9.64895e-12,1.85546
2008,9.75423e-12,3.12124
2009,2.42281e-11,-2.03246
2010,1.59272e-11,0.620772
2011,9.99928e-12,-1.68893
2012,1.25813e-11,1.53016
2013,2.64118e-11,-0.86246
2014,7.71842e-12,0.570965
2015,1.83713e-11,2.72104
2016,6.01778e-12,-0.381929
2017,4.37957e-13,2.03829
2018,5.94982e-11,-0.701505
2019,2.37847e-11,-0.957752
2020,1.73525e-11,0.22877
2021,8.97677e-11,1.51031
2022,3.12385e-11,-0.494916
2023,4.3565e-12,-2.7551
2024,3.09827e-11,2.83796
2025,6.86459e-11,-2.56283
2026,1.04863e-11,1.67262
2027,9.28816e-12,-3.08657
2028,1.52354e-10,-2.32919
2029,1.09397e-11,2.4286
2030,5.43835e-12,-0.440241
2031,1.52221e-11,0.19416
2032,4.37979e-11,-1.4156
2033,1.40835e-11,-2.32377
2034,1.15549e-10,-0.168755
2035,1.30853e-11,1.43531
2036,8.03084e-12,-2.11524
2037,6.19778e-12,2.39618
2038,1.81284e-11,-1.86577
2039,7.19588e-12,2.15248
2040,1.43416e-11,-0.114114
2041,1.29565e-11,-2.66012
2042,2.82395e-11,0.97268
2043,1.21166e-11,2.84589
2044,1.05562e-11,-2.20391
2045,4.82909e-11,0.443974
2046,1.25634e-11,1.71063
2047,1.10088e-11,-0.925241
2048,1.05565e-11,-1.29262
2049,5.97156e-12,-2.87324
2050,9.9801e-12,2.76909
2051,1.73083e-11,2.9764
2052,5.31197e-12,-0.569261
2053,1.13664e-11,-0.590305
2054,6.52838e-11,2.52169
2055,1.1282e-11,-0.629497
2056,1.83026e-12,1.89359
2057,2.32227e-10,0.538981
2058,3.30964e-11,-1.80497
2059,1.48662e-11,-0.0969819
2060,1.13536e-11,2.26841
2061,1.7496e-11,-1.29542
2062,9.53247e-12,-2.47476
2063,1.49653e-11,-3.13626
2064,9.19974e-11,-1.62092
2065,1.24879e-11,2.8324
2066,1.91352e-12,-2.67024
2067,1.46139e-11,1.95409
2068,3.86258e-11,-2.37145
2069,8.33049e-12,2.20554
2070,5.86895e-11,-2.88802
2071,3.32466e-12,-0.677175
2072,2.72075e-11,-2.41993
2073,4.33533e-11,1.77247
2074,4.46125e-11,-2.97314
2075,1.57945e-11,-2.22669
2076,5.54999e-11,1.07403
2077,3.96816e-11,2.19976
2078,3.93681e-12,2.49886
2079,8.83139e-12,1.73843
2080,1.77773e-11,-1.20397
2081,9.35847e-12,-0.219136
2082,3.00769e-11,-2.22318
2083,2.22709e-11,-0.35006
2084,2.22277e-11,-1.63136
2085,5.86542e-11,-1.02069
2086,8.07182e-11,-1.42804
2087,1.04072e-11,2.30957
2088,1.85531e-11,0.897752
2089,6.67333e-12,0.425636
2090,1.66917e-11,-1.34074
2091,3.36369e-11,2.29558
2092,1.83007e-11,2.4537
2093,4.44669e-11,2.41316
2094,2.10279e-11,1.59383
2095,4.14257e-11,1.45885
2096,4.08399e-11,2.82882
2097,7.12332e-12,1.12655
2098,5.45736e-10,-1.2699
2099,2.32379e-11,-3.09913
2100,1.10679e-10,-2.93703
2101,2.20892e-11,-2.88059
2102,6.45303e-11,-2.00341
2103,1.09512e-11,0.340821
2104,2.19217e-12,-1.52897
2105,1.69213e-12,1.70827
2106,1.48281e-12,0.100233
2107,1.29118e-11,-2.49667
2108,5.29149e-11,1.64623
2109,9.84961e-12,0.0324865
2110,2.58448e-11,-2.62918
2111,7.59478e-12,2.40797
2112,1.33044e-11,-0.227298
2113,1.00314e-10,-1.35031
2114,1.09516e-11,-2.66009
2115,7.20857e-12,-1.989
2116,2.07098e-11,1.57401
2117,3.87827e-11,-2.42751
2118,2.56896e-11,1.53638
2119,2.54713e-11,2.70288
2120,3.71064e-11,-1.2429
2121,4.39854e-11,-0.379938
2122,1.20801e-11,-2.32719
2123,2.37973e-11,0.91579
2124,3.74534e-11,-0.0905013
2125,2.1711e-11,-0.532119
2126,2.57949e-11,-2.66746
2127,4.75663e-11,0.318435
2128,2.10205e-12,2.56878
2129,1.57566e-11,2.33395
2130,2.45132e-11,0.537752
2131,3.29069e-11,2.41006
2132,8.67614e-12,-1.97961
2133,1.72387e-11,-2.92662
2134,3.15174e-11,-2.2863
2135,3.16964e-11,3.06943
2136,7.16374e-12,-2.57167
2137,8.15563e-12,-2.31367
2138,1.33694e-10,-0.568242
2139,2.015e-11,-1.28363
2140,2.44329e-11,-0.171267
2141,1.74535e-11,-2.85953
2142,1.16772e-11,-1.31263
2143,5.77684e-12,-0.776117
2144,1.29552e-11,2.80807
2145,1.82285e-11,-2.21397
2146,4.46709e-12,1.12544
2147,6.51994e-11,1.58259
2148,2.31723e-11,0.723838
2149,2.65746e-11,-1.79844
2150,2.56122e-11,-1.79374
2151,1.71581e-10,2.25142
2152,1.38656e-11,-2.26357
2153,2.28541e-11,-2.34556
2154,2.08682e-11,-0.281959
2155,3.65049e-12,1.13398
2156,1.46322e-11,-0.355706
2157,7.76062e-11,-2.86873
2158,1.39927e-11,-1.46282
2159,3.41428e-12,-2.7407
2160,2.75013e-11,-1.56645
2161,6.99641e-12,-1.96941
2162,5.95214e-11,2.43682
2163,1.54726e-11,0.977496
2164,1.05744e-10,-1.30851
2165,7.14625e-12,1.74857
2166,5.078e-11,0.175919
2167,2.14295e-11,-2.26834
2168,1.4776e-11,-1.0058
2169,9.82106e-12,0.360595
2170,6.70287e-11,2.70878
2171,1.35597e-11,-1.08135
2172,1.30166e-11,2.02787
2173,3.21645e-11,2.29985
2174,1.04896e-11,-0.156491
2175,2.49235e-11,-3.05997
2176,4.55882e-11,1.68891
2177,1.78531e-11,-1.68374
2178,6.13258e-11,-0.856845
2179,6.73231e-12,1.62189
2180,5.55937e-11,1.27864
2181,8.5078e-13,-0.800227
2182,2.41849e-11,0.601526
2183,4.84343e-11,-2.01872
2184,2.87778e-11,-0.241214
2185,4.69101e-11,0.602423
2186,2.04463e-11,-0.979137
2187,5.90122e-11,-0.404222
2188,1.55188e-11,-0.799238
2189,1.05341e-11,-0.120406
2190,7.00814e-12,-0.432196
2191,1.18466e-11,2.31995
2192,3.94888e-11,-0.839023
2193,1.1249e-11,2.35011
2194,1.39802e-11,0.39459
2195,3.34976e-12,1.22274
2196,3.5465e-11,-3.04545
2197,1.9173e-11,0.655129
2198,3.56103e-11,-2.97526
2199,8.75929e-11,2.51783
2200,7.43251e-11,-0.133482
2201,1.26844e-10,0.127886
2202,4.48359e-12,2.26909
2203,4.29438e-12,3.06694
2204,1.41428e-11,1.03984
2205,9.70887e-12,-1.15024
2206,8.66186e-12,-2.63206
2207,1.0035e-11,2.9441
2208,4.92684e-12,-1.27467
2209,1.11955e-11,0.923289
2210,4.80503e-12,1.73061
2211,7.86545e-11,1.49131
2212,1.53248e-11,0.764306
2213,2.73143e-12,-2.71121
2214,8.98992e-11,2.74762
2215,4.75336e-12,-1.86689
2216,2.17637e-11,1.429
2217,2.20409e-11,2.78583
2218,8.38303e-12,-1.41727
2219,1.11541e-10,0.673031
2220,3.39323e-11,2.49123
2221,1.09518e-11,-3.02849
2222,3.26452e-12,0.264417
2223,4.39742e-11,0.675868
2224,1.36542e-11,-1.46825
2225,3.08101e-11,1.43211
2226,2.76007e-11,-0.153295
2227,5.24118e-11,-0.736641
2228,4.64124e-11,0.0266122
2229,6.2249e-12,2.75387
2230,1.57899e-10,-0.555536
2231,1.01513e-11,1.70916
2232,5.70647e-12,-1.81965
2233,7.56211e-12,-0.335188
2234,7.25885e-11,-1.37556
2235,2.65553e-11,-2.54254
2236,9.87032e-12,0.399402
2237,4.79867e-12,1.53618
2238,5.07069e-11,2.00628
2239,5.31567e-11,-2.66585
2240,9.05585e-12,-2.59738
2241,9.27234e-12,-2.51441
2242,9.00456e-12,1.17565
2243,1.97707e-13,3.10346
2244,1.37889e-11,-0.762316
2245,1.76566e-11,-0.205645
2246,1.09079e-11,-0.625276
2247,2.70202e-11,-1.23896
2248,8.10673e-11,1.63369
2249,2.66243e-11,1.11878
2250,2.60559e-13,2.06198
2251,3.43258e-11,-2.51525
2252,2.18557e-11,2.3492
2253,3.9377e-11,0.695048
2254,9.74456e-12,2.95067
2255,7.95127e-12,1.96449
2256,2.16625e-11,0.508627
2257,1.57061e-11,2.07773
2258,2.70739e-11,0.00322284
2259,1.3675e-11,-0.054363
2260,3.71785e-12,-0.963623
2261,4.38741e-11,2.49336
2262,2.39153e-12,-2.3995
2263,1.25388e-11,2.18348
2264,2.05616e-11,2.43778
2265,4.64591e-12,1.43271
2266,8.13478e-11,2.18987
2267,2.6164e-11,1.78734
2268,2.05245e-11,-2.99944
2269,3.25261e-11,2.24262
2270,1.45297e-11,3.04373
2271,2.06654e-11,-2.37982
2272,1.37209e-11,2.54939
2273,1.24317e-11,0.229068
2274,5.51687e-12,-0.436557
2275,5.6819e-12,1.24322
2276,4.72727e-12,0.876742
2277,5.94882e-12,0.316952
2278,1.61094e-11,-2.947
2279,5.61659e-12,-0.61962
2280,7.31485e-12,3.10613
2281,1.17068e-11,-1.30204
2282,1.7856e-11,-3.10784
2283,3.47704e-11,1.23572
2284,1.69059e-11,-1.71347
2285,4.571e-11,-2.09265
2286,9.95622e-12,1.43027
2287,9.86517e-12,-0.174513
2288,2.76509e-11,-3.01743
2289,8.2922e-11,-0.886804
2290,9.59348e-12,-2.20398
2291,5.20205e-11,2.85048
2292,7.18239e-11,2.05235
2293,3.22977e-12,0.334653
2294,8.68908e-12,-0.0499445
2295,1.98375e-11,2.80438
2296,1.35066e-12,-3.03135
2297,1.46689e-11,-2.86808
2298,2.49672e-12,-0.625797
2299,1.11383e-10,0.241004
2300,4.33731e-12,1.19491
2301,1.44613e-11,0.170933
2302,1.37685e-11,0.544577
2303,2.76326e-11,-0.175431
2304,1.45694e-11,1.02624
2305,3.01006e-11,1.41985
2306,9.38972e-12,2.25409
2307,4.51796e-12,-0.511513
2308,2.4038e-12,3.10316
2309,6.91287e-12,0.947348
2310,2.97944e-11,2.41442
2311,2.09424e-11,2.87232
2312,3.52643e-12,-2.03321
2313,3.11159e-11,2.10318
2314,7.28339e-12,2.05088
2315,2.95112e-11,-2.85425
2316,2.31567e-11,0.871954
2317,2.31374e-11,-2.39075
2318,1.0638e-11,2.05496
2319,3.64653e-11,2.27236
2320,2.90883e-11,1.15101
2321,9.91875e-12,3.04796
2322,9.36097e-12,-1.10741
2323,1.34905e-11,2.70499
2324,5.03014e-11,-2.88141
2325,1.41317e-11,-1.46642
2326,3.55995e-11,1.37005
2327,5.48664e-11,1.23765
2328,5.28525e-11,-2.97835
2329,1.00721e-11,1.25075
2330,7.15073e-12,-1.13484
2331,9.24191e-11,2.86947
2332,5.77368e-11,0.263551
2333,1.2989e-11,-2.47053
2334,1.21697e-11,0.746917
2335,4.86656e-11,-1.62306
2336,7.57068e-12,0.476174
2337,1.85483e-11,1.23321
2338,1.24164e-11,-1.06406
2339,1.13826e-11,-2.69675
2340,2.14008e-11,-1.65646
2341,1.38126e-11,-1.37717
2342,2.56776e-11,-1.06336
2343,1.63919e-11,1.23296
2344,2.83792e-11,-2.54544
2345,6.72657e-12,2.22909
2346,1.07323e-11,1.7768
2347,2.05901e-11,0.322502
2348,1.5726e-11,0.889223
2349,1.0163e-11,0.226385
2350,9.21059e-12,-0.397375
2351,1.29646e-10,1.4556
2352,7.07858e-11,-0.31121
2353,2.50341e-11,-1.79763
2354,5.80828e-12,0.284137
2355,1.03021e-11,1.41191
2356,1.04014e-11,0.42324
2357,1.36297e-10,2.05793
2358,2.66518e-11,-0.901239
2359,1.50944e-11,-0.814876
2360,2.24329e-11,0.0841585
2361,1.87698e-11,-2.19315
2362,3.94031e-11,2.85875
2363,2.37478e-11,-1.81733
2364,1.43052e-11,-2.91916
2365,3.39558e-12,-0.0461582
2366,9.3716e-11,-2.57813
2367,5.43242e-12,2.58311
2368,2.03913e-11,0.130932
2369,1.70155e-11,2.23437
2370,8.03883e-12,-3.06245
2371,5.15077e-11,-0.889664
2372,6.81212e-12,2.93323
2373,4.08338e-11,-2.63587
2374,1.39926e-11,-1.115
2375,1.15786e-11,-1.1818
2376,3.48453e-12,0.616981
2377,6.07181e-12,0.731545
2378,2.57595e-11,-1.29534
2379,4.83503e-11,2.91165
2380,6.74582e-11,-3.10563
2381,3.47338e-11,0.532634
2382,2.95189e-11,-2.18647
2383,1.971e-11,-1.12299
2384,3.98447e-11,0.74271
2385,1.36709e-11,-2.1227
2386,2.33924e-11,2.65322
2387,1.06898e-11,1.86128
2388,2.09884e-11,1.45453
2389,1.70953e-11,-1.02849
2390,1.14505e-11,-0.518543
2391,8.9846e-12,-2.38645
2392,7.59395e-11,1.25475
2393,3.1893e-12,2.23063
2394,9.16186e-12,-0.856195
2395,1.0795e-11,1.45367
2396,1.57593e-11,0.851454
2397,2.17853e-11,1.71194
2398,2.59012e-11,-1.35872
2399,2.43519e-11,2.09355
2400,1.93956e-10,3.00167
2401,1.78918e-11,-2.28113
2402,4.17079e-12,-1.54158
2403,2.95727e-12,-0.800325
2404,1.27733e-11,-1.85837
2405,4.76055e-12,2.56972
2406,8.63371e-12,2.73768
2407,1.2034e-11,-2.57464
2408,1.48712e-11,-0.138966
2409,5.30047e-11,-1.66718
2410,3.09891e-11,2.25556
2411,1.02117e-11,1.66189
2412,1.06599e-10,3.02275
2413,1.39546e-11,-2.34211
2414,5.83878e-11,-1.8541
2415,1.06561e-11,2.60199
2416,2.74347e-11,-0.0495439
2417,1.15284e-11,-2.9879
2418,2.95191e-11,1.04025
2419,1.54159e-11,2.14972
2420,8.44098e-11,-0.155353
2421,8.07284e-12,-2.99508
2422,6.36563e-11,-2.6307
2423,1.28598e-11,1.09467
2424,1.88394e-11,1.05129
2425,1.81398e-11,-1.93475
2426,3.86584e-11,0.216707
2427,2.94256e-11,2.56458
2428,2.36856e-11,-2.28162
2429,6.24273e-12,-0.844928
2430,4.34161e-11,1.2405
2431,3.6315e-10,-0.203918
2432,1.95872e-11,2.38392
2433,5.86918e-11,0.0471631
2434,3.24109e-11,-1.4401
2435,6.8699e-12,1.26792
2436,1.21935e-11,-1.17331
2437,2.39795e-11,0.122815
2438,9.25852e-12,-0.983272
2439,1.6826e-10,2.35846
2440,1.43465e-11,0.776416
2441,1.02321e-11,2.32227
2442,6.15453e-12,-3.11336
2443,3.63892e-12,-2.96443
2444,9.1355e-12,1.02777
2445,2.92569e-11,1.71074
2446,3.81911e-11,-0.924638
2447,4.29682e-12,1.09426
2448,7.84778e-12,-2.5843
2449,9.55926e-12,0.43466
2450,3.50533e-11,1.53647
2451,1.22781e-11,-0.29082
2452,1.11828e-11,-0.974783
2453,7.5419e-12,-1.4506
2454,3.7449e-11,1.26748
2455,2.0913e-10,2.49082
2456,8.60594e-12,1.48417
2457,3.98771e-12,3.06491
2458,1.18648e-11,0.425835
2459,4.03267e-12,1.16308
2460,6.86793e-11,-0.977646
2461,1.14411e-11,2.19088
2462,7.34268e-12,2.16341
2463,4.59221e-10,-2.64208
2464,6.36662e-12,-1.81613
2465,4.58696e-12,-2.35332
2466,3.2913e-11,-0.775731
2467,1.02096e-11,1.05249
2468,2.98902e-11,0.932911
2469,4.84184e-12,0.535226
2470,1.76083e-11,-1.83153
2471,3.59526e-12,2.85619
2472,9.10238e-12,-2.2472
2473,1.5512e-11,1.96293
2474,1.27529e-11,-0.459597
2475,4.34057e-12,-2.40189
2476,1.20961e-11,-3.13365
2477,2.0127e-11,1.6015
2478,4.80992e-11,1.3016
2479,6.05878e-12,3.09672
2480,3.81436e-11,-2.65259
2481,7.80708e-11,-2.97064
2482,1.58458e-11,0.445424
2483,8.49481e-12,1.09026
2484,1.16646e-11,1.13077
2485,1.42936e-11,-1.06411
2486,1.05096e-11,-1.71302
2487,3.96197e-11,1.15194
2488,4.75244e-12,1.60442
2489,7.23315e-11,2.52224
2490,6.83393e-11,-1.31236
2491,7.2744e-12,0.876347
2492,3.64912e-12,-3.11881
2493,1.92631e-11,2.2724
2494,5.03797e-11,-0.0285865
2495,5.48453e-11,0.0807288
2496,5.96612e-11,-2.96958
2497,1.74217e-11,-2.61806
2498,1.40109e-11,0.932165
2499,2.22146e-11,2.54447
2500,2.57251e-11,0.552799
2501,2.15876e-11,0.958426
2502,2.96424e-11,-2.26109
2503,4.07814e-11,-2.51293
2504,3.49827e-11,2.58582
2505,2.22565e-11,-1.00159
2506,5.54859e-11,-3.01707
2507,7.63924e-11,-1.45662
2508,1.36027e-11,-2.91605
2509,9.10716e-12,-0.354975
2510,1.23452e-11,2.92996
2511,4.03318e-11,1.81429
2512,6.19581e-12,2.05067
2513,6.26739e-12,-1.67832
2514,1.75624e-11,2.80767
2515,8.53193e-12,-2.4399
2516,5.09439e-12,0.374581
2517,7.34894e-11,2.33943
2518,1.2477e-11,-1.37107
2519,2.43689e-11,-0.136662
2520,1.26908e-11,0.115538
2521,3.04841e-11,0.552755
2522,3.26041e-12,-2.91851
2523,5.60658e-13,2.15274
2524,5.71981e-12,-0.922487
2525,1.89398e-11,0.149503
2526,1.31927e-11,2.41926
2527,5.15416e-12,2.58017
2528,9.93625e-12,3.07886
2529,2.81954e-11,-0.337376
2530,1.10377e-11,0.98289
2531,2.55938e-11,-1.05257
2532,1.94543e-11,2.12433
2533,1.31375e-10,2.07304
2534,3.20508e-12,-0.415102
2535,2.48835e-11,-1.04242
2536,9.08868e-11,2.55547
2537,9.65766e-12,0.652781
2538,6.0121e-12,1.79108
2539,5.09146e-12,-2.92384
2540,1.48606e-11,1.2001
2541,3.40296e-11,2.15419
2542,1.3394e-11,-0.686522
2543,1.84216e-11,-0.277227
2544,1.87841e-11,-1.29434
2545,4.26091e-11,-0.766332
2546,1.74288e-11,-0.645396
2547,2.07772e-11,0.93544
2548,5.29639e-11,-2.9725
2549,9.26616e-12,-0.912099
2550,1.04212e-11,2.41077
2551,8.56268e-12,0.475815
2552,6.47722e-11,-0.0684482
2553,1.53769e-11,2.75231
2554,1.39453e-11,-2.59085
2555,7.7676e-12,-2.54138
2556,2.48852e-11,-1.93117
2557,5.06368e-12,-0.535414
2558,2.25932e-11,1.98911
2559,9.88697e-12,2.27567
2560,6.39282e-11,2.79329
2561,7.81167e-12,0.516025
2562,1.16113e-11,-1.9207
2563,2.42582e-11,-2.74057
2564,3.38284e-12,0.557277
2565,2.47724e-11,-0.654692
2566,3.00201e-11,2.96255
2567,1.59248e-11,-2.11085
2568,2.08265e-11,2.45268
2569,1.22421e-11,1.64313
2570,2.50594e-11,0.704846
2571,2.50047e-11,1.67403
2572,2.55416e-11,-0.0890482
2573,8.08004e-12,3.07783
2574,1.29298e-11,-2.74954
2575,7.66308e-12,-1.93798
2576,2.34943e-11,3.07928
2577,2.03042e-11,0.724294
2578,8.63652e-11,2.88345
2579,1.68669e-11,-2.66201
2580,1.32422e-11,1.51252
2581,1.01705e-10,2.22004
2582,6.90388e-12,0.376881
2583,6.79607e-11,-2.54833
2584,1.98909e-12,-3.10262
2585,2.91504e-11,-1.62131
2586,4.53502e-12,2.44048
2587,1.15108e-11,-2.55881
2588,1.34333e-11,2.80135
2589,1.92718e-11,1.82286
2590,7.44387e-12,-2.88972
2591,1.48877e-11,2.58537
2592,1.05567e-11,1.2248
2593,2.62368e-11,1.81306
2594,4.1938e-11,-0.996935
2595,2.07503e-11,1.59623
2596,1.77503e-11,-2.32311
2597,3.83796e-11,-2.57765
2598,3.06273e-11,-3.03452
2599,3.62667e-12,-1.76647
2600,7.3117e-12,-1.34075
2601,1.47831e-11,1.83553
2602,3.99798e-11,0.850861
2603,1.989e-11,-0.603178
2604,7.18053e-12,-2.80344
2605,5.29148e-12,2.86693
2606,2.22036e-11,-2.73631
2607,3.98287e-11,1.78777
2608,3.33425e-12,-0.773196
2609,2.80188e-11,2.21913
2610,1.20149e-10,0.514947
2611,2.02785e-11,-2.90634
2612,3.90292e-11,2.62688
2613,2.40913e-11,2.27591
2614,1.2235e-11,0.792536
2615,3.63582e-11,0.00293088
2616,3.11122e-11,0.117731
2617,7.87973e-11,1.74309
2618,7.18882e-12,-2.27782
2619,1.83473e-11,0.202056
2620,4.60548e-12,2.94551
2621,3.95542e-11,0.546868
2622,1.72589e-11,2.14767
2623,9.69091e-12,-0.833812
2624,1.24243e-11,-3.12208
2625,2.39069e-11,-2.25707
2626,1.66459e-11,-0.650706
2627,9.35561e-12,2.21288
2628,1.21851e-11,1.40137
2629,2.4385e-11,2.01093
2630,2.42905e-11,-2.34747
2631,1.74382e-11,1.34271
2632,8.13225e-12,-0.120902
2633,1.25212e-11,1.37128
2634,1.94252e-12,2.58805
2635,1.7885e-11,2.64209
2636,4.02294e-11,1.52008
2637,1.64631e-10,-2.92504
2638,2.52107e-11,-2.90266
2639,1.00665e-11,0.730899
2640,1.89842e-11,-1.57932
2641,2.58964e-11,2.84419
2642,2.05554e-11,2.56529
2643,6.73943e-11,1.18665
2644,1.97923e-11,0.62613
2645,1.31063e-11,2.274
2646,1.21361e-11,-2.20778
2647,2.74351e-11,2.03894
2648,7.79889e-12,1.56071
2649,3.52069e-11,-1.56787
2650,3.02406e-11,1.09374
2651,2.71068e-11,1.40336
2652,1.37025e-10,-1.90136
2653,9.95192e-11,0.0618162
2654,8.35371e-11,-0.70916
2655,1.18978e-11,-0.888762
2656,1.49898e-11,-0.97661
2657,1.31814e-11,-2.56442
2658,8.17212e-11,2.1169
2659,3.1806e-11,-2.92465
2660,1.38981e-11,-1.07535
2661,2.03427e-11,-1.71837
2662,2.09746e-11,1.61117
2663,1.21832e-11,-1.55511
2664,5.03055e-11,-1.99173
2665,1.6468e-11,-1.19218
2666,2.22385e-11,-2.69127
2667,7.126e-11,2.74761
2668,2.00663e-12,1.55856
2669,6.80551e-11,1.22705
2670,5.12057e-12,-1.26969
2671,3.66104e-11,-2.07849
2672,3.25321e-11,-2.39994
2673,3.5601e-11,-2.18324
2674,2.97086e-11,-0.778823
2675,1.21057e-11,0.65476
2676,6.17056e-11,-1.50886
2677,1.39593e-11,0.835227
2678,4.86953e-11,2.3611
2679,5.95038e-11,3.13886
2680,1.88983e-11,1.62413
2681,2.55679e-11,1.71014
2682,4.88973e-12,-2.6282
2683,2.64873e-11,2.20692
2684,1.75285e-11,0.106855
2685,1.76114e-10,-0.882542
2686,4.47099e-11,1.03357
2687,3.0207e-11,2.99395
2688,4.86348e-11,-3.08932
2689,1.48236e-11,-0.696368
2690,2.93977e-10,-1.71199
2691,1.87369e-11,0.865771
2692,2.18662e-11,-2.14584
2693,9.43628e-12,-2.1788
2694,2.44789e-11,-0.468836
2695,1.77406e-11,1.82311
2696,5.19022e-11,0.0788376
2697,2.69432e-11,-0.0196571
2698,3.29583e-11,-0.72317
2699,1.81108e-11,-0.312541
2700,1.28321e-10,2.24869
2701,7.15011e-12,2.48518
2702,2.91067e-11,1.07089
2703,2.45077e-11,-0.843845
2704,2.54023e-12,0.324112
2705,5.84109e-11,1.09289
2706,3.21768e-11,-2.58016
2707,6.5213e-11,-0.159436
2708,1.89617e-12,-2.24199
2709,5.49542e-11,2.0893
2710,6.16871e-11,2.78994
2711,3.36341e-10,1.06657
2712,9.16503e-12,-1.11934
2713,2.22938e-11,3.11955
2714,1.2702e-11,1.09779
2715,6.06478e-11,2.01787
2716,3.05802e-11,0.725703
2717,2.3804e-11,1.47144
2718,9.82667e-12,0.433459
2719,3.75494e-12,0.861201
2720,1.23865e-11,1.9824
2721,3.18538e-11,-0.86221
2722,3.99574e-11,2.79182
2723,8.03999e-12,0.604528
2724,1.32923e-11,2.68611
2725,4.12421e-11,-0.549162
2726,3.36925e-11,0.785347
2727,1.82855e-11,3.0136
2728,4.7581e-13,0.521849
2729,2.3024e-11,1.19427
2730,7.80894e-11,2.14272
2731,1.62254e-11,2.0594
2732,5.5624e-12,1.75592
2733,2.15188e-11,-2.69387
2734,2.53687e-11,-1.24681
2735,1.50831e-11,0.446896
2736,2.86082e-11,-1.76074
2737,5.06439e-11,2.13586
2738,6.51283e-11,1.18573
2739,8.3541e-12,0.0512403
2740,5.72193e-10,0.165302
2741,5.87738e-11,1.16216
2742,2.34813e-11,-1.0072
2743,2.43059e-11,-0.0722436
2744,2.30391e-11,-2.54305
2745,6.87837e-12,-1.61396
2746,7.01895e-11,-2.97574
2747,3.26113e-11,-1.38487
2748,2.709e-11,1.58387
2749,1.52073e-11,-0.182195
2750,4.97376e-11,1.47092
2751,2.0317e-11,0.917458
2752,5.15125e-11,-0.738054
2753,5.82513e-11,-1.28622
2754,1.54599e-11,-0.976652
2755,3.62723e-12,-3.0854
2756,2.56224e-11,2.09165
2757,1.74549e-11,-2.66749
2758,2.48665e-11,-0.353088
2759,2.36752e-11,2.36076
2760,1.46153e-11,2.49719
2761,7.48007e-12,2.44987
2762,6.84634e-11,0.492935
2763,1.07522e-10,-1.05733
2764,7.63253e-11,2.53522
2765,2.34342e-11,1.08733
2766,1.29214e-10,0.542881
2767,7.06966e-11,2.75027
2768,1.37387e-11,1.38304
2769,4.07055e-11,0.63084
2770,6.33644e-11,-0.784711
2771,3.72225e-11,-3.13859
2772,1.82576e-11,0.2177
2773,1.67284e-11,-0.915357
2774,1.73803e-11,-1.53013
2775,2.84901e-11,-0.0804828
2776,8.39819e-11,2.99723
2777,2.4006e-10,1.64329
2778,2.61911e-11,0.836101
2779,3.53809e-12,0.5729
2780,1.53338e-11,1.69379
2781,3.56591e-11,-0.176465
2782,1.0752e-10,0.264631
2783,1.59399e-11,-0.0684404
2784,1.89762e-11,1.71709
2785,8.03323e-12,2.71625
2786,7.34508e-12,0.437075
2787,2.21584e-10,2.83664
2788,2.22496e-11,0.996444
2789,3.31787e-11,-2.30415
2790,1.5565e-11,-1.88727
2791,7.37105e-12,-1.10874
2792,2.01793e-10,2.22478
2793,3.03769e-11,-1.68875
2794,4.97165e-11,-0.383474
2795,2.35675e-11,3.03942
2796,5.88723e-11,2.57042
2797,2.75654e-10,2.70766
2798,1.14272e-11,3.09833
2799,5.64974e-11,0.354172
2800,2.63191e-11,2.74055
2801,1.37387e-10,-0.043393
2802,6.26201e-11,-3.00367
2803,2.7876e-11,-0.095668
2804,5.73872e-11,-0.718302
2805,1.69547e-11,2.70634
2806,6.03953e-11,-0.277744
2807,3.15771e-11,-1.87781
2808,1.77529e-11,0.0595111
2809,3.59094e-10,1.07822
2810,2.30685e-11,2.28465
2811,7.58721e-12,2.07144
2812,2.70394e-10,-2.65545
2813,2.89032e-11,-0.226376
2814,9.61089e-12,-1.97412
2815,4.83364e-11,2.38295
2816,1.62338e-11,-2.58671
2817,1.08947e-11,-2.60654
2818,4.23588e-11,-0.818831
2819,1.04035e-10,-0.484777
2820,2.52332e-11,2.00219
2821,1.48163e-10,-3.06722
2822,2.31061e-11,-0.446447
2823,2.39352e-11,1.49652
2824,1.13097e-11,-1.25693
2825,8.47536e-12,-2.89312
2826,2.95389e-11,-1.59891
2827,2.00252e-10,-0.89492
2828,2.19137e-11,-2.89298
2829,1.93864e-11,0.978374
2830,5.82308e-11,0.993988
2831,1.95752e-11,-0.430238
2832,1.90939e-11,-0.375098
2833,3.04708e-11,-3.12071
2834,4.64899e-11,3.11481
2835,7.35021e-11,2.0372
2836,4.72754e-11,-2.37633
2837,2.91061e-11,-2.29121
2838,2.06845e-11,1.73772
2839,1.46041e-11,1.04247
2840,5.57425e-11,-2.20998
2841,6.55855e-12,0.762164
2842,7.18995e-10,-2.34287
2843,2.23814e-11,2.86208
2844,1.73664e-11,-0.491993
2845,6.57032e-12,1.0049
2846,3.38936e-11,2.08624
2847,1.3279e-11,2.16607
2848,2.44915e-11,2.20072
2849,2.74216e-11,-2.32321
2850,2.03056e-11,1.74032
2851,5.35113e-12,1.44054
2852,4.07027e-11,0.3521
2853,2.87205e-12,1.08564
2854,2.68659e-11,-1.8323
2855,1.67845e-11,0.248295
2856,1.07435e-11,1.61316
2857,8.15853e-11,3.05067
2858,2.12726e-11,1.16824
2859,1.46478e-10,-1.20475
2860,2.53349e-11,-2.48268
2861,4.79061e-11,-2.00292
2862,1.51428e-11,2.84741
2863,2.02338e-11,-1.26988
2864,2.76984e-11,2.84719
2865,1.95028e-11,3.02148
2866,1.84061e-11,-0.404271
2867,4.25909e-11,-0.180975
2868,1.72979e-11,2.66058
2869,6.58833e-11,-2.97812
2870,2.91416e-10,0.169459
2871,2.68406e-11,-1.68385
2872,4.26875e-11,-0.488781
2873,1.52568e-11,-0.895386
2874,6.4134e-12,-2.44345
2875,3.35682e-10,-1.16529
2876,6.74666e-12,2.03812
2877,2.32052e-11,-2.25029
2878,1.91093e-11,-3.11573
2879,2.2463e-11,1.90382
2880,1.20722e-11,-1.78767
2881,4.04488e-11,2.87941
2882,3.95378e-11,-2.47654
2883,1.5853e-11,2.30743
2884,4.99128e-11,-0.266955
2885,5.80493e-11,-0.308019
2886,4.36284e-11,0.928572
2887,4.68881e-11,2.43416
2888,9.87924e-12,1.10757
2889,9.15273e-12,0.390079
2890,1.81949e-10,-1.93115
2891,1.73963e-11,2.1398
2892,1.00434e-11,2.75765
2893,5.86882e-12,3.02981
2894,3.95236e-10,-0.716895
2895,2.8549e-11,0.539682
2896,6.46713e-11,1.12607
2897,1.82106e-11,1.76666
2898,2.41681e-11,1.28172
2899,1.65242e-11,1.1954
2900,5.14187e-11,-1.55998
2901,2.0905e-10,2.92047
2902,2.06764e-11,-2.59647
2903,2.47879e-11,2.15252
2904,7.84185e-12,-2.28769
2905,1.01968e-11,2.67107
2906,2.95512e-11,2.04553
2907,1.047e-11,2.22918
2908,1.56375e-10,-1.76556
2909,4.60325e-11,-0.691713
2910,2.84466e-11,0.395357
2911,2.80263e-11,1.40648
2912,3.12537e-11,-0.44865
2913,1.13887e-11,-0.951645
2914,3.81648e-11,-2.46547
2915,1.6813e-11,-0.785752
2916,2.87641e-11,2.65121
2917,4.99984e-11,-0.524183
2918,1.57493e-11,-2.86256
2919,1.48416e-11,3.11253
2920,1.62985e-11,3.05872
2921,9.02479e-12,-1.71917
2922,2.99029e-11,-2.22834
2923,1.35971e-11,-0.665566
2924,1.70369e-11,3.01933
2925,2.48375e-11,-2.61862
2926,5.38847e-11,2.79152
2927,5.35545e-11,-2.42926
2928,1.58391e-11,-2.65479
2929,4.70245e-11,-2.22207
2930,7.76554e-11,1.78328
2931,2.92513e-11,-0.301198
2932,3.45814e-11,-0.28582
2933,5.84303e-12,-0.460382
2934,1.71194e-11,-0.634125
2935,4.76121e-11,3.10283
2936,1.8732e-11,-1.28784
2937,7.98043e-11,-3.07065
2938,5.93363e-12,1.45623
2939,1.72434e-11,-2.46798
2940,5.14477e-11,2.62427
2941,8.33315e-11,-1.18542
2942,1.14504e-11,2.61292
2943,1.70114e-11,1.53615
2944,2.32229e-10,-2.5905
2945,2.36369e-11,1.17505
2946,4.83027e-12,-1.41513
2947,2.03733e-11,-0.461132
2948,1.09094e-11,2.65788
2949,7.10072e-12,-2.44954
2950,1.5083e-11,0.594805
2951,3.66117e-11,-2.83158
2952,9.55014e-12,-2.10453
2953,1.77333e-11,2.97785
2954,2.03564e-11,-1.13992
2955,1.1614e-11,-1.69976
2956,3.01367e-11,2.99863
2957,3.7475e-11,1.14663
2958,7.97446e-12,0.496973
2959,7.16776e-11,2.94167
2960,7.11087e-11,1.88963
2961,2.52014e-10,0.660145
2962,1.75982e-11,2.80199
2963,5.69362e-11,-1.26011
2964,3.28337e-11,0.38956
2965,4.03048e-11,-1.16852
2966,1.34425e-11,2.42291
2967,1.62315e-11,2.25136
2968,2.63678e-11,-2.27923
2969,3.49119e-11,-1.53044
2970,2.22881e-11,1.98253
2971,2.4384e-11,-1.80599
2972,2.12385e-11,1.24268
2973,3.72912e-11,-1.85742
2974,3.66675e-11,0.356951
2975,1.34342e-11,0.898244
2976,2.90745e-11,1.26672
2977,2.36834e-11,-2.38201
2978,2.1427e-11,-1.54936
2979,4.41579e-12,2.85851
2980,1.31095e-11,2.07282
2981,3.77035e-12,-1.535
2982,1.27214e-11,-4.10976e-05
2983,3.40615e-11,2.34968
2984,7.03832e-12,0.802387
2985,1.35576e-11,-2.27046
2986,3.31401e-11,3.07059
2987,2.50292e-11,0.668737
2988,1.99322e-10,2.37613
2989,2.06444e-11,-1.67057
2990,3.00837e-11,2.56639
2991,2.17241e-11,1.19896
2992,2.29549e-11,1.17565
2993,4.78829e-11,1.25322
2994,3.30178e-11,-1.19956
2995,5.10537e-12,-1.51499
2996,1.78881e-10,2.80068
2997,7.27644e-11,1.39721
2998,3.80749e-11,1.50106
2999,2.58294e-11,0.255741
3000,5.09884e-11,-1.76562
3001,1.16349e-11,-2.08031
3002,2.36879e-11,2.44125
3003,1.89611e-11,-0.618201
3004,7.16422e-12,1.68743
3005,3.59458e-11,1.38804
3006,1.1846e-11,-0.0231435
3007,5.16321e-11,-0.746687
3008,1.35745e-10,-1.97254
3009,1.21137e-11,2.87808
3010,1.24547e-11,0.0948701
3011,1.37864e-11,2.86881
3012,1.40003e-11,2.69272
3013,4.5218e-11,-0.438808
3014,1.56831e-11,1.31901
3015,4.38279e-11,1.97523
3016,6.98674e-12,-0.593973
3017,8.58831e-11,1.70057
3018,7.8196e-12,1.13384
3019,5.2311e-11,-0.159053
3020,2.12975e-11,1.25496
3021,2.33747e-11,-1.14308
3022,2.27024e-11,1.89598
3023,3.01553e-11,-0.300779
3024,2.2764e-11,2.33845
3025,8.17962e-11,3.12123
3026,9.97627e-12,-0.897639
3027,1.56714e-11,-2.22799
3028,4.78615e-11,0.457881
3029,9.58422e-12,1.44633
3030,1.1729e-11,1.25576
3031,7.69058e-12,2.30708
3032,3.47177e-11,2.94386
3033,2.30904e-11,0.811723
3034,2.0344e-11,-0.606626
3035,1.08774e-11,1.41029
3036,1.44992e-10,0.176211
3037,1.79078e-11,1.92089
3038,9.22121e-12,-0.141771
3039,1.01407e-11,1.79263
3040,3.20858e-11,-1.98684
3041,4.30608e-11,0.892363
3042,1.37958e-11,0.333469
3043,2.25725e-11,2.3265
3044,1.67043e-11,1.68068
3045,1.10273e-11,2.89652
3046,3.8046e-11,1.01981
3047,9.98923e-12,-0.266301
3048,2.21194e-11,-1.36422
3049,1.09119e-11,-2.12538
3050,1.78513e-11,-2.00405
3051,6.1311e-11,0.0374612
3052,1.94841e-11,0.0943808
3053,1.14767e-11,-3.02504
3054,2.34209e-11,-0.0430055
3055,2.69811e-11,-2.50552
3056,7.05844e-11,0.973217
3057,1.16404e-11,-2.08209
3058,3.70129e-11,1.77904
3059,1.17675e-11,0.710603
3060,1.01413e-11,0.208786
3061,7.87035e-12,0.354756
3062,2.14852e-11,2.1213
3063,1.40793e-11,-1.91444
3064,9.4947e-12,-0.392886
3065,1.91054e-11,-0.454733
3066,2.98116e-11,1.54664
3067,1.6786e-11,-1.98649
3068,2.33787e-11,2.81239
3069,3.46255e-11,2.98014
3070,8.70293e-12,-2.55073
3071,1.43059e-11,-1.94266
3072,2.51267e-11,0.883705
3073,3.53094e-11,-1.61786
3074,7.95273e-12,-0.822316
3075,3.69758e-12,-2.30987
3076,3.31622e-11,0.191364
3077,2.79124e-11,-1.25801
3078,3.68155e-11,-0.118106
3079,1.17288e-10,1.77589
3080,6.20848e-11,-1.48083
3081,5.45584e-11,1.10143
3082,5.91352e-11,-0.443929
3083,3.10021e-11,1.20295
3084,2.19565e-11,-0.863748
3085,2.02715e-11,-2.02724
3086,2.65685e-11,1.05656
3087,3.64348e-11,-1.07147
3088,2.01928e-12,0.686641
3089,3.35328e-12,0.481382
3090,1.24926e-10,2.27073
3091,9.78348e-12,-0.31908
3092,6.98775e-11,0.334946
3093,5.7126e-11,3.02727
3094,4.47368e-11,-2.37267
3095,1.53688e-11,1.62276
3096,2.04325e-11,1.67763
3097,3.1434e-11,2.39984
3098,3.57164e-11,-1.50683
3099,1.53185e-11,2.13414
3100,2.35391e-11,3.10558
3101,1.31995e-11,0.344175
3102,1.18767e-11,-2.33463
3103,1.74415e-11,1.85239
3104,2.74094e-11,0.7133
3105,6.54731e-12,-1.56954
3106,1.17253e-11,1.52025
3107,2.31331e-11,0.117541
3108,3.84156e-11,0.65694
3109,9.64065e-12,0.69171
3110,1.71234e-11,0.369992
3111,6.90469e-12,-0.797159
3112,2.75581e-11,-0.504916
3113,1.18543e-11,0.116327
3114,2.16623e-11,1.86024
3115,1.9501e-11,1.85767
3116,2.18817e-11,-0.363529
3117,6.70923e-11,2.47089
3118,6.54636e-12,1.86736
3119,1.03141e-11,-0.0411444
3120,1.59148e-11,0.603955
3121,3.72054e-11,0.225132
3122,2.67556e-11,2.31003
3123,4.09942e-11,0.823142
3124,1.00843e-11,-3.07537
3125,2.03997e-11,2.21119
3126,1.88083e-11,3.02623
3127,4.75289e-12,2.8121
3128,3.24077e-11,-0.843967
3129,4.61896e-11,1.52639
3130,5.57033e-11,2.78933
3131,1.50018e-11,-0.37478
3132,9.04778e-11,1.54539
3133,2.56939e-11,2.83296
3134,9.18706e-11,1.87623
3135,1.46825e-11,-0.273746
3136,4.67148e-11,0.867984
3137,1.59947e-11,1.12296
3138,7.4717e-10,-1.00788
3139,4.30322e-12,2.46405
3140,8.15183e-12,2.93201
3141,8.47674e-12,0.661492
3142,2.59064e-11,1.6721
3143,1.0014e-11,-1.56083
3144,2.63536e-11,0.208232
3145,2.13379e-11,-2.84399
3146,1.9115e-11,-1.35415
3147,2.10714e-11,1.67999
3148,7.6438e-12,-1.92738
3149,2.49145e-10,1.21122
3150,1.12966e-11,-2.66047
3151,1.35741e-11,2.39809
3152,2.04553e-11,-1.10447
3153,5.55053e-11,-1.77932
3154,7.87261e-12,-1.08741
3155,1.62941e-10,0.455369
3156,4.71992e-11,-2.6495
3157,4.87542e-11,2.29524
3158,2.57579e-11,1.30524
3159,3.53452e-11,-2.79976
3160,1.60623e-12,-1.57456
3161,1.22857e-11,2.61746
3162,2.71427e-11,0.965882
3163,6.0585e-12,1.8168
3164,3.01542e-11,0.127344
3165,3.61385e-11,2.36056
3166,3.23359e-11,0.0539128
3167,1.09625e-11,1.71383
3168,2.16735e-11,-1.02035
3169,8.95161e-12,1.28887
3170,2.38886e-11,2.22174
3171,1.01479e-11,2.65943
3172,1.62825e-11,-0.931081
3173,6.19069e-12,1.69798
3174,1.22261e-11,-2.28372
3175,5.64089e-11,-1.53413
3176,2.13501e-11,2.66916
3177,3.39715e-11,1.78726
3178,6.61903e-11,0.606016
3179,2.57357e-11,-1.80445
3180,2.37529e-11,-2.15035
3181,5.72607e-11,3.1413
3182,3.93472e-11,1.96258
3183,1.2613e-10,1.40212
3184,2.63576e-11,-0.612611
3185,3.5173e-11,-2.39765
3186,1.03918e-11,3.12839
3187,1.17656e-11,-1.26846
3188,1.12122e-11,-2.60647
3189,2.71932e-11,2.41605
3190,2.5148e-11,2.98822
3191,6.44646e-13,-1.57833
3192,2.06896e-10,0.0441905
3193,2.87525e-11,0.425336
3194,6.72196e-12,1.14545
3195,2.14193e-11,-2.64847
3196,6.18674e-11,0.420121
3197,2.26092e-11,0.947123
3198,2.10557e-11,1.65103
3199,9.79686e-12,1.62668
3200,2.50051e-11,-1.7679
3201,1.96256e-11,1.65592
3202,1.84796e-11,-0.0632659
3203,2.22676e-11,2.07271
3204,6.33653e-12,-3.0289
3205,3.38124e-11,2.3166
3206,9.47618e-12,-2.06531
3207,2.87853e-11,1.15229
3208,2.85116e-11,0.682969
3209,3.4385e-11,0.750682
3210,4.60792e-11,-0.430566
3211,2.05594e-11,0.848987
3212,1.82999e-11,0.296392
3213,6.19799e-12,0.897709
3214,2.35974e-11,-2.65849
3215,2.87931e-10,-0.75568
3216,2.27539e-11,0.198369
3217,1.23335e-11,1.68236
3218,3.5849e-11,0.677894
3219,2.8712e-11,2.76818
3220,2.20309e-11,-0.770618
3221,1.60912e-11,1.41444
3222,1.13182e-10,1.55827
3223,5.02713e-11,-1.49712
3224,9.29202e-12,1.74571
3225,8.18398e-12,-2.6023
3226,1.10241e-11,-0.588695
3227,4.07887e-12,2.10072
3228,1.42418e-11,-1.23881
3229,3.4041e-11,-0.285429
3230,2.69748e-12,0.329526
3231,8.88873e-12,-1.62857
3232,9.63608e-12,-0.0836469
3233,1.64359e-11,-1.03224
3234,2.83262e-11,-2.77895
3235,1.96089e-10,-1.75305
3236,1.4884e-11,-1.95641
3237,3.39054e-11,1.66479
3238,4.53398e-12,0.42299
3239,3.66643e-11,2.92542
3240,4.22943e-11,-0.488691
3241,1.07231e-11,-0.259257
3242,8.60155e-12,-1.35449
3243,3.2042e-11,2.739
3244,1.01175e-11,-1.19251
3245,4.67306e-11,1.42542
3246,2.37716e-11,0.109335
3247,3.33034e-11,2.50547
3248,1.39944e-10,-0.269621
3249,1.43694e-11,-2.16747
3250,2.67046e-11,-1.27846
3251,1.41608e-12,-0.382537
3252,7.56173e-12,2.10257
3253,6.89895e-11,-2.46598
3254,1.48643e-11,-1.75086
3255,1.88375e-10,-2.01519
3256,1.45818e-11,1.95059
3257,4.00659e-11,1.65936
3258,8.03011e-12,-0.75111
3259,6.44756e-11,-1.94586
3260,3.41117e-11,0.392083
3261,3.72749e-12,-3.13144
3262,2.14625e-11,-0.932025
3263,6.50408e-11,2.08571
3264,2.40732e-11,2.10125
3265,1.63499e-11,1.99073
3266,1.22232e-11,-0.0969905
3267,6.49551e-12,1.5256
3268,4.1263e-11,1.31957
3269,5.30042e-12,-1.69822
3270,1.76823e-11,-2.26468
3271,8.58712e-11,2.2077
3272,1.16297e-11,2.63043
3273,4.72277e-12,1.04153
3274,2.68012e-11,1.04844
3275,8.07456e-12,-0.33182
3276,1.24594e-10,-2.14714
3277,6.57033e-11,0.436392
3278,1.04546e-11,0.568251
3279,5.57779e-11,0.457713
3280,2.28941e-11,-1.02422
3281,2.70959e-11,2.26037
3282,2.40627e-11,1.31984
3283,9.63923e-12,0.758044
3284,3.84944e-11,1.96613
3285,1.32172e-11,0.201932
3286,1.87636e-11,-1.57115
3287,1.06789e-11,2.29569
3288,3.26174e-11,-0.843028
3289,5.07982e-12,-3.06614
3290,1.6272e-11,0.700944
3291,2.59817e-11,-2.39377
3292,1.41775e-11,-1.83681
3293,1.19205e-11,1.3284
3294,4.71041e-12,2.82031
3295,4.67702e-11,1.61357
3296,1.6235e-11,-0.230007
3297,2.09128e-11,-2.46192
3298,1.66441e-11,2.31165
3299,1.32213e-11,2.40615
3300,8.78929e-11,1.87938
3301,4.22962e-12,1.5812
3302,2.44504e-11,-0.55758
3303,4.53733e-11,-0.186228
3304,2.92859e-11,1.34176
3305,2.09802e-11,1.95895
3306,7.96961e-12,0.535334
3307,1.3887e-11,1.12351
3308,9.52728e-12,-0.363367
3309,1.19987e-11,1.83442
3310,8.46155e-12,1.83009
3311,1.30704e-11,1.36012
3312,6.80774e-12,0.612151
3313,2.50757e-11,-1.91954
3314,2.22807e-11,-0.726434
3315,3.27568e-11,0.329016
3316,1.07634e-11,-2.63701
3317,2.43559e-11,-2.94868
3318,7.31381e-13,-0.596278
3319,3.03782e-11,-0.979705
3320,3.00491e-11,2.06032
3321,1.43704e-11,0.365516
3322,7.32403e-11,3.11852
3323,2.26096e-11,3.10078
3324,8.36247e-12,-2.26263
3325,6.77174e-11,-1.72929
3326,2.43772e-11,1.83158
3327,9.40298e-12,-1.48559
3328,8.01696e-12,0.206576
3329,2.3817e-11,0.257955
3330,1.3128e-11,1.24822
3331,1.08548e-11,-1.67625
3332,5.34874e-12,2.66407
3333,1.7561e-11,-1.17803
3334,1.19283e-11,-0.99516
3335,1.38501e-11,-0.405071
3336,9.49947e-12,1.87494
3337,1.0455e-11,0.187028
3338,6.17681e-11,3.02462
3339,2.419e-11,-1.56694
3340,3.0919e-11,2.32915
3341,2.08746e-11,-1.31698
3342,8.64199e-11,-2.78945
3343,7.71955e-12,1.87841
3344,1.25456e-11,-0.0416886
3345,1.30281e-11,-0.0640403
3346,6.09025e-11,1.50742
3347,1.65418e-11,-1.07368
3348,8.21474e-12,2.02397
3349,3.71338e-11,1.56058
3350,8.0649e-12,-1.78748
3351,5.02554e-12,-0.900438
3352,5.34051e-11,0.236385
3353,3.28672e-11,-1.64298
3354,1.35183e-11,-1.13468
3355,1.40263e-11,-2.09522
3356,1.94161e-11,0.667408
3357,1.851e-11,2.29595
3358,6.30037e-11,2.71558
3359,1.1467e-10,-2.21562
3360,1.89224e-11,-2.7357
3361,2.32827e-11,2.02185
3362,7.96352e-12,1.46056
3363,1.29912e-11,0.553032
3364,4.01981e-11,-0.841361
3365,8.3112e-11,0.10439
3366,2.52989e-11,0.0750677
3367,1.49043e-11,1.14188
3368,3.26752e-11,-0.0160919
3369,4.40212e-11,-1.29127
3370,4.89542e-11,-0.0293671
3371,3.13414e-11,0.285674
3372,3.96436e-11,-1.46635
3373,2.11997e-11,-1.56623
3374,8.86144e-12,-1.55243
3375,1.85582e-11,-0.177121
3376,9.9466e-11,0.249105
3377,2.39948e-12,0.18341
3378,7.62511e-12,-1.86049
3379,1.42691e-11,2.30768
3380,5.88553e-11,-1.1761
3381,2.7007e-11,-2.81553
3382,1.34444e-11,-0.784266
3383,5.36479e-12,1.86312
3384,6.92972e-12,-0.464779
3385,9.54218e-12,-0.461361
3386,4.49039e-11,2.19262
3387,2.01422e-11,1.61145
3388,2.80097e-11,2.52672
3389,1.71111e-11,3.00554
3390,8.81783e-12,1.65097
3391,1.62947e-11,-2.93019
3392,4.22853e-12,1.11519
3393,4.66601e-11,2.06476
3394,3.01358e-11,-0.80872
3395,2.80142e-11,-2.64314
3396,9.06895e-12,0.288462
3397,9.16089e-12,0.796347
3398,1.32127e-12,-2.76671
3399,8.71447e-12,-0.769905
3400,6.26558e-12,1.04223
3401,9.12894e-12,-1.53085
3402,5.63333e-12,-2.95457
3403,2.06726e-11,-1.43599
3404,6.35967e-12,1.85271
3405,7.37722e-12,-0.456377
3406,4.97184e-11,2.23859
3407,1.01563e-11,2.52799
3408,1.44782e-10,-1.69525
3409,3.37059e-11,0.906522
3410,5.33929e-11,2.63904
3411,2.85277e-11,-1.39664
3412,8.37151e-12,2.84671
3413,5.83667e-12,-2.17066
3414,3.27961e-11,-0.034042
3415,7.71206e-11,0.920636
3416,7.2627e-11,2.6904
3417,1.36107e-11,-0.658391
3418,3.06653e-11,-1.12356
3419,1.99876e-11,-2.16175
3420,1.30792e-11,-1.75148
3421,1.86459e-11,-2.34879
3422,1.31156e-10,2.72257
3423,3.53283e-10,-1.3049
3424,6.65449e-11,2.60661
3425,6.03919e-11,-2.82778
3426,5.96544e-11,1.84963
3427,1.94267e-11,-1.58307
3428,2.09723e-11,0.156413
3429,1.40981e-11,3.13053
3430,2.01022e-11,2.38248
3431,5.67896e-11,1.98225
3432,1.11594e-11,-2.41517
3433,7.32151e-11,-2.74797
3434,1.8156e-11,-2.82479
3435,1.52948e-11,-2.06649
3436,1.16018e-11,-0.542298
3437,3.26934e-11,-1.16793
3438,7.35335e-11,2.26842
3439,2.7522e-11,-2.25091
3440,3.33083e-11,2.41687
3441,8.69522e-12,-0.758906
3442,1.99867e-10,-2.22944
3443,1.14147e-11,-3.00968
3444,2.2678e-11,-2.33945
3445,4.20694e-11,-0.864977
3446,2.63889e-11,2.82303
3447,1.72479e-11,0.381858
3448,1.5503e-11,0.0323836
3449,1.16669e-11,0.279384
3450,2.99344e-11,-2.51827
3451,1.06538e-11,-2.93083
3452,9.7546e-12,1.5939
3453,2.10178e-11,-1.49652
3454,3.14191e-11,2.00861
3455,2.77932e-11,-2.93821
3456,1.41744e-11,-1.82314
3457,1.14382e-11,2.5219
3458,2.30098e-11,2.67878
3459,5.66891e-11,-3.07279
3460,1.78348e-11,-1.82933
3461,8.21674e-12,2.19236
3462,2.92588e-11,-2.19679
3463,7.21988e-12,0.383276
3464,1.23291e-11,-2.67358
3465,3.49218e-11,-0.674712
3466,1.43618e-11,1.57953
3467,8.49881e-11,2.52813
3468,1.97286e-11,2.25023
3469,6.62179e-12,-1.66249
3470,2.15566e-11,2.95444
3471,3.69992e-11,2.59346
3472,1.7213e-10,-0.17367
3473,6.63206e-12,-1.91266
3474,9.79499e-13,-2.52633
3475,1.0678e-11,1.83179
3476,3.75403e-11,-1.79816
3477,3.01916e-10,-2.83096
3478,9.61863e-12,-2.54432
3479,1.59684e-11,-2.23783
3480,1.48836e-11,0.289522
3481,5.3438e-11,-1.49
3482,1.0125e-10,1.04968
3483,1.14883e-10,-2.55402
3484,1.06452e-10,-2.38551
3485,3.32422e-11,-2.60592
3486,1.04343e-10,-0.684572
3487,1.04437e-11,-3.09729
3488,6.22325e-12,1.42356
3489,2.06226e-10,1.53088
3490,1.08289e-11,-2.43851
3491,5.01203e-11,-2.75968
3492,2.52914e-11,0.430304
3493,1.2969e-11,0.956556
3494,2.06511e-11,1.79088
3495,9.47421e-12,-1.4466
3496,1.76222e-12,-2.40607
3497,3.48774e-11,-2.75299
3498,4.0875e-11,-0.635354
3499,2.8209e-10,-1.32496
3500,1.36385e-11,0.780273
3501,1.00738e-11,-1.95509
3502,2.75007e-11,1.99865
3503,6.10524e-11,-1.36934
3504,1.91278e-12,-2.09843
3505,4.83177e-11,-2.11811
3506,4.09077e-11,-2.74365
3507,2.66916e-11,1.85318
3508,1.11728e-11,-2.73124
3509,1.30713e-11,1.95542
3510,6.44478e-11,-2.22439
3511,2.1817e-11,0.906301
3512,2.36728e-12,1.61275
3513,2.19402e-11,-0.751827
3514,2.88229e-11,2.39185
3515,2.64875e-11,1.79338
3516,3.41614e-11,3.1105
3517,1.00795e-11,0.94812
3518,3.84626e-12,-2.67484
3519,4.87038e-11,2.97148
3520,1.48e-11,-0.736875
3521,5.44434e-11,1.91523
3522,1.09373e-11,-2.05684
3523,1.36324e-10,-3.03589
3524,4.32587e-11,-1.37125
3525,6.81731e-11,-0.92435
3526,9.75297e-12,1.02384
3527,1.37379e-10,2.00821
3528,5.15031e-11,1.05035
3529,1.95861e-11,2.17391
3530,1.45885e-11,-2.84728
3531,3.04234e-11,-1.03289
3532,1.08688e-11,2.10647
3533,1.71474e-11,0.850715
3534,6.56444e-11,0.924608
3535,3.38988e-12,1.11272
3536,4.17596e-11,-0.381108
3537,3.41241e-11,0.534557
3538,2.46877e-11,1.04016
3539,8.77517e-12,-1.52218
3540,1.04086e-10,-0.933725
3541,3.57221e-12,-2.81691
3542,1.02842e-11,2.67111
3543,1.23889e-11,-2.1202
3544,3.75504e-12,-1.71566
3545,2.23565e-11,-0.220686
3546,2.84769e-11,0.178371
3547,5.93512e-12,0.971582
3548,1.94027e-11,0.582995
3549,1.40561e-10,2.41168
3550,1.47671e-11,0.483915
3551,1.25041e-10,1.55039
3552,2.40596e-11,-3.0673
3553,6.10437e-10,-0.89141
3554,4.95386e-12,-3.08427
3555,2.0807e-11,-0.25462
3556,5.13257e-11,2.23875
3557,5.26167e-12,0.339746
3558,1.49944e-11,0.74128
3559,1.79514e-11,0.504227
3560,1.73604e-11,-2.10533
3561,7.10685e-12,1.27876
3562,4.11681e-12,-1.24815
3563,6.55759e-12,2.20701
3564,2.08935e-11,1.70235
3565,3.01053e-11,1.75906
3566,5.88033e-11,-1.91494
3567,5.32464e-11,0.778809
3568,3.28311e-11,-2.83683
3569,1.42355e-11,-1.13171
3570,2.75545e-11,2.71156
3571,3.28013e-11,-0.429949
3572,7.39083e-12,1.39654
3573,6.26946e-11,0.913427
3574,1.23517e-10,2.37184
3575,3.77962e-11,-1.67228
3576,1.60471e-11,-2.96906
3577,2.30682e-11,0.00487354
3578,3.08409e-11,-0.827986
3579,2.65015e-11,-0.902473
3580,4.39228e-11,-3.12495
3581,9.52222e-11,-3.05565
3582,1.83643e-11,-1.36993
3583,2.24137e-11,2.38846
3584,1.57723e-11,0.491417
3585,8.58471e-12,-2.16021
3586,1.1341e-11,-2.11202
3587,1.67065e-11,-2.93676
3588,6.46789e-12,2.79224
3589,3.93322e-11,-2.87299
3590,1.72469e-11,2.18116
3591,1.27283e-11,1.4799
3592,2.09085e-11,-2.32269
3593,1.11209e-11,0.16874
3594,3.81678e-11,-0.957547
3595,2.66982e-11,1.65426
3596,3.785e-11,-0.894491
3597,3.04356e-11,0.0207304
3598,9.20296e-12,-0.566343
3599,1.25956e-10,-0.0690535
3600,1.72179e-11,2.31578
3601,1.31044e-11,1.88305
3602,2.65907e-11,0.137915
3603,8.1815e-11,3.00981
3604,2.31527e-11,0.570271
3605,2.03021e-12,1.03023
3606,1.35985e-11,0.705646
3607,1.05208e-10,-2.8733
3608,6.10786e-12,1.60924
3609,1.04669e-11,-0.211351
3610,1.81431e-11,-2.97972
3611,4.26792e-11,-1.89452
3612,8.04201e-11,2.13996
3613,3.46067e-11,-1.44682
3614,1.26569e-11,1.76795
3615,1.10988e-10,-2.33045
3616,3.6057e-12,2.17407
3617,6.67067e-11,-1.30362
3618,1.61276e-11,-2.16796
3619,5.16294e-12,-0.77847
3620,6.17376e-11,-1.42078
3621,1.66161e-11,-1.27388
3622,5.28298e-12,-1.49964
3623,2.75845e-11,-2.48447
3624,9.72617e-12,-2.15038
3625,6.99362e-11,0.461919
3626,2.25552e-11,-2.37897
3627,4.5381e-10,-2.62098
3628,8.03729e-12,-0.629357
3629,4.04822e-11,2.11235
3630,1.44729e-11,-0.67731
3631,1.47945e-11,-1.61148
3632,3.54036e-12,-1.3175
3633,9.11438e-11,-0.408998
3634,9.7739e-12,-1.58133
3635,3.60895e-11,-0.724854
3636,2.43683e-11,2.52184
3637,4.45955e-11,2.04808
3638,3.46917e-11,0.59596
3639,3.44924e-11,-1.81112
3640,2.55434e-11,1.65696
3641,2.66509e-11,1.67862
3642,3.20063e-11,0.997897
3643,4.41987e-11,2.58954
3644,5.48053e-12,-1.94023
3645,3.29387e-11,0.677611
3646,1.57161e-11,-3.0085
3647,2.90928e-11,-0.280333
3648,8.66985e-11,-1.87879
3649,1.37255e-11,-0.988598
3650,8.56588e-12,1.76978
3651,5.82443e-12,-0.650168
3652,2.90593e-12,-0.218686
3653,6.35851e-12,-0.565282
3654,1.10967e-11,-0.386408
3655,8.11014e-12,0.816348
3656,2.52783e-10,-0.696121
3657,7.25634e-11,-2.61979
3658,9.48703e-12,0.0493268
3659,2.66295e-11,-0.551915
3660,1.71624e-10,-1.5383
3661,6.66316e-12,-0.0511602
3662,1.05221e-11,0.282301
3663,1.25577e-11,0.799749
3664,3.03666e-11,0.1493
3665,1.10536e-11,-0.196713
3666,2.4266e-11,-1.73202
3667,8.12376e-11,-1.75963
3668,2.15941e-11,-0.107514
3669,9.78108e-12,-0.756632
3670,3.76654e-11,2.9928
3671,2.42467e-11,1.54465
3672,3.49166e-11,-2.63094
3673,4.62358e-10,1.47193
3674,1.09242e-11,1.78614
3675,5.38729e-10,-0.126796
3676,2.07094e-11,2.20039
3677,2.25033e-11,-2.19996
3678,2.86417e-11,1.49305
3679,1.44896e-11,1.65632
3680,2.15198e-11,2.99252
3681,1.04028e-10,0.777213
3682,1.34527e-11,-1.14055
3683,1.12318e-10,-1.7194
3684,9.79518e-12,2.03278
3685,6.92909e-12,-2.53471
3686,8.16789e-12,-1.91163
3687,8.37005e-11,-1.78839
3688,1.41537e-11,1.04624
3689,1.94356e-11,-2.89747
3690,3.97092e-10,2.16976
3691,3.08068e-12,2.35426
3692,1.3118e-11,0.949405
3693,2.5329e-11,-1.34691
3694,1.20463e-11,2.4344
3695,1.26803e-11,1.45047
3696,3.88791e-11,-1.71772
3697,7.66897e-12,-1.85209
3698,2.79529e-11,-0.540027
3699,2.42775e-11,-0.518314
3700,1.27168e-11,0.542945
3701,1.40502e-11,-2.95359
3702,1.65888e-11,1.21813
3703,1.15812e-10,1.67428
3704,1.61388e-11,2.45823
3705,4.4954e-11,-1.32593
3706,2.62794e-11,-0.711086
3707,1.85099e-11,0.765285
3708,2.98031e-11,1.65487
3709,7.68869e-12,-2.5989
3710,3.50515e-11,-2.03903
3711,7.35678e-12,2.91378
3712,1.18662e-11,-0.121852
3713,2.08765e-11,-0.783001
3714,3.75643e-11,-0.345156
3715,2.76368e-11,0.441466
3716,3.38367e-12,3.05695
3717,6.01766e-11,-1.42561
3718,2.29826e-11,-0.934482
3719,2.04839e-11,3.0146
3720,1.70939e-11,-1.776
3721,1.94656e-11,2.98663
3722,7.07847e-12,-2.35782
3723,1.33668e-11,1.2362
3724,1.67509e-11,-1.44705
3725,1.3645e-11,0.542866
3726,2.72641e-11,-2.96062
3727,9.80157e-11,1.86441
3728,1.10707e-10,1.0237
3729,3.40957e-11,2.50407
3730,5.61831e-12,-1.46383
3731,1.13159e-11,0.307082
3732,3.53677e-11,-1.14073
3733,1.94058e-11,0.982075
3734,1.84486e-11,-2.38443
3735,2.54658e-11,-2.4452
3736,7.01085e-12,-2.60911
3737,1.07881e-10,2.9051
3738,2.45604e-12,2.69236
3739,1.40981e-11,0.40652
3740,1.89009e-11,-1.64883
3741,1.78207e-11,0.693394
3742,1.94717e-11,0.0977746
3743,5.24484e-12,-0.0933003
3744,1.56922e-11,-2.11093
3745,3.04717e-11,1.03122
3746,2.93393e-11,0.809745
3747,2.81066e-11,1.7758
3748,1.18349e-11,1.68889
3749,5.90524e-11,0.500255
3750,2.7436e-11,1.11824
3751,1.74711e-11,-0.285787
3752,1.8911e-11,0.214834
3753,5.04677e-11,1.25391
3754,5.72698e-11,-0.603155
3755,7.25595e-12,-0.208196
3756,3.24043e-11,-1.18022
3757,3.43021e-11,2.54916
3758,2.20452e-11,1.71594
3759,1.4064e-11,2.37362
3760,7.56233e-12,2.81536
3761,1.73894e-10,2.23315
3762,2.52996e-11,-0.236108
3763,1.4347e-11,0.73385
3764,1.065e-11,1.78339
3765,6.60313e-12,0.874492
3766,7.20496e-11,2.86204
3767,1.4102e-11,1.20433
3768,8.7226e-12,-2.16549
3769,6.21799e-11,-1.3697
3770,1.03092e-10,-2.45698
3771,1.09479e-11,0.376838
3772,1.68806e-10,0.355079
3773,1.15484e-11,1.24042
3774,8.74221e-12,-2.44227
3775,1.10626e-10,1.1352
3776,1.5424e-11,-1.40991
3777,1.339e-11,1.62882
3778,1.66981e-11,2.86158
3779,4.62643e-12,1.69613
3780,4.42512e-11,-1.91796
3781,4.79677e-11,1.53837
3782,1.81539e-11,1.51512
3783,1.9065e-11,0.752983
3784,3.29087e-11,-2.25587
3785,4.12835e-11,-0.0459229
3786,1.21274e-11,-0.145163
3787,2.15385e-11,-0.402648
3788,1.33326e-11,-0.255055
3789,2.16494e-11,-0.752408
3790,3.42183e-11,-2.50423
3791,4.24205e-11,-2.45164
3792,1.88195e-11,2.91812
3793,1.46486e-11,-1.81887
3794,4.45792e-11,-2.0901
3795,4.34942e-11,-0.445406
3796,2.94077e-11,0.335587
3797,3.32903e-11,1.84649
3798,3.47124e-11,1.54621
3799,1.35786e-11,1.69443
3800,1.84339e-11,1.74095
3801,9.19268e-13,-1.57706
3802,1.80464e-11,2.8281
3803,4.06934e-11,-2.25513
3804,3.56449e-12,-1.87029
3805,9.79297e-11,2.17002
3806,4.54898e-11,-2.11928
3807,1.55815e-11,1.83031
3808,9.85909e-11,-2.70452
3809,1.46769e-11,-0.589087
3810,4.7923e-11,0.424371
3811,5.43212e-12,-2.71505
3812,1.27659e-12,1.87424
3813,4.05338e-11,-0.381513
3814,2.97995e-11,0.543421
3815,3.15144e-12,1.22241
3816,6.3545e-12,-2.22567
3817,7.26104e-12,2.21209
3818,3.13279e-11,2.50541
3819,2.97021e-11,1.03677
3820,9.72875e-11,-1.42012
3821,8.29828e-11,-0.761892
3822,3.49424e-12,-2.23888
3823,2.22379e-10,-3.02632
3824,9.23979e-12,1.34043
3825,2.41253e-11,2.80104
3826,1.6872e-11,2.26186
3827,3.31053e-11,1.23543
3828,1.31857e-11,-0.841732
3829,4.33682e-11,-2.64257
3830,3.9078e-11,0.437466
3831,1.98785e-11,-1.6422
3832,7.1303e-12,2.10363
3833,1.59686e-11,2.48953
3834,6.4936e-12,2.17785
3835,3.58861e-11,-0.263575
3836,8.81497e-12,3.02129
3837,1.90895e-11,1.32031
3838,1.99109e-11,0.778376
3839,8.60532e-11,-2.85674
3840,1.57333e-11,2.17434
3841,1.10031e-11,0.826866
3842,2.46818e-11,-1.43124
3843,1.1077e-11,-1.48572
3844,1.00873e-11,-2.2339
3845,9.88159e-10,2.70575
3846,1.563e-11,-0.358037
3847,2.01124e-11,0.592268
3848,8.76287e-11,-0.437805
3849,5.46961e-11,-2.33624
3850,1.19969e-11,1.48201
3851,2.11565e-11,2.96792
3852,5.90806e-12,3.078
3853,1.7791e-11,3.04401
3854,5.28223e-11,3.04591
3855,1.06305e-11,-1.42596
3856,1.35632e-11,2.90699
3857,4.29084e-12,-1.77407
3858,1.15604e-11,-3.01433
3859,4.95707e-11,1.07384
3860,4.746e-11,2.60256
3861,5.32074e-11,0.148628
3862,3.40567e-11,3.02579
3863,7.43614e-12,2.38402
3864,6.66912e-11,-2.47259
3865,2.37583e-11,0.257964
3866,3.3138e-11,1.58827
3867,7.18894e-11,1.86106
3868,1.59861e-11,1.83878
3869,8.48732e-12,-0.589795
3870,5.19805e-11,2.40146
3871,3.69058e-11,-0.382547
3872,4.02369e-12,-3.10321
3873,1.57499e-11,1.08025
3874,9.7444e-12,-3.01216
3875,6.37231e-11,-2.70861
3876,1.21793e-11,2.26131
3877,1.14566e-11,-0.0842578
3878,4.11138e-11,0.231373
3879,1.35116e-11,-2.24895
3880,8.81158e-12,-2.54023
3881,3.84493e-11,2.14331
3882,8.1751e-12,2.92525
3883,3.3588e-11,-3.03474
3884,2.40083e-10,-0.146361
3885,2.67842e-11,-1.5121
3886,1.19854e-11,1.98487
3887,1.46974e-11,0.0507719
3888,1.88253e-11,-0.944086
3889,4.0022e-11,-0.687265
3890,3.23776e-11,-1.72845
3891,1.28373e-11,0.688379
3892,1.09227e-11,-0.0876712
3893,1.91874e-11,-2.33302
3894,1.61764e-11,2.47702
3895,1.27471e-11,0.311158
3896,2.91711e-11,-3.09461
3897,1.19391e-11,1.78505
3898,1.33824e-11,1.77882
3899,1.28536e-11,-1.69992
3900,2.15629e-10,-2.50166
3901,2.66147e-11,1.62633
3902,9.75048e-12,0.890409
3903,1.8004e-11,1.61525
3904,1.29389e-11,-2.42855
3905,2.94777e-11,1.9624
3906,2.51153e-10,-1.88174
3907,2.01542e-11,2.05749
3908,5.22161e-11,1.20113
3909,1.07973e-11,1.77592
3910,2.40349e-11,1.81111
3911,6.84238e-11,-1.27186
3912,3.42392e-11,-1.94664
3913,7.79183e-11,-2.50215
3914,9.57368e-12,1.84595
3915,1.34022e-11,-2.45345
3916,4.82379e-12,3.08585
3917,2.37533e-11,2.97864
3918,4.71958e-12,-1.61085
3919,5.75166e-11,-2.8803
3920,1.41581e-11,-2.88824
3921,4.03956e-11,2.30727
3922,5.8068e-12,2.71187
3923,8.09658e-11,0.481798
3924,3.83079e-11,-1.0226
3925,8.77261e-12,-0.119559
3926,6.20146e-11,-2.70625
3927,1.53001e-11,-2.49185
3928,1.30962e-10,2.49823
3929,1.26175e-11,0.0636071
3930,3.79213e-11,2.40398
3931,3.1769e-11,2.73202
3932,2.57089e-11,-2.76142
3933,2.16718e-11,-2.76269
3934,3.57656e-11,1.91541
3935,1.61369e-11,2.07767
3936,1.12313e-11,1.57937
3937,1.03139e-11,1.0508
3938,1.77778e-11,2.33844
3939,4.6072e-11,1.45422
3940,1.00932e-11,-0.638829
3941,1.35336e-10,0.476545
3942,4.32045e-12,-2.95813
3943,6.35541e-11,1.41607
3944,1.47186e-11,0.931183
3945,4.01272e-12,1.5819
3946,8.62337e-12,-2.64135
3947,4.78834e-11,0.808811
3948,1.19329e-11,-2.32158
3949,3.06377e-11,2.96642
3950,1.06769e-11,-0.668688
3951,7.2433e-11,-1.5631
3952,6.07364e-11,2.80374
3953,6.70607e-11,1.34677
3954,3.10588e-11,0.90571
3955,1.47447e-11,-0.460235
3956,1.7815e-11,1.87643
3957,1.09543e-10,-2.12253
3958,4.8341e-11,-0.809214
3959,3.08337e-11,2.13616
3960,1.00859e-11,-3.09759
3961,2.17163e-11,0.190557
3962,2.5386e-11,-1.69048
3963,2.07817e-11,-1.11259
3964,9.58728e-12,-2.97785
3965,7.87959e-12,-1.10679
3966,1.03574e-11,2.12866
3967,3.83718e-11,0.582815
3968,4.16682e-12,0.72529
3969,1.05611e-11,0.353954
3970,3.19919e-11,2.9949
3971,2.22781e-11,-1.99919
3972,4.64978e-11,-2.49659
3973,6.63517e-11,2.50756
3974,4.44511e-12,-1.53881
3975,3.8041e-11,-0.0802436
3976,1.1586e-11,2.8967
3977,6.97014e-11,0.777624
3978,7.57698e-12,0.589071
3979,2.86447e-11,-1.96663
3980,5.07114e-12,1.94758
3981,1.05901e-11,0.687868
3982,4.36172e-11,0.747533
3983,1.80972e-11,-2.63583
3984,1.73423e-11,0.440972
3985,3.20147e-11,-0.15645
3986,3.91964e-12,-2.55617
3987,9.70554e-12,0.86438
3988,1.91901e-11,-2.89271
3989,2.07853e-11,2.47293
3990,1.79966e-10,1.91847
3991,9.61523e-11,-1.38944
3992,2.9889e-11,-3.00344
3993,3.26616e-11,-2.94063
3994,1.82155e-11,1.44886
3995,6.18624e-11,2.17414
3996,1.76104e-11,2.39713
3997,3.71633e-11,-2.25099
3998,8.84811e-12,-0.911763
3999,1.13601e-11,2.82005
4000,6.11008e-12,1.33444
4001,4.4327e-11,-3.05903
4002,3.12609e-11,-1.92481
4003,7.9467e-12,0.818617
4004,1.79117e-11,0.453241
4005,2.94822e-11,2.30614
4006,3.64717e-11,-1.5751
4007,1.74702e-11,-1.7198
4008,2.72601e-11,1.80967
4009,2.91212e-11,-2.9244
4010,4.13534e-11,1.53928
4011,1.02257e-11,2.60488
4012,5.49849e-11,-0.983299
4013,1.25612e-11,-0.712271
4014,5.40047e-11,0.886955
4015,5.3495e-11,-0.40136
4016,5.2747e-11,2.31439
4017,3.39369e-11,0.635549
4018,1.87768e-11,2.64998
4019,2.88301e-11,1.60159
4020,5.40887e-11,1.45179
4021,2.01498e-11,1.70089
4022,8.0174e-12,2.83878
4023,6.37828e-12,2.07089
4024,1.16983e-11,2.61498
4025,1.08747e-10,-2.02486
4026,6.66558e-11,-0.156113
4027,1.85675e-11,0.424704
4028,3.55443e-11,-2.23016
4029,5.27823e-12,-2.80102
4030,8.1987e-12,2.19485
4031,6.82884e-11,-0.197008
4032,1.06387e-10,2.57997
4033,2.23931e-11,1.06725
4034,6.07215e-12,3.13668
4035,5.54244e-11,-2.83933
4036,1.37861e-11,2.5107
4037,1.48565e-11,2.47323
4038,2.55141e-11,0.327781
4039,1.03678e-10,1.92662
4040,1.51014e-11,1.00373
4041,9.58276e-12,0.369127
4042,7.89029e-12,0.986092
4043,3.35177e-11,1.68777
4044,1.25468e-11,-3.03915
4045,8.61925e-12,-2.88809
4046,5.34901e-11,-2.55931
4047,1.46366e-11,-2.20994
4048,1.22436e-11,2.39378
4049,9.4808e-12,2.38513
4050,1.65507e-11,-2.80767
4051,4.37566e-11,-1.42913
4052,6.81829e-12,2.50273
4053,1.40605e-11,0.23816
4054,5.87096e-11,-2.92479
4055,7.1382e-12,-1.80851
4056,1.93686e-11,0.15761
4057,4.24365e-11,2.83544
4058,4.63242e-11,-2.08626
4059,1.00893e-11,-2.17968
4060,8.33657e-12,2.17516
4061,4.55024e-11,2.31131
4062,2.21569e-11,-0.0822385
4063,5.34078e-12,1.98551
4064,2.67647e-11,-0.06705
4065,6.04057e-11,-0.86274
4066,3.89413e-11,2.13517
4067,1.91252e-11,0.395197
4068,4.17577e-12,0.77526
4069,1.00693e-11,2.67092
4070,1.14855e-11,-0.741093
4071,1.68496e-11,-0.798235
4072,2.45573e-11,2.36576
4073,3.65608e-11,1.84956
4074,1.44606e-11,-3.0206
4075,3.22652e-12,-1.85951
4076,8.76364e-11,-0.798409
4077,3.31704e-11,-1.9636
4078,2.77465e-11,2.95653
4079,3.08857e-11,2.8961
4080,1.01163e-11,-1.4716
4081,2.32735e-11,2.50651
4082,1.63411e-11,-2.20293
4083,1.16295e-12,-0.385589
4084,8.63183e-11,2.15541
4085,1.56416e-10,0.41249
4086,5.13105e-11,-2.5721
4087,4.00063e-11,0.19416
4088,1.48405e-11,-2.52131
4089,1.41649e-10,3.13037
4090,5.68681e-11,-0.293
4091,1.94753e-11,1.53662
4092,4.87555e-11,-1.42123
4093,2.72976e-11,1.79233
4094,1.84408e-10,-2.11854
4095,1.20857e-11,1.599
4096,1.93747e-11,3.02135
4097,3.68262e-11,0.119771
4098,1.77068e-11,2.0685
4099,2.21146e-11,-2.83643
4100,9.44278e-12,0.501791
4101,2.5703e-11,-0.675275
4102,3.568e-11,-1.61925
4103,6.03199e-11,2.76709
4104,2.4431e-11,-1.39801
4105,1.86531e-11,2.3152
4106,6.61881e-11,-2.51839
4107,1.82751e-11,-2.43837
4108,1.39578e-11,-2.54538
4109,2.2856e-11,-1.3711
4110,4.1121e-11,1.97537
4111,5.10276e-11,2.16381
4112,2.26122e-11,2.75249
4113,3.82902e-10,-2.13553
4114,8.17219e-12,1.47873
4115,5.40945e-12,2.35142
4116,2.5031e-11,1.05698
4117,5.58817e-11,1.719
4118,1.30435e-11,-1.564
4119,2.31521e-11,-0.193866
4120,2.42174e-12,0.541887
4121,1.00415e-11,-2.69044
4122,3.88774e-12,0.408877
4123,3.64813e-11,-1.87078
4124,4.9694e-11,2.28245
4125,3.93443e-11,-2.67474
4126,2.18658e-12,1.95756
4127,2.46822e-10,1.64532
4128,5.15192e-11,-2.50061
4129,6.26618e-12,3.04397
4130,1.66157e-11,2.28673
4131,8.52386e-11,1.9016
4132,4.39245e-11,2.35131
4133,1.49547e-11,-0.695212
4134,8.8418e-11,2.1539
4135,3.86509e-11,1.34285
4136,4.16644e-12,-1.57767
4137,1.31535e-11,2.64804
4138,2.52021e-11,1.20666
4139,8.16694e-11,-3.06369
4140,1.09905e-10,1.4987
4141,1.91676e-11,0.0824199
4142,9.18293e-12,-1.70807
4143,2.80436e-11,2.30026
4144,3.35521e-11,1.04192
4145,9.8768e-12,0.415458
4146,2.14302e-11,-1.48073
4147,2.23121e-11,-1.54514
4148,9.74935e-12,-0.974887
4149,2.76656e-11,-2.10278
4150,2.40724e-11,2.73536
4151,3.78199e-11,2.96239
4152,7.80967e-12,0.496434
4153,4.2993e-11,2.71634
4154,7.33748e-10,2.94038
4155,9.78643e-12,-1.43488
4156,3.43425e-11,2.0997
4157,1.10486e-10,-0.796001
4158,3.01033e-11,2.94363
4159,2.80487e-11,1.95685
4160,4.7996e-10,-1.37711
4161,3.92421e-11,-1.72582
4162,5.72133e-11,2.2407
4163,1.84114e-11,-1.81423
4164,2.57143e-11,-2.1473
4165,1.65252e-10,-2.01029
4166,1.10939e-11,-2.73025
4167,1.40794e-11,3.0302
4168,3.38701e-11,2.06557
4169,5.064e-11,0.67942
4170,1.82008e-11,-3.06953
4171,1.27832e-11,-2.79462
4172,9.51717e-12,0.0877072
4173,2.01434e-11,-1.72124
4174,2.15881e-11,-2.94872
4175,1.85909e-11,-2.17391
4176,1.11831e-10,-1.24899
4177,3.66466e-11,2.12449
4178,6.07515e-11,1.06056
4179,1.56599e-11,-1.89224
4180,2.51303e-11,1.23696
4181,8.56773e-11,2.13155
4182,1.72244e-11,-3.00663
4183,1.91837e-11,2.54476
4184,5.64467e-11,2.08869
4185,2.87685e-11,-2.03275
4186,1.78812e-11,-2.55399
4187,2.19802e-11,3.02987
4188,5.61734e-12,-1.46715
4189,1.19355e-11,-1.48462
4190,2.79163e-11,2.05175
4191,1.70823e-10,-2.71652
4192,1.53336e-11,-2.82222
4193,4.67504e-10,1.63779
4194,3.10427e-11,2.10884
4195,2.45615e-12,0.819465
4196,1.55749e-11,-2.44029
4197,4.19879e-11,-1.11423
4198,4.91493e-12,2.05279
4199,5.48433e-11,2.30608
4200,2.41724e-10,-2.41165
4201,7.82489e-11,0.726501
4202,7.7903e-12,2.69269
4203,1.89009e-11,1.79908
4204,2.12706e-11,-1.16125
4205,3.67154e-12,1.48439
4206,3.43081e-10,1.45859
4207,4.27633e-11,3.07279
4208,5.48588e-11,2.59025
4209,4.46391e-11,2.48755
4210,6.03728e-12,2.34588
4211,2.2108e-11,-2.79056
4212,4.24627e-11,2.24769
4213,2.5628e-11,-0.0147627
4214,2.48134e-12,0.444991
4215,1.36242e-11,2.76618
4216,2.49381e-11,-1.49411
4217,3.0685e-10,2.5656
4218,5.65255e-11,0.679919
4219,2.65017e-11,2.5243
4220,6.3491e-11,0.792088
4221,8.85155e-11,-1.22822
4222,9.27574e-11,1.15795
4223,3.82082e-11,2.58296
4224,8.7365e-12,2.07249
4225,1.61319e-10,-0.490514
4226,1.05454e-10,2.17929
4227,7.18351e-12,-1.8555
4228,7.13767e-11,1.87665
4229,4.09539e-11,-1.3096
4230,3.95514e-11,1.49858
4231,8.77125e-12,2.55387
4232,6.59032e-12,-0.237579
4233,2.59022e-11,1.07678
4234,1.71567e-11,3.12741
4235,1.3768e-11,-0.464152
4236,1.93962e-10,-0.794561
4237,2.5273e-11,2.61422
4238,1.18917e-11,2.26503
4239,2.98146e-11,-1.27528
4240,3.80103e-11,2.74208
4241,3.91163e-11,-2.28384
4242,3.7217e-11,0.476331
4243,2.13831e-11,-2.13649
4244,3.77097e-11,2.93137
4245,2.4215e-11,1.93594
4246,3.21058e-11,-1.88374
4247,1.2039e-11,3.09958
4248,3.47135e-11,2.83078
4249,3.72227e-11,2.15686
4250,9.15099e-12,0.603345
4251,3.98594e-11,-2.59449
4252,1.56727e-11,3.05687
4253,3.54054e-11,-2.38005
4254,4.81543e-11,0.911996
4255,2.89804e-11,0.170612
4256,5.60224e-11,-1.92268
4257,1.40178e-11,2.95882
4258,2.31508e-11,-1.54544
4259,5.16199e-11,-1.75327
4260,1.15257e-11,2.85935
4261,4.18368e-11,2.14693
4262,5.47985e-11,1.15333
4263,4.71204e-11,-2.94691
4264,1.17689e-11,1.46276
4265,2.44299e-11,-3.13986
4266,2.53373e-11,-2.2606
4267,5.56047e-12,0.602528
4268,1.66857e-12,0.262692
4269,3.04786e-11,-2.88808
4270,2.4707e-11,-3.01924
4271,1.3269e-11,2.00606
4272,7.73742e-12,-2.69701
4273,5.94841e-12,-0.747125
4274,2.33131e-11,-2.28217
4275,1.70065e-11,-2.79689
4276,2.32422e-11,2.32193
4277,2.77019e-11,-0.410283
4278,8.2432e-11,0.534409
4279,4.57037e-11,1.62746
4280,6.18546e-11,-1.02159
4281,2.06604e-11,2.33001
4282,4.9921e-11,2.76498
4283,3.1295e-11,-2.0178
4284,2.42058e-11,-2.52169
4285,4.53128e-11,-2.76069
4286,2.4363e-11,-2.91307
4287,2.98879e-11,-2.90321
4288,3.80284e-11,-2.62424
4289,2.91593e-11,1.16531
4290,1.01793e-10,-1.43505
4291,1.16788e-10,2.78181
4292,5.0831e-11,-1.74763
4293,1.61474e-11,0.559219
4294,2.14853e-11,0.314584
4295,1.00771e-10,-3.11078
4296,1.52773e-10,0.197593
4297,6.06233e-11,-0.189933
4298,3.01652e-11,1.53443
4299,9.37722e-12,-2.64475
4300,1.00115e-10,2.63007
4301,7.37254e-11,2.01638
4302,6.45213e-11,-2.94105
4303,4.50221e-11,1.09533
4304,2.79345e-11,-2.41374
4305,2.92369e-11,2.52028
4306,1.44996e-11,-1.82047
4307,1.28799e-10,-0.840364
4308,4.2227e-11,-2.40681
4309,9.44096e-11,1.98772
4310,3.73232e-11,2.96352
4311,4.93368e-11,2.34593
4312,1.11835e-10,-2.60072
4313,3.20629e-11,2.4312
4314,3.64839e-11,2.5075
4315,9.8775e-12,0.210963
4316,1.17256e-11,0.635921
4317,4.5096e-11,-2.02937
4318,2.06649e-11,-1.95098
4319,1.25462e-11,2.54659
4320,2.53945e-11,1.83346
4321,5.53946e-11,2.52069
4322,1.69222e-11,2.70614
4323,3.77262e-11,-0.40058
4324,8.49738e-11,-2.9482
4325,6.55507e-11,0.84966
4326,3.14345e-11,1.28419
4327,5.46436e-11,0.510146
4328,3.65458e-11,-2.40301
4329,3.03129e-11,2.70209
4330,9.65382e-12,1.40215
4331,4.50809e-11,2.8535
4332,7.51773e-11,2.44894
4333,2.74949e-11,1.21405
4334,1.76384e-11,0.0634475
4335,7.85477e-11,-1.35612
4336,2.58175e-11,1.50123
4337,8.76856e-11,-2.36845
4338,2.87656e-11,2.75106
4339,5.42359e-11,-3.10623
4340,7.80795e-11,1.20493
4341,4.88616e-11,2.75373
4342,6.14048e-11,0.728268
4343,3.85725e-11,1.56009
4344,2.40714e-11,2.50719
4345,9.70506e-11,-2.93003
4346,3.17284e-11,-2.74531
4347,5.44293e-11,-2.20234
4348,2.04743e-11,-2.54652
4349,4.90568e-11,2.66786
4350,1.56222e-12,1.00885
4351,3.22874e-11,2.7322
4352,7.00663e-11,-0.315167
4353,2.9834e-11,1.82045
4354,6.28922e-11,1.31483
4355,5.40523e-11,2.23703
4356,6.93319e-12,-2.29326
4357,1.88356e-11,-1.92724
4358,3.24507e-11,2.78342
4359,4.7095e-11,3.0642
4360,4.58331e-11,-2.23562
4361,3.13378e-11,-1.78849
4362,4.54858e-12,2.76139
4363,3.66729e-11,1.73503
4364,1.02664e-10,-1.88504
4365,2.76893e-11,-2.5479
4366,1.69965e-10,-2.77336
4367,7.36362e-11,2.99846
4368,9.84319e-11,-1.15975
4369,4.19464e-11,2.57598
4370,1.53709e-10,-1.18987
4371,1.94177e-11,-2.63467
4372,2.71756e-11,-1.30829
4373,3.91335e-11,2.53742
4374,4.12549e-11,2.99929
4375,5.12769e-11,2.89245
4376,4.33021e-11,2.79518
4377,5.05995e-11,2.90591
4378,9.26196e-12,1.70709
4379,9.07018e-11,-2.08824
4380,3.1106e-11,-3.01766
4381,3.77742e-11,-1.77553
4382,2.81689e-11,1.57947
4383,5.86085e-11,2.17747
4384,3.82431e-11,2.62801
4385,3.95464e-11,1.40503
4386,6.22698e-11,2.58538
4387,1.77466e-10,-2.13977
4388,1.30471e-10,-1.53112
4389,4.21698e-11,-2.83125
4390,3.13042e-11,2.09571
4391,5.39785e-11,-2.6884
4392,3.59825e-11,2.12141
4393,1.65098e-11,1.71578
4394,3.35021e-11,-2.08868
4395,9.91152e-12,0.547259
4396,3.80278e-11,3.06358
4397,3.45065e-11,2.81015
4398,3.2774e-11,-2.59514
4399,4.13581e-11,2.263
4400,6.08437e-11,1.10108
4401,3.60198e-11,-3.05927
4402,7.41606e-11,0.885491
4403,4.22217e-11,-0.780858
4404,5.39174e-11,2.34357
4405,1.71406e-11,0.0136235
4406,2.63309e-10,0.698026
4407,8.38633e-11,3.03583
4408,1.50111e-11,2.1502
4409,3.39524e-11,2.70003
4410,4.27552e-11,2.88907
4411,3.34694e-11,1.8498
4412,7.10913e-11,3.10893
4413,2.7732e-11,1.16062
4414,1.66058e-11,1.31353
4415,3.46621e-11,1.9674
4416,1.92049e-11,3.04168
4417,1.43742e-10,1.47329
4418,2.05219e-11,-2.53382
4419,3.09681e-11,2.62799
4420,1.57611e-10,-0.957031
4421,4.02472e-11,2.64427
4422,2.19093e-11,-2.83426
4423,1.84711e-11,2.95829
4424,7.05445e-11,-2.63303
4425,3.59261e-11,2.74676
4426,1.55901e-11,-1.89659
4427,7.94123e-11,-2.7751
4428,4.35397e-11,-2.93809
4429,4.21891e-11,2.52847
4430,6.06611e-11,1.78581
4431,2.57862e-11,2.03765
4432,3.48949e-11,1.35239
4433,1.74755e-11,0.381419
4434,3.08783e-11,-2.67113
4435,9.43631e-12,2.90711
4436,5.63625e-11,-3.02411
4437,1.72879e-11,0.47359
4438,6.06052e-11,-2.10033
4439,2.45851e-11,2.78918
4440,7.08564e-11,2.8581
4441,2.5786e-11,2.88158
4442,1.94783e-10,-2.41568
4443,8.01946e-11,2.29412
4444,1.21953e-11,-2.96555
4445,7.34015e-11,-1.98171
4446,2.95649e-11,2.74306
4447,2.93975e-11,2.48629
4448,1.01623e-10,-2.64708
4449,1.51395e-11,2.45249
4450,1.72149e-11,2.79358
4451,6.02788e-11,2.30309
4452,5.34357e-11,-2.77121
4453,3.3842e-10,-1.27182
4454,5.21699e-11,-3.01668
4455,1.61184e-11,-2.86636
4456,5.97335e-11,-1.28424
4457,1.74403e-11,-3.10008
4458,9.04006e-11,-0.108174
4459,1.51341e-10,0.779969
4460,3.79358e-11,-2.31593
4461,5.51266e-11,2.66776
4462,5.26343e-11,-1.50112
4463,3.13685e-11,-2.40149
4464,3.04078e-11,-1.70444
4465,2.79259e-11,-2.60362
4466,3.2707e-11,1.84116
4467,2.87412e-11,3.01392
4468,3.01811e-11,-0.239899
4469,6.13033e-11,2.4254
4470,9.02719e-11,-2.73722
4471,4.15205e-11,-2.78132
4472,1.42074e-11,1.00952
4473,2.87397e-11,2.55881
4474,1.05042e-10,2.52626
4475,3.3092e-11,2.98789
4476,4.34272e-11,-3.06905
4477,2.55482e-11,0.20932
4478,1.04694e-10,2.49139
4479,2.74314e-11,2.89894
4480,9.04027e-12,-3.02571
4481,2.99294e-11,-2.06436
4482,1.89424e-11,-2.9765
4483,4.35609e-11,-2.4308
4484,5.29291e-11,2.8738
4485,1.09386e-10,-2.34349
4486,3.05129e-10,-2.91688
4487,3.21383e-11,2.71017
4488,8.63458e-11,-3.02758
4489,5.99002e-11,-2.93533
4490,6.12706e-11,-2.53404
4491,1.42343e-10,2.53145
4492,2.75728e-11,2.01754
4493,8.71929e-11,2.9561
4494,1.16963e-10,2.51414
4495,7.40635e-11,2.82022
4496,1.85499e-10,-2.13899
4497,6.30231e-11,3.07974
4498,6.45177e-11,-2.67541
4499,2.41298e-11,2.0955
4500,5.05453e-11,-2.52189
4501,4.71649e-11,3.05989
4502,2.40339e-11,2.64854
4503,4.43589e-11,2.72816
4504,3.93812e-11,3.05307
4505,5.74562e-11,-2.6579
4506,4.12743e-11,2.62368
4507,9.07411e-11,-2.92861
4508,5.42643e-11,0.935838
4509,4.83089e-11,3.1197
4510,6.17304e-11,-3.00449
4511,5.18868e-11,-2.65141
4512,1.01397e-10,2.15694
4513,8.53899e-11,2.57906
4514,4.56925e-11,2.4616
4515,1.02376e-10,-2.89871
4516,6.81316e-11,2.58872
4517,4.9963e-11,3.09427
4518,6.74368e-11,3.10581
4519,2.45259e-10,-2.88618
4520,6.55746e-11,1.76339
4521,2.32343e-11,-2.94467
4522,8.35277e-11,2.39634
4523,1.56481e-10,1.88563
4524,2.05831e-10,-2.86445
4525,1.72391e-11,2.27399
4526,5.02695e-11,2.30743
4527,5.14622e-11,-2.92277
4528,6.60019e-11,2.6194
4529,5.55791e-11,2.5616
4530,8.84976e-11,3.1334
4531,9.01883e-11,2.36893
4532,8.17961e-11,2.35155
4533,3.73785e-11,3.00031
4534,6.13201e-11,3.12702
4535,6.5914e-11,2.55187
4536,6.0163e-11,-2.96257
4537,1.01445e-10,-2.9736
4538,1.71107e-10,-1.2264
4539,9.52399e-11,2.66251
4540,6.92728e-11,2.96449
4541,9.11225e-11,-2.98986
4542,9.23613e-11,3.00938
4543,8.78998e-11,2.72951
4544,1.16426e-10,2.52975
4545,1.00706e-10,3.02539
4546,9.3231e-11,2.61646
4547,7.00301e-11,3.11345
4548,8.73044e-11,2.98184
4549,1.18661e-10,2.80938
4550,5.19961e-11,2.26473
4551,6.48717e-11,3.02679
4552,5.78911e-10,-0.513553
4553,5.91726e-10,2.8165
4554,7.91482e-11,-2.95379
4555,7.05154e-11,2.97571
4556,7.52169e-11,-2.83383
4557,1.1452e-10,2.93413
4558,6.9719e-11,-2.97118
4559,1.28196e-10,3.11976
4560,8.00836e-11,2.57576
4561,5.53476e-11,2.98034
4562,7.37632e-11,-2.71939
4563,7.91762e-11,-3.12753
4564,9.52502e-11,2.26317
4565,7.43468e-11,2.80337
4566,8.4684e-11,2.83968
4567,1.06469e-10,2.25968
4568,2.204e-10,-1.47403
4569,9.12881e-11,2.96201
4570,9.49653e-11,2.94679
4571,1.29331e-10,2.38341
4572,1.44016e-10,-3.08371
4573,1.2767e-10,-2.8446
4574,1.11398e-10,2.40046
4575,8.26101e-11,-3.1212
4576,9.86271e-11,2.94513
4577,8.52982e-11,3.08326
4578,9.2406e-11,3.09989
4579,8.29932e-11,2.92511
4580,9.92137e-11,3.084
4581,1.6515e-10,-2.90312
4582,2.09828e-10,-2.83964
4583,2.06679e-11,1.81349
4584,1.25397e-10,2.7109
4585,4.58348e-11,-2.86246
4586,1.12296e-10,-3.09981
4587,1.21405e-10,2.41275
4588,1.32659e-10,-2.96333
4589,7.24109e-11,2.85117
4590,8.12213e-11,-2.95405
4591,1.30094e-10,2.91476
4592,1.17894e-10,-3.05338
4593,1.10258e-10,3.11575
4594,1.14679e-10,2.99819
4595,9.91064e-11,3.10186
4596,1.27226e-10,3.06923
4597,1.02933e-10,2.79001
4598,1.52126e-10,2.68046
4599,1.51586e-10,2.75949
4600,1.08328e-10,-2.58637
4601,1.06197e-10,2.91822
4602,9.4148e-11,2.90511
4603,1.37896e-10,3.05535
4604,1.33686e-10,3.0683
4605,1.70098e-10,3.05865
4606,8.60291e-11,3.01467
4607,1.24078e-10,3.02454
4608,1.19122e-10,2.97181
4609,1.65005e-10,2.98131
4610,1.12407e-10,3.06201
4611,1.37111e-10,2.85307
4612,1.43076e-10,2.84188
4613,1.58966e-10,3.02973
4614,1.56917e-10,3.02319
4615,1.53262e-10,3.06996
4616,1.40416e-10,3.05058
4617,1.9569e-10,3.11234
4618,1.44678e-10,2.79525
4619,1.21857e-10,2.92584
4620,1.45196e-10,-2.80973
4621,1.89604e-10,2.7056
4622,6.00994e-11,-3.08634
4623,1.76694e-10,-2.72871
4624,1.56148e-10,2.98726
4625,4.02273e-10,2.8989
4626,2.33527e-10,-3.02142
4627,1.43683e-10,-3.11472
4628,1.76538e-10,-2.95051
4629,1.46971e-10,3.08738
4630,1.51503e-10,3.07967
4631,1.4736e-10,-3.10022
4632,1.69766e-10,2.88613
4633,2.39567e-10,2.74334
4634,1.55623e-10,3.08724
4635,6.79855e-10,-3.09987
4636,1.53256e-10,3.1321
4637,1.60908e-10,2.71857
4638,1.48681e-10,3.04554
4639,1.39672e-10,2.89043
4640,1.79325e-10,3.02055
4641,1.84785e-10,2.81429
4642,2.16787e-10,3.07809
4643,1.81067e-10,3.12244
4644,2.13129e-10,2.65118
4645,1.69962e-10,2.78495
4646,2.00103e-10,3.03051
4647,1.28819e-10,2.52106
4648,1.93784e-10,2.94146
4649,2.04437e-10,3.01267
4650,2.03023e-10,2.74923
4651,2.31551e-10,2.85547
4652,1.94816e-10,2.67486
4653,2.08158e-10,2.95262
4654,2.27554e-10,2.75803
4655,2.17484e-10,-2.67574
4656,1.94979e-10,3.10772
4657,1.98315e-10,2.90218
4658,8.62913e-11,-2.18108
4659,3.43505e-10,2.57352
4660,2.32923e-10,2.961
4661,2.4322e-10,3.1264
4662,2.54602e-10,2.98523
4663,2.34995e-10,2.95665
4664,2.46655e-10,2.97918
4665,2.62546e-10,-3.10713
4666,2.76369e-10,-2.97099
4667,2.03563e-10,2.92878
4668,2.43039e-10,-3.10826
4669,2.2707e-10,2.95635
4670,3.08315e-10,2.90767
4671,2.72711e-10,3.02175
4672,2.61153e-10,-3.13876
4673,2.21854e-10,3.00829
4674,2.72614e-10,3.01801
4675,2.63175e-10,3.06038
4676,2.4328e-10,3.1389
4677,2.19095e-10,-2.92179
4678,3.91615e-10,-2.61219
4679,3.34056e-10,-3.10787
4680,3.11341e-10,3.00089
4681,3.20311e-10,3.06608
4682,2.92216e-10,3.02576
4683,4.65903e-10,2.76559
4684,2.88243e-10,3.05252
4685,3.19259e-10,-2.96336
4686,3.40358e-10,-3.13016
4687,3.035e-10,-3.12791
4688,4.22751e-10,-3.09853
4689,3.326e-10,3.08863
4690,3.14913e-10,3.05945
4691,3.25223e-10,3.09668
4692,3.23348e-10,3.13422
4693,5.16628e-10,2.87413
4694,3.41571e-10,2.88656
4695,3.47593e-10,3.04469
4696,3.06711e-10,3.07609
4697,3.82942e-10,3.02647
4698,3.47276e-10,2.9542
4699,1.91247e-10,2.85905
4700,3.92435e-10,2.96427
4701,3.81059e-10,3.06925
4702,3.78849e-10,2.99769
4703,3.55101e-10,3.10183
4704,3.79798e-10,2.97112
4705,3.76327e-10,2.98468
4706,3.96213e-10,3.10836
4707,4.07188e-10,-3.11629
4708,4.69492e-10,-3.13357
4709,3.91309e-10,2.89977
4710,4.44778e-10,3.08199
4711,4.62437e-10,3.03876
4712,4.20316e-10,3.06902
4713,4.31695e-10,3.1058
4714,4.28578e-10,3.0272
4715,4.59733e-10,3.04914
4716,4.81244e-10,3.02673
4717,4.20229e-10,3.0027
4718,4.95595e-10,3.09881
4719,4.66256e-10,3.0399
4720,4.85509e-10,3.00475
4721,4.56988e-10,-3.11775
4722,4.90351e-10,-3.1179
4723,5.01094e-10,3.02083
4724,5.08823e-10,2.88579
4725,4.96871e-10,2.92481
4726,5.6879e-10,3.00223
4727,5.62847e-10,3.08895
4728,5.41466e-10,2.97962
4729,5.50145e-10,2.99565
4730,5.56453e-10,3.072
4731,6.68853e-10,2.98086
4732,6.16042e-10,3.10471
4733,4.52245e-10,2.96381
4734,6.07081e-10,2.98011
4735,5.96887e-10,3.0885
4736,6.11377e-10,3.01617
4737,6.36482e-10,3.05187
4738,6.36121e-10,3.05757
4739,6.90105e-10,3.06485
4740,6.46909e-10,3.02748
4741,7.03397e-10,3.04984
4742,6.94767e-10,3.03192
4743,6.56783e-10,3.07588
4744,6.8834e-10,3.02059
4745,8.57937e-10,3.14058
4746,7.76683e-10,3.11174
4747,7.17447e-10,3.03278
4748,9.84912e-10,2.88726
4749,7.6076e-10,3.10983
4750,8.43513e-10,3.09772
4751,7.85911e-10,3.14028
4752,8.23983e-10,3.0427
4753,7.94071e-10,3.00743
4754,8.06638e-10,3.08209
4755,9.17854e-10,2.92502
4756,9.63479e-10,2.82496
4757,8.5929e-10,3.10346
4758,6.97451e-10,2.9583
4759,9.04364e-10,3.06508
4760,9.03631e-10,3.05227
4761,8.70614e-10,2.86144
4762,9.25877e-10,3.04762
4763,9.28305e-10,3.09776
4764,9.76684e-10,3.05201
4765,9.91072e-10,3.07258
4766,1.02254e-09,3.02736
4767,9.98276e-10,3.04492
4768,1.03259e-09,3.06353
4769,1.07247e-09,3.05611
4770,1.08777e-09,3.07099
4771,1.09864e-09,3.0649
4772,1.1216e-09,3.06354
4773,1.13881e-09,3.08107
4774,1.19665e-09,3.1046
4775,1.16218e-09,3.05489
4776,1.21204e-09,3.07108
4777,1.24486e-09,3.07588
4778,1.35219e-09,3.1154
4779,1.27648e-09,3.07665
4780,1.28119e-09,3.08094
4781,1.33662e-09,3.06906
4782,1.32935e-09,3.09244
4783,1.38209e-09,3.13123
4784,1.36749e-09,3.05786
4785,1.38274e-09,3.05007
4786,1.4337e-09,3.08961
4787,1.4746e-09,3.07272
4788,1.51624e-09,3.13087
4789,1.60866e-09,3.09366
4790,1.5604e-09,3.07207
4791,1.6157e-09,3.09713
4792,1.64499e-09,3.12979
4793,1.7426e-09,3.05321
4794,1.6772e-09,3.08345
4795,1.69011e-09,3.05428
4796,1.81493e-09,3.07807
4797,1.81132e-09,3.09273
4798,1.82023e-09,3.08132
4799,1.87715e-09,3.06381
4800,1.87698e-09,3.0731
4801,1.95127e-09,3.08433
4802,2.01956e-09,3.04071
4803,2.02095e-09,3.08696
4804,2.09564e-09,3.02619
4805,2.11203e-09,3.07837
4806,2.14481e-09,3.07676
4807,2.20742e-09,3.09032
4808,2.22096e-09,3.08057
4809,2.27655e-09,3.08157
4810,2.29472e-09,3.09754
4811,2.45771e-09,3.02411
4812,2.46753e-09,3.08514
4813,2.47899e-09,3.08796
4814,2.55785e-09,3.07929
4815,2.63516e-09,3.08702
4816,2.66178e-09,3.08214
4817,2.70133e-09,3.09002
4818,2.77691e-09,3.0858
4819,2.78921e-09,3.0638
4820,2.90382e-09,3.08243
4821,2.98215e-09,3.09135
4822,3.06712e-09,3.08777
4823,3.0433e-09,3.08249
4824,3.19021e-09,3.08522
4825,3.43616e-09,3.07469
4826,3.26417e-09,3.09211
4827,3.40356e-09,3.10377
4828,3.49338e-09,3.07282
4829,3.56827e-09,3.08667
4830,3.66102e-09,3.08663
4831,3.73452e-09,3.09021
4832,3.87898e-09,3.09278
4833,4.03779e-09,3.08048
4834,4.00756e-09,3.1018
4835,4.1362e-09,3.08751
4836,4.26604e-09,3.08003
4837,4.3445e-09,3.09037
4838,4.36809e-09,3.08057
4839,4.55438e-09,3.09188
4840,4.67807e-09,3.09144
4841,4.49653e-09,3.10399
4842,4.93588e-09,3.08497
4843,5.06504e-09,3.08773
4844,5.15395e-09,3.09098
4845,5.34338e-09,3.09446
4846,5.42976e-09,3.09432
4847,5.60913e-09,3.10055
4848,5.78103e-09,3.09698
4849,5.93001e-09,3.09938
4850,6.06618e-09,3.09351
4851,6.19754e-09,3.10087
4852,6.41759e-09,3.09412
4853,6.48491e-09,3.12229
4854,6.79409e-09,3.09645
4855,6.97042e-09,3.09839
4856,7.19304e-09,3.09599
4857,7.34549e-09,3.09871
4858,7.43957e-09,3.05941
4859,7.85656e-09,3.09985
4860,8.06648e-09,3.10024
4861,8.26824e-09,3.09935
4862,8.4854e-09,3.09707
4863,8.70515e-09,3.10565
4864,9.03815e-09,3.097
4865,9.3102e-09,3.09875
4866,9.592e-09,3.10276
4867,9.90817e-09,3.10207
4868,1.02245e-08,3.09306
4869,1.05477e-08,3.10166
4870,1.08789e-08,3.10177
4871,1.12343e-08,3.10227
4872,1.15794e-08,3.10095
4873,1.19309e-08,3.10154
4874,1.23416e-08,3.10196
4875,1.27712e-08,3.10529
4876,1.32051e-08,3.10755
4877,1.36078e-08,3.10306
4878,1.39967e-08,3.10311
4879,1.45414e-08,3.10507
4880,1.50447e-08,3.10389
4881,1.55583e-08,3.10466
4882,1.61137e-08,3.10691
4883,1.67266e-08,3.11076
4884,1.72998e-08,3.10725
4885,1.78996e-08,3.10464
4886,1.866e-08,3.11044
4887,1.92029e-08,3.10656
4888,1.99562e-08,3.1086
4889,2.06489e-08,3.10944
4890,2.14666e-08,3.10811
4891,2.22053e-08,3.10623
4892,2.30981e-08,3.1086
4893,2.40711e-08,3.11006
4894,2.49542e-08,3.10884
4895,2.59476e-08,3.11191
4896,2.69459e-08,3.11283
4897,2.81108e-08,3.10296
4898,2.93328e-08,3.11195
4899,3.04192e-08,3.11192
4900,3.17095e-08,3.11052
4901,3.30628e-08,3.11065
4902,3.44094e-08,3.1106
4903,3.59478e-08,3.11286
4904,3.75369e-08,3.11298
4905,3.91964e-08,3.11238
4906,4.0977e-08,3.11296
4907,4.28086e-08,3.11267
4908,4.47556e-08,3.11326
4909,4.67732e-08,3.11621
4910,4.90165e-08,3.11409
4911,5.13249e-08,3.11441
4912,5.37839e-08,3.11426
4913,5.63337e-08,3.12694
4914,5.92036e-08,3.11536
4915,6.20939e-08,3.11603
4916,6.52951e-08,3.11662
4917,6.8604e-08,3.1165
4918,7.21363e-08,3.11698
4919,7.59651e-08,3.11467
4920,8.0025e-08,3.11737
4921,8.43141e-08,3.11778
4922,8.89493e-08,3.11768
4923,9.38325e-08,3.1181
4924,9.9198e-08,3.11879
4925,1.049e-07,3.11916
4926,1.10897e-07,3.12009
4927,1.17499e-07,3.11959
4928,1.24561e-07,3.11977
4929,1.32139e-07,3.12047
4930,1.40322e-07,3.12061
4931,1.49168e-07,3.12142
4932,1.58703e-07,3.12126
4933,1.69042e-07,3.12155
4934,1.80234e-07,3.12215
4935,1.92403e-07,3.122
4936,2.05622e-07,3.12262
4937,2.19994e-07,3.12291
4938,2.35686e-07,3.12325
4939,2.52829e-07,3.1235
4940,2.71551e-07,3.12381
4941,2.92083e-07,3.12425
4942,3.14663e-07,3.12454
4943,3.39473e-07,3.12488
4944,3.66809e-07,3.1252
4945,3.9702e-07,3.12555
4946,4.30494e-07,3.12591
4947,4.67654e-07,3.12627
4948,5.08979e-07,3.12657
4949,5.55054e-07,3.12693
4950,6.0653e-07,3.12712
4951,6.64412e-07,3.12769
4952,7.29579e-07,3.12803
4953,8.02976e-07,3.12832
4954,8.86138e-07,3.12867
4955,9.80753e-07,3.12901
4956,1.0887e-06,3.12939
4957,1.21237e-06,3.12971
4958,1.35476e-06,3.13005
4959,1.51944e-06,3.13047
4960,1.71083e-06,3.13078
4961,1.93454e-06,3.13116
4962,2.19762e-06,3.13148
4963,2.50888e-06,3.13186
4964,2.87985e-06,3.13225
4965,3.3254e-06,3.13262
4966,3.86507e-06,3.13299
4967,4.52482e-06,3.13336
4968,5.33986e-06,3.13375
4969,6.3584e-06,3.13414
4970,7.64783e-06,3.13452
4971,9.30449e-06,3.13491
4972,1.14688e-05,3.13532
4973,1.43511e-05,3.13573
4974,1.82765e-05,3.13613
4975,2.37645e-05,3.13656
4976,3.16806e-05,3.13699
4977,4.3539e-05,3.13742
4978,6.2152e-05,3.13786
4979,9.31451e-05,3.1383
4980,0.0001489,3.13875
4981,0.000260389,3.1392
4982,0.000520578,3.13966
4983,0.00130153,3.14011
4984,0.00520881,3.14055
4985,78.1484,-0.000628304
4986,312.5,3.14128
4987,546.852,-8.97886e-05
4988,624.995,3.14159
4989,625.001,2.86973e-09
4990,624.999,3.14159
4991,625.001,-5.15273e-10
4992,624.995,-3.14159
4993,546.85,8.97943e-05
4994,312.504,-3.14128
4995,78.1294,0.000628697
4996,312.593,-0.000628343
4997,1249.98,3.14128
4998,1874.81,2.40578e-09
4999,1250,-3.14128
5000,625.198,0
5001,1250,3.14128
5002,1874.81,-2.40472e-09
5003,1249.98,-3.14128
5004,312.593,0.000628343
5005,78.1294,-0.000628697
5006,312.504,3.14128
5007,546.85,-8.97943e-05
5008,624.995,3.14159
5009,625.001,5.16895e-10
5010,624.999,-3.14159
5011,625.001,-2.86747e-09
5012,624.995,-3.14159
5013,546.852,8.97886e-05
5014,312.5,-3.14128
5015,78.1484,0.000628304
5016,0.00520881,-3.14055
5017,0.00130153,-3.14011
5018,0.000520578,-3.13966
5019,0.000260389,-3.1392
5020,0.0001489,-3.13875
5021,9.31452e-05,-3.1383
5022,6.2152e-05,-3.13786
5023,4.3539e-05,-3.13742
5024,3.16806e-05,-3.13699
5025,2.37645e-05,-3.13656
5026,1.82765e-05,-3.13614
5027,1.43511e-05,-3.13573
5028,1.14688e-05,-3.13532
5029,9.30451e-06,-3.13492
5030,7.64787e-06,-3.13453
5031,6.3584e-06,-3.13414
5032,5.33987e-06,-3.13375
5033,4.52484e-06,-3.13337
5034,3.86507e-06,-3.13299
5035,3.32541e-06,-3.13261
5036,2.87986e-06,-3.13224
5037,2.50887e-06,-3.13187
5038,2.19758e-06,-3.13151
5039,1.93454e-06,-3.13114
5040,1.71083e-06,-3.13078
5041,1.51943e-06,-3.13042
5042,1.35477e-06,-3.13007
5043,1.2124e-06,-3.12971
5044,1.0887e-06,-3.12936
5045,9.80759e-07,-3.12901
5046,8.86174e-07,-3.12866
5047,8.02973e-07,-3.12831
5048,7.29518e-07,-3.12797
5049,6.64446e-07,-3.12762
5050,6.06613e-07,-3.12728
5051,5.55058e-07,-3.12694
5052,5.08965e-07,-3.1266
5053,4.67645e-07,-3.12626
5054,4.30507e-07,-3.12592
5055,3.97044e-07,-3.12558
5056,3.66822e-07,-3.12524
5057,3.39467e-07,-3.1249
5058,3.14653e-07,-3.12457
5059,2.92099e-07,-3.12424
5060,2.71559e-07,-3.1239
5061,2.52817e-07,-3.12357
5062,2.35687e-07,-3.12323
5063,2.20001e-07,-3.1229
5064,2.05616e-07,-3.12257
5065,1.92402e-07,-3.12224
5066,1.80244e-07,-3.12191
5067,1.69043e-07,-3.12158
5068,1.58708e-07,-3.12125
5069,1.49161e-07,-3.12092
5070,1.40328e-07,-3.12059
5071,1.32145e-07,-3.12026
5072,1.24557e-07,-3.11993
5073,1.17511e-07,-3.11961
5074,1.10961e-07,-3.11928
5075,1.04865e-07,-3.11895
5076,9.91864e-08,-3.11862
5077,9.38898e-08,-3.1183
5078,8.89452e-08,-3.11797
5079,8.43245e-08,-3.11765
5080,8.00027e-08,-3.11732
5081,7.59564e-08,-3.117
5082,7.21646e-08,-3.11666
5083,6.86084e-08,-3.11635
5084,6.52701e-08,-3.11602
5085,6.21339e-08,-3.1157
5086,5.9185e-08,-3.11538
5087,5.64104e-08,-3.11505
5088,5.37981e-08,-3.11475
5089,5.13337e-08,-3.11437
5090,4.90134e-08,-3.11408
5091,4.68219e-08,-3.11376
5092,4.47521e-08,-3.11344
5093,4.27964e-08,-3.11311
5094,4.0947e-08,-3.11279
5095,3.91969e-08,-3.11247
5096,3.75395e-08,-3.11215
5097,3.597e-08,-3.11183
5098,3.44817e-08,-3.1115
5099,3.30707e-08,-3.1112
5100,3.17309e-08,-3.11086
5101,3.04582e-08,-3.11055
5102,2.92491e-08,-3.11022
5103,2.81002e-08,-3.10988
5104,2.70075e-08,-3.10957
5105,2.59671e-08,-3.10927
5106,2.49773e-08,-3.10894
5107,2.40337e-08,-3.10863
5108,2.31349e-08,-3.1083
5109,2.22776e-08,-3.10799
5110,2.14601e-08,-3.10765
5111,2.06799e-08,-3.10734
5112,1.99347e-08,-3.10702
5113,1.9223e-08,-3.10689
5114,1.85425e-08,-3.10638
5115,1.78925e-08,-3.10606
5116,1.72708e-08,-3.10573
5117,1.66764e-08,-3.10542
5118,1.61071e-08,-3.10509
5119,1.55616e-08,-3.10478
5120,1.50398e-08,-3.10459
5121,1.45389e-08,-3.10414
5122,1.40591e-08,-3.1038
5123,1.3599e-08,-3.10355
5124,1.31579e-08,-3.10318
5125,1.27343e-08,-3.10284
5126,1.23282e-08,-3.10259
5127,1.19375e-08,-3.10221
5128,1.15627e-08,-3.10188
5129,1.12026e-08,-3.10164
5130,1.0856e-08,-3.10129
5131,1.05227e-08,-3.10097
5132,1.02021e-08,-3.10069
5133,9.89427e-09,-3.10034
5134,9.5986e-09,-3.09998
5135,9.30612e-09,-3.09978
5136,9.03734e-09,-3.09938
5137,8.7722e-09,-3.09905
5138,8.5174e-09,-3.09872
5139,8.27072e-09,-3.09844
5140,8.03432e-09,-3.09808
5141,7.80511e-09,-3.09782
5142,7.58504e-09,-3.09748
5143,7.3716e-09,-3.09715
5144,7.16694e-09,-3.09687
5145,6.96833e-09,-3.09653
5146,6.77694e-09,-3.09623
5147,6.59157e-09,-3.09589
5148,6.413e-09,-3.09558
5149,6.24001e-09,-3.09532
5150,6.07427e-09,-3.09482
5151,5.91215e-09,-3.09469
5152,5.75696e-09,-3.09422
5153,5.60609e-09,-3.09391
5154,5.46004e-09,-3.09357
5155,5.31877e-09,-3.09331
5156,5.18205e-09,-3.09308
5157,5.04977e-09,-3.09269
5158,4.92182e-09,-3.09243
5159,4.79746e-09,-3.09209
5160,4.67756e-09,-3.09177
5161,4.561e-09,-3.09147
5162,4.44829e-09,-3.0907
5163,4.33881e-09,-3.09079
5164,4.2329e-09,-3.09056
5165,4.13012e-09,-3.09033
5166,4.03103e-09,-3.08996
5167,3.93407e-09,-3.0896
5168,3.84092e-09,-3.08915
5169,3.74961e-09,-3.08905
5170,3.6609e-09,-3.08847
5171,3.57596e-09,-3.08849
5172,3.49203e-09,-3.08788
5173,3.41154e-09,-3.08766
5174,3.33251e-09,-3.08736
5175,3.25605e-09,-3.08702
5176,3.18304e-09,-3.08653
5177,3.11067e-09,-3.08625
5178,3.04094e-09,-3.08603
5179,2.97238e-09,-3.0858
5180,2.90995e-09,-3.08874
5181,2.8418e-09,-3.08504
5182,2.78002e-09,-3.08462
5183,2.71875e-09,-3.08448
5184,2.65995e-09,-3.08397
5185,2.6023e-09,-3.08391
5186,2.54694e-09,-3.08354
5187,2.49229e-09,-3.08318
5188,2.43901e-09,-3.0829
5189,2.38703e-09,-3.08268
5190,2.342e-09,-3.08236
5191,2.287e-09,-3.08138
5192,2.24061e-09,-3.08167
5193,2.19314e-09,-3.08102
5194,2.14961e-09,-3.08118
5195,2.10483e-09,-3.08101
5196,2.062e-09,-3.08077
5197,2.02004e-09,-3.08003
5198,1.97842e-09,-3.07934
5199,1.9392e-09,-3.07939
5200,1.90038e-09,-3.07953
5201,1.86232e-09,-3.07875
5202,1.82637e-09,-3.07808
5203,1.79028e-09,-3.07831
5204,1.7547e-09,-3.07779
5205,1.72057e-09,-3.07737
5206,1.68718e-09,-3.07719
5207,1.65424e-09,-3.07718
5208,1.62329e-09,-3.07648
5209,1.59228e-09,-3.07639
5210,1.56264e-09,-3.07609
5211,1.53153e-09,-3.07603
5212,1.5034e-09,-3.07548
5213,1.47533e-09,-3.07494
5214,1.44751e-09,-3.07453
5215,1.42014e-09,-3.07444
5216,1.39447e-09,-3.07408
5217,1.3684e-09,-3.0739
5218,1.34327e-09,-3.07354
5219,1.31882e-09,-3.07317
5220,1.2947e-09,-3.07298
5221,1.26591e-09,-3.07511
5222,1.25276e-09,-3.07394
5223,1.22626e-09,-3.07184
5224,1.20381e-09,-3.07201
5225,1.18029e-09,-3.08515
5226,1.16008e-09,-3.07245
5227,1.14122e-09,-3.07063
5228,1.12121e-09,-3.07054
5229,1.1023e-09,-3.07221
5230,1.08276e-09,-3.07007
5231,1.06435e-09,-3.06951
5232,1.04494e-09,-3.06859
5233,1.02776e-09,-3.06889
5234,1.01043e-09,-3.06824
5235,9.92412e-10,-3.0689
5236,9.75858e-10,-3.0681
5237,9.60294e-10,-3.06753
5238,9.43574e-10,-3.06662
5239,9.27359e-10,-3.06764
5240,9.1403e-10,-3.06361
5241,8.97917e-10,-3.06446
5242,8.82679e-10,-3.06595
5243,8.69434e-10,-3.06714
5244,8.53511e-10,-3.06545
5245,8.36458e-10,-3.06126
5246,8.26596e-10,-3.06552
5247,8.12579e-10,-3.06543
5248,8.02195e-10,-3.06303
5249,7.85212e-10,-3.06676
5250,7.73835e-10,-3.06248
5251,7.6177e-10,-3.0618
5252,7.49627e-10,-3.0629
5253,7.35822e-10,-3.06474
5254,7.25879e-10,-3.06215
5255,7.15221e-10,-3.06177
5256,7.04217e-10,-3.06438
5257,6.92853e-10,-3.06137
5258,6.81995e-10,-3.0607
5259,6.71871e-10,-3.05967
5260,6.60663e-10,-3.0598
5261,6.5156e-10,-3.06098
5262,6.41582e-10,-3.05906
5263,6.30869e-10,-3.0593
5264,6.18883e-10,-3.05987
5265,6.12239e-10,-3.05751
5266,6.03509e-10,-3.05858
5267,5.94126e-10,-3.06027
5268,5.85974e-10,-3.05645
5269,5.76414e-10,-3.05934
5270,5.56201e-10,-3.05774
5271,5.60315e-10,-3.05656
5272,5.45874e-10,-3.05145
5273,5.43407e-10,-3.0562
5274,5.30574e-10,-3.06303
5275,5.28348e-10,-3.05188
5276,5.2043e-10,-3.05383
5277,5.12616e-10,-3.05468
5278,5.05552e-10,-3.05429
5279,4.98027e-10,-3.05442
5280,4.93014e-10,-3.05287
5281,4.7676e-10,-3.04895
5282,4.77043e-10,-3.05317
5283,4.69548e-10,-3.05359
5284,4.64793e-10,-3.0504
5285,4.58447e-10,-3.0508
5286,4.51822e-10,-3.04653
5287,4.46202e-10,-3.05152
5288,4.39204e-10,-3.05449
5289,4.32561e-10,-3.05161
5290,4.28085e-10,-3.05104
5291,4.20219e-10,-3.05372
5292,4.146e-10,-3.05229
5293,4.0933e-10,-3.04789
5294,4.04302e-10,-3.05004
5295,3.98992e-10,-3.04732
5296,3.92089e-10,-3.04754
5297,3.86729e-10,-3.04823
5298,3.82319e-10,-3.04888
5299,3.78889e-10,-3.04716
5300,3.73023e-10,-3.04104
5301,3.60777e-10,-3.06352
5302,3.61842e-10,-3.05058
5303,3.56304e-10,-3.04778
5304,3.49711e-10,-3.04691
5305,3.48795e-10,-3.0461
5306,3.43194e-10,-3.04182
5307,3.27981e-10,-3.05065
5308,3.35136e-10,-3.04399
5309,3.31292e-10,-3.04678
5310,3.24818e-10,-3.04151
5311,3.22109e-10,-3.04539
5312,3.16672e-10,-3.03424
5313,3.13331e-10,-3.04584
5314,3.10361e-10,-3.04181
5315,3.15942e-10,-2.99668
5316,3.0162e-10,-3.04515
5317,2.98629e-10,-3.04262
5318,2.9436e-10,-3.04177
5319,2.91325e-10,-3.04814
5320,2.8815e-10,-3.03349
5321,2.84033e-10,-3.0412
5322,2.7894e-10,-3.0418
5323,2.75796e-10,-3.03532
5324,2.73047e-10,-3.04171
5325,2.66433e-10,-3.04437
5326,2.67364e-10,-3.04486
5327,2.63687e-10,-3.03683
5328,2.60502e-10,-3.05337
5329,2.56606e-10,-3.03876
5330,2.52978e-10,-3.03921
5331,2.50117e-10,-3.03776
5332,2.50644e-10,-3.03892
5333,2.44717e-10,-3.03629
5334,2.41332e-10,-3.03458
5335,2.39273e-10,-3.03608
5336,2.37364e-10,-3.04005
5337,2.33171e-10,-3.03402
5338,2.31067e-10,-3.03626
5339,2.28009e-10,-3.03457
5340,2.24974e-10,-3.03702
5341,2.22031e-10,-3.03716
5342,2.20289e-10,-3.03647
5343,2.16145e-10,-3.03769
5344,2.11777e-10,-3.02874
5345,2.11953e-10,-3.03169
5346,2.06379e-10,-3.03716
5347,2.06966e-10,-3.03468
5348,2.05778e-10,-3.02915
5349,2.01199e-10,-3.02912
5350,1.99997e-10,-3.03405
5351,1.97912e-10,-3.04149
5352,2.01112e-10,-3.02463
5353,1.94141e-10,-3.02448
5354,1.93208e-10,-3.03326
5355,1.90191e-10,-3.02959
5356,1.86669e-10,-3.0301
5357,1.85187e-10,-3.02605
5358,1.84335e-10,-3.02891
5359,1.77726e-10,-3.04643
5360,1.94997e-10,-3.00698
5361,1.77123e-10,-3.02656
5362,1.76205e-10,-3.02947
5363,1.72811e-10,-3.02987
5364,1.72453e-10,-3.02233
5365,1.69131e-10,-3.02427
5366,1.6767e-10,-3.03309
5367,1.65301e-10,-3.02228
5368,1.60761e-10,-3.04572
5369,1.63488e-10,-3.0272
5370,1.5993e-10,-3.02675
5371,1.5902e-10,-3.02029
5372,1.5712e-10,-3.02677
5373,1.5926e-10,-3.02129
5374,1.53868e-10,-3.0189
5375,1.51626e-10,-3.02183
5376,1.50715e-10,-3.06165
5377,1.48944e-10,-3.02177
5378,1.48841e-10,-3.00635
5379,1.44964e-10,-3.01285
5380,1.42779e-10,-3.02702
5381,1.4266e-10,-3.01843
5382,1.42055e-10,-3.02411
5383,1.39096e-10,-3.01668
5384,1.36337e-10,-2.97012
5385,1.36666e-10,-3.02889
5386,1.30739e-10,-3.00311
5387,1.35274e-10,-3.02643
5388,1.32779e-10,-3.01905
5389,1.3135e-10,-3.01739
5390,1.30346e-10,-3.00417
5391,1.29146e-10,-3.02633
5392,1.30365e-10,-3.05915
5393,1.26979e-10,-3.00185
5394,1.28002e-10,-3.01352
5395,1.2592e-10,-3.01784
5396,1.12894e-10,-2.99981
5397,1.21602e-10,-3.00614
5398,1.19847e-10,-3.02316
5399,1.18183e-10,-3.01601
5400,1.24764e-10,-3.02594
5401,1.19089e-10,-3.01015
5402,1.14367e-10,-3.00815
5403,1.13943e-10,-3.00617
5404,1.13287e-10,-3.01997
5405,1.04106e-10,-3.02001
5406,1.11513e-10,-3.02169
5407,1.10559e-10,-3.00332
5408,1.01103e-10,-3.02031
5409,1.11214e-10,-2.92401
5410,1.12022e-10,-2.99585
5411,1.08472e-10,-2.92762
5412,1.04651e-10,-3.01336
5413,1.03695e-10,-3.01494
5414,1.02942e-10,-3.01392
5415,1.02149e-10,-3.00054
5416,9.24358e-11,-3.04546
5417,9.97625e-11,-3.01844
5418,9.73263e-11,-2.98515
5419,9.62232e-11,-3.01093
5420,9.79511e-11,-3.01568
5421,9.62405e-11,-3.0107
5422,9.5063e-11,-3.00718
5423,9.34532e-11,-3.01446
5424,9.7168e-11,-2.93127
5425,9.16191e-11,-3.0035
5426,9.1703e-11,-3.02452
5427,9.0158e-11,-3.00273
5428,8.99519e-11,-3.01551
5429,8.82572e-11,-3.01171
5430,8.75228e-11,-3.01753
5431,8.66807e-11,-3.00599
5432,8.33877e-11,-3.09189
5433,8.56554e-11,-3.00617
5434,8.53647e-11,-3.00865
5435,8.05856e-11,-3.03895
5436,8.09959e-11,-3.0021
5437,8.25518e-11,-3.00288
5438,9.20416e-11,-2.86938
5439,8.02235e-11,-3.01722
5440,8.02535e-11,-3.07801
5441,7.95776e-11,-3.0068
5442,8.60417e-11,-2.99311
5443,7.83765e-11,-3.00455
5444,7.74231e-11,-2.99471
5445,7.61058e-11,-2.99217
5446,7.48326e-11,-3.00421
5447,7.57528e-11,-2.98903
5448,7.02529e-11,-2.87523
5449,7.35773e-11,-2.99203
5450,7.96557e-11,-3.00848
5451,7.28258e-11,-3.02512
5452,7.2408e-11,-3.00105
5453,7.12085e-11,-3.00613
5454,8.47469e-11,3.11071
5455,6.99673e-11,-2.9964
5456,7.52621e-11,-3.05986
5457,6.97978e-11,-3.01588
5458,6.54418e-11,-2.96551
5459,6.79329e-11,-2.98548
5460,6.7307e-11,-2.99303
5461,6.60573e-11,-3.00403
5462,6.41833e-11,-2.99654
5463,6.51982e-11,-3.00005
5464,7.13646e-11,-3.00968
5465,6.31361e-11,-2.9928
5466,6.32559e-11,-3.00119
5467,6.43162e-11,-2.99247
5468,6.21604e-11,-2.98658
5469,6.22204e-11,-2.99174
5470,6.27538e-11,-3.00654
5471,6.02244e-11,-2.98856
5472,5.34238e-11,-3.00567
5473,5.97567e-11,-2.99998
5474,5.81754e-11,-3.00478
5475,5.76299e-11,-2.98339
5476,5.95213e-11,-3.02352
5477,5.60905e-11,-2.94807
5478,5.51748e-11,-3.05402
5479,5.41871e-11,-2.91542
5480,6.12268e-11,-2.98676
5481,5.46472e-11,-2.99972
5482,5.5115e-11,-2.97909
5483,5.70028e-11,-2.94974
5484,5.41079e-11,-2.99689
5485,5.31642e-11,-2.9737
5486,5.29311e-11,-2.99091
5487,5.18013e-11,-2.99875
5488,5.80628e-11,-2.96564
5489,5.20325e-11,-3.03534
5490,5.50202e-11,-2.94099
5491,5.2755e-11,-2.94785
5492,5.09667e-11,-3.00764
5493,5.23886e-11,-3.03799
5494,5.28038e-11,-2.95513
5495,4.52493e-11,-2.94159
5496,4.59632e-11,-3.04275
5497,4.81147e-11,-3.00013
5498,4.75608e-11,-2.97079
5499,4.76746e-11,-2.95839
5500,4.81601e-11,-2.98991
5501,4.78274e-11,-2.94829
5502,4.7756e-11,-2.99407
5503,4.67053e-11,-3.03351
5504,4.44078e-11,-2.96967
5505,4.30338e-11,-2.91437
5506,4.26343e-11,-2.94946
5507,4.46536e-11,-2.97305
5508,4.49608e-11,-2.98609
5509,4.70921e-11,-3.02251
5510,4.48509e-11,-2.94716
5511,4.39669e-11,-3.03111
5512,4.55062e-11,-2.94233
5513,7.23485e-11,2.87656
5514,4.27101e-11,-2.97507
5515,4.19788e-11,-2.98553
5516,4.07246e-11,-2.96635
5517,4.13463e-11,-2.89787
5518,4.14584e-11,-2.95284
5519,3.78917e-11,-3.08614
5520,4.2071e-11,-3.10759
5521,3.99209e-11,-2.95532
5522,3.98216e-11,-2.98382
5523,3.98258e-11,-2.91864
5524,4.14962e-11,-2.95606
5525,4.03135e-11,-2.97734
5526,3.94895e-11,-2.94435
5527,3.75329e-11,-2.98556
5528,3.68126e-11,-3.01466
5529,4.35272e-11,-2.99829
5530,3.60182e-11,-2.92764
5531,2.4541e-11,3.06541
5532,3.6936e-11,-2.94099
5533,3.69255e-11,-2.9681
5534,3.60422e-11,-2.98374
5535,3.61165e-11,-2.99081
5536,3.51643e-11,-2.93937
5537,3.61564e-11,-2.99825
5538,3.54052e-11,-2.94976
5539,3.62703e-11,-2.98612
5540,3.99035e-11,-3.03112
5541,3.49888e-11,-2.98098
5542,3.46411e-11,-3.01646
5543,3.37058e-11,-2.93337
5544,3.60031e-11,-2.97759
5545,2.93557e-11,-2.9998
5546,3.34719e-11,-2.95115
5547,3.43408e-11,-2.98069
5548,2.50372e-11,-3.01131
5549,3.16269e-11,-2.94997
5550,2.82236e-11,-3.11682
5551,3.27288e-11,-2.94731
5552,3.32625e-11,-3.04726
5553,3.25911e-11,-2.9729
5554,3.31596e-11,-3.02401
5555,3.13268e-11,-2.98505
5556,3.2294e-11,-2.9564
5557,3.08645e-11,-2.94644
5558,3.18712e-11,-2.98653
5559,3.21362e-11,-2.9625
5560,2.59797e-11,-3.05337
5561,3.0647e-11,-2.95074
5562,2.68923e-11,-3.03919
5563,2.92975e-11,-2.86174
5564,2.89879e-11,-2.84341
5565,3.04028e-11,-2.97292
5566,3.0258e-11,-2.97363
5567,2.81043e-11,-2.99681
5568,2.63921e-11,-2.83073
5569,2.30666e-11,3.14116
5570,2.88575e-11,-2.99767
5571,2.82795e-11,-2.95265
5572,2.97749e-11,-3.10595
5573,2.97175e-11,-2.84263
5574,2.79396e-11,-2.94607
5575,2.61515e-11,-3.033
5576,2.97532e-11,-2.90854
5577,2.71832e-11,-2.97995
5578,2.71137e-11,-2.89674
5579,2.38662e-11,-2.72129
5580,2.91578e-11,-3.13108
5581,2.56384e-11,-2.9658
5582,2.74605e-11,-2.92855
5583,2.79109e-11,-2.9711
5584,2.59778e-11,-2.9576
5585,2.92993e-11,3.07788
5586,2.67966e-11,-2.9585
5587,2.43128e-11,-2.91443
5588,2.54437e-11,-2.97946
5589,2.71533e-11,-2.87137
5590,2.55208e-11,-2.9389
5591,2.61339e-11,-2.99367
5592,2.23102e-11,-3.11952
5593,2.61649e-11,-3.00617
5594,2.39294e-11,-3.01345
5595,2.33972e-11,-2.85527
5596,2.73815e-11,-2.84426
5597,2.17475e-11,-2.92031
5598,2.3091e-11,-2.95756
5599,2.30073e-11,-2.9468
5600,2.51414e-11,-2.8083
5601,2.26162e-11,-2.97819
5602,2.66957e-11,-2.69663
5603,2.17879e-11,-2.96836
5604,2.73645e-11,-3.12885
5605,1.99982e-11,-2.92436
5606,2.46904e-11,-2.9296
5607,2.16837e-11,-2.94379
5608,2.03432e-11,-2.68209
5609,2.15332e-11,-2.87709
5610,2.14761e-11,-2.81861
5611,2.29891e-11,-2.96349
5612,2.12461e-11,-2.90234
5613,1.97441e-11,-2.97131
5614,2.28768e-11,-3.06047
5615,2.05539e-11,-2.94025
5616,2.22251e-11,-3.09167
5617,1.95353e-11,-2.81807
5618,1.87925e-11,-2.9778
5619,2.04551e-11,-2.9268
5620,2.09988e-11,-2.92956
5621,2.02617e-11,-2.90506
5622,1.90412e-11,-2.89985
5623,2.00622e-11,-2.93412
5624,2.35306e-11,-2.93115
5625,1.72689e-11,-2.96594
5626,1.90127e-11,-2.87104
5627,2.11689e-11,3.11928
5628,1.90312e-11,-3.01168
5629,2.02055e-11,-3.02702
5630,1.97524e-11,-2.92783
5631,1.82017e-11,-2.96641
5632,1.49393e-11,-2.94433
5633,1.88576e-11,-2.99463
5634,1.53945e-11,-3.11154
5635,1.81038e-11,-2.93757
5636,1.48353e-11,-2.28567
5637,1.91301e-11,-2.95181
5638,1.8625e-11,-2.94407
5639,1.93169e-11,-2.85885
5640,1.65669e-11,3.02234
5641,1.69075e-11,-2.87535
5642,1.68921e-11,-2.86165
5643,1.84021e-11,-2.90254
5644,2.24435e-11,-2.75005
5645,1.7345e-11,-2.96912
5646,1.92086e-11,-2.84338
5647,1.52864e-11,-3.11578
5648,2.04146e-11,-2.64829
5649,1.64485e-11,-2.99506
5650,1.66069e-11,-2.89437
5651,1.69705e-11,-3.0477
5652,1.55028e-11,-2.89371
5653,1.83199e-11,-2.85132
5654,1.53464e-11,-2.82877
5655,1.53174e-11,-3.05105
5656,1.75353e-11,3.03802
5657,1.44152e-11,-2.89382
5658,1.77086e-11,-2.91413
5659,1.9299e-11,-2.75276
5660,1.14241e-11,1.03757
5661,1.32191e-11,-2.91572
5662,2.11446e-11,-3.10586
5663,1.24181e-11,-2.8396
5664,1.88891e-11,-2.82183
5665,1.49977e-11,-2.90068
5666,1.74934e-11,-2.72285
5667,1.64603e-11,-3.00923
5668,1.56205e-11,-2.95244
5669,1.50577e-11,-2.94782
5670,1.66811e-11,-2.8625
5671,1.62468e-11,-2.82724
5672,1.42006e-11,-2.64155
5673,1.68651e-11,-2.99305
5674,1.46525e-11,-2.95036
5675,1.39699e-11,3.06435
5676,1.38497e-11,-2.98524
5677,1.61518e-11,-2.92848
5678,1.24573e-11,-2.57034
5679,1.40877e-11,-2.93768
5680,1.32341e-11,3.0692
5681,9.17254e-12,-3.06297
5682,1.5462e-11,-2.9567
5683,1.25876e-11,-2.94821
5684,1.52251e-11,-2.9208
5685,1.19101e-11,2.55102
5686,1.29997e-11,-2.96658
5687,1.09313e-11,-2.84484
5688,2.29389e-11,-2.82244
5689,1.23453e-11,-2.91311
5690,1.30969e-11,-2.88737
5691,1.40732e-11,-2.88618
5692,1.54195e-11,3.03317
5693,1.31893e-11,-2.86334
5694,1.31119e-11,-3.11089
5695,6.50251e-12,-2.95018
5696,5.91869e-12,-2.85651
5697,1.1661e-11,-2.76902
5698,1.53031e-11,-3.05631
5699,1.3208e-11,-2.83079
5700,1.09588e-11,-2.8537
5701,1.28743e-11,-3.02369
5702,1.54235e-11,3.08794
5703,1.01023e-11,-2.93736
5704,1.24621e-11,-2.59314
5705,1.53285e-11,-2.9571
5706,1.17654e-11,-2.82017
5707,1.12267e-11,-2.81086
5708,1.07416e-11,-3.01344
5709,1.40874e-11,3.11641
5710,1.17728e-11,-2.94613
5711,1.26875e-11,-2.91024
5712,9.25114e-12,-2.535
5713,9.88185e-12,3.12923
5714,1.11646e-11,-3.06481
5715,1.32687e-11,-2.96015
5716,1.2532e-11,-3.0529
5717,1.08621e-11,2.87565
5718,1.46966e-11,-2.94943
5719,1.10256e-11,-3.02028
5720,1.51421e-11,-2.37192
5721,6.17881e-12,-2.75034
5722,1.30017e-11,-2.86436
5723,1.26742e-11,-2.98945
5724,6.06472e-12,-2.97477
5725,1.11964e-11,-2.83328
5726,1.21206e-11,-2.95062
5727,8.41286e-12,2.98478
5728,1.231e-11,2.68108
5729,1.11955e-11,-3.04736
5730,5.85754e-12,3.04653
5731,1.09551e-11,-2.92911
5732,5.19439e-12,2.82857
5733,5.51748e-12,-2.69701
5734,1.15785e-11,-2.86632
5735,7.46507e-12,-2.95912
5736,1.10892e-11,-2.14509
5737,1.02062e-11,-2.79963
5738,8.42562e-12,-2.8137
5739,1.1001e-11,-2.90986
5740,9.57359e-12,-3.03992
5741,1.20311e-11,-3.00198
5742,1.39631e-11,-2.89791
5743,1.01508e-11,-2.61671
5744,1.4197e-11,-3.04992
5745,3.26817e-11,-0.879098
5746,1.0948e-11,-3.01255
5747,1.03916e-11,-2.75177
5748,9.53176e-12,-2.899
5749,1.33991e-11,-2.78336
5750,9.19372e-12,-2.91493
5751,1.30363e-11,-2.42884
5752,7.59662e-12,-2.65491
5753,8.57489e-12,-2.35589
5754,1.16122e-11,-2.83412
5755,9.4995e-12,-2.94449
5756,1.01937e-11,-2.99355
5757,8.7103e-12,-2.80776
5758,9.37242e-12,3.00493
5759,5.57982e-12,-3.00251
5760,1.13295e-11,-2.95566
5761,9.52127e-12,-3.13411
5762,9.77664e-12,-2.91255
5763,1.81946e-12,0.620893
5764,9.83833e-12,-2.89162
5765,6.41908e-12,2.82222
5766,7.15851e-12,-2.85717
5767,1.13301e-11,-2.92166
5768,6.41217e-12,2.73466
5769,6.16096e-12,-2.55372
5770,8.25419e-12,-3.00894
5771,8.60199e-12,-2.87776
5772,1.01278e-11,-3.09996
5773,8.37674e-12,-2.8567
5774,7.67894e-12,-2.72627
5775,8.85414e-12,-1.85488
5776,1.42455e-11,-2.59278
5777,1.10802e-11,-2.9102
5778,8.70234e-12,-2.73114
5779,8.30813e-12,-2.89485
5780,8.51711e-12,-3.04272
5781,5.31484e-12,-3.04265
5782,8.19185e-12,-2.8533
5783,6.4699e-12,-3.12495
5784,5.94374e-12,2.93176
5785,5.03002e-12,-2.79645
5786,8.45174e-12,-2.88853
5787,7.2809e-12,-2.94946
5788,1.32269e-11,-2.8216
5789,5.38724e-12,-3.07628
5790,6.02013e-12,-2.74672
5791,3.93547e-12,-2.85889
5792,1.13346e-11,-2.3478
5793,8.45167e-12,-2.48826
5794,7.29385e-12,-2.76277
5795,8.20487e-12,2.91642
5796,1.07637e-11,2.95788
5797,8.39323e-12,2.83592
5798,6.87053e-12,-3.08532
5799,9.40616e-12,-2.93467
5800,1.25017e-11,3.05048
5801,1.10203e-11,-2.6258
5802,6.37311e-12,-3.06309
5803,9.9499e-12,-2.60929
5804,6.54194e-12,-2.66224
5805,8.27335e-12,-2.90117
5806,1.12148e-12,-2.84356
5807,7.52207e-12,-3.00522
5808,3.55132e-12,-2.12004
5809,7.1533e-12,-2.97404
5810,4.85232e-12,2.64591
5811,3.16499e-11,0.707567
5812,7.24776e-12,-3.11421
5813,7.30924e-12,-2.85143
5814,9.47782e-12,-2.51458
5815,6.68124e-12,-3.06888
5816,1.39513e-11,3.08349
5817,9.60674e-12,2.92067
5818,1.05316e-11,-2.76358
5819,5.31933e-12,-3.09018
5820,6.60094e-12,-2.48094
5821,4.84919e-12,-2.62445
5822,1.15219e-11,-2.98638
5823,8.91608e-12,2.54208
5824,3.42106e-12,-2.48934
5825,7.97387e-12,-2.6036
5826,5.01438e-12,-2.70679
5827,7.3367e-12,-2.6135
5828,4.5364e-12,-3.02691
5829,5.84384e-12,-2.89357
5830,5.42308e-12,-2.89059
5831,5.29376e-12,-2.13289
5832,1.05886e-11,-2.36944
5833,4.59524e-12,2.69766
5834,7.16141e-12,-2.27801
5835,6.51026e-12,-3.10531
5836,6.2392e-12,-2.88362
5837,5.1934e-12,-2.71458
5838,1.31911e-11,3.13186
5839,7.11377e-12,-2.83938
5840,8.95525e-12,2.61533
5841,7.1978e-12,-2.94423
5842,5.9558e-12,-3.10525
5843,9.14525e-12,2.97768
5844,2.95696e-12,-1.98493
5845,6.02083e-12,-2.74615
5846,5.10714e-12,-2.52251
5847,3.9614e-12,-2.99376
5848,8.11965e-12,-2.07462
5849,5.66876e-12,-2.6723
5850,7.51227e-12,-2.87594
5851,4.49756e-12,-2.34241
5852,4.63824e-12,3.14036
5853,4.21012e-12,-2.94022
5854,5.29309e-12,3.06864
5855,6.64678e-12,-3.03617
5856,1.00961e-11,2.62834
5857,3.62869e-12,-2.91085
5858,1.21112e-11,-1.93448
5859,8.9572e-12,-3.05023
5860,6.35806e-12,-2.48926
5861,5.89656e-12,2.33623
5862,3.21463e-12,-2.75081
5863,2.22492e-12,0.79594
5864,5.751e-12,-1.96424
5865,5.52499e-12,-2.65319
5866,9.64553e-12,2.63329
5867,6.43157e-12,3.07882
5868,6.9535e-12,-2.71036
5869,5.98639e-12,-2.78995
5870,7.62815e-12,-2.5595
5871,4.69089e-12,-3.00671
5872,4.90498e-12,-2.90698
5873,5.15887e-12,-2.69964
5874,7.91761e-12,-3.07087
5875,5.60374e-12,-2.85085
5876,5.30346e-12,-2.96097
5877,5.19969e-12,-2.95668
5878,7.54522e-12,-2.29814
5879,4.24866e-12,-2.86776
5880,1.98422e-12,1.91315
5881,4.21015e-12,-2.4965
5882,3.95797e-12,3.08023
5883,2.22018e-11,2.94384
5884,5.44436e-12,-2.95863
5885,4.40739e-12,-2.74427
5886,6.02974e-12,-2.54286
5887,7.92548e-12,-2.19136
5888,6.12589e-12,-2.37516
5889,2.17644e-12,-1.66601
5890,5.29027e-12,-3.01879
5891,5.76865e-12,-2.83531
5892,3.95085e-12,2.87822
5893,2.51731e-12,-2.86616
5894,6.77141e-12,-3.08429
5895,2.96745e-12,-2.8914
5896,8.06404e-12,2.09812
5897,5.75302e-12,-3.0257
5898,4.5077e-12,2.46497
5899,6.9764e-12,-3.10301
5900,9.03693e-12,2.93245
5901,2.50434e-12,-1.36342
5902,7.24573e-12,-2.80092
5903,1.06381e-11,3.00822
5904,1.23588e-11,-2.46807
5905,4.98245e-12,3.03243
5906,5.6836e-12,-2.92239
5907,1.38299e-11,3.07637
5908,4.76817e-12,-2.42423
5909,3.96359e-12,-2.90148
5910,6.5493e-12,-1.94441
5911,9.07032e-12,-2.94508
5912,5.26441e-12,-2.99699
5913,4.97243e-12,-3.10906
5914,4.01084e-12,-2.88633
5915,2.92476e-12,-2.03879
5916,8.08604e-12,-2.73866
5917,5.63589e-12,2.94765
5918,6.13544e-12,-2.24031
5919,3.03279e-12,-2.69575
5920,2.82394e-12,-1.09817
5921,8.61313e-12,-2.53117
5922,3.99309e-12,-2.88996
5923,3.6816e-12,-2.50485
5924,5.72086e-12,-3.11114
5925,7.86821e-12,2.80731
5926,6.13997e-12,-2.755
5927,3.8981e-12,-2.91954
5928,9.36024e-12,-2.87232
5929,8.17537e-12,2.95701
5930,5.2387e-12,-3.0087
5931,1.61863e-11,-3.02338
5932,4.01981e-12,-2.85305
5933,4.57919e-12,-2.78792
5934,2.63748e-12,-2.18548
5935,6.9323e-12,-2.56487
5936,2.00805e-12,0.396487
5937,4.39641e-12,-2.62891
5938,4.10128e-12,-2.8861
5939,9.55301e-12,2.75481
5940,6.08129e-12,-2.93197
5941,5.06533e-12,-2.67447
5942,3.97187e-12,-3.003
5943,5.12259e-12,2.11957
5944,8.39646e-12,-2.84876
5945,7.10079e-12,-2.2818
5946,4.8297e-12,-2.70887
5947,2.60758e-12,2.28686
5948,3.62986e-12,-2.4292
5949,3.74277e-12,-2.90173
5950,5.56553e-12,-3.09686
5951,1.41189e-12,-2.5997
5952,2.44696e-12,2.76101
5953,3.86339e-12,-2.13225
5954,1.17107e-12,-1.26401
5955,5.74789e-12,2.73859
5956,1.45393e-11,-2.83383
5957,5.27752e-12,-2.22056
5958,2.79874e-12,-2.51987
5959,9.3857e-12,-1.92259
5960,4.1203e-12,-2.19555
5961,4.4836e-12,1.78567
5962,4.82134e-12,-2.98222
5963,3.51178e-12,-3.04807
5964,6.00373e-11,-1.36862
5965,2.67899e-12,3.13275
5966,4.87016e-12,-2.27798
5967,1.57303e-11,-1.9048
5968,4.71262e-12,2.86385
5969,3.96296e-12,-2.23596
5970,2.91397e-12,-2.5142
5971,2.73822e-12,2.62159
5972,1.03899e-11,0.560421
5973,4.13847e-12,-2.0599
5974,4.59672e-12,2.98259
5975,3.71382e-12,2.8928
5976,1.86987e-11,-0.694221
5977,4.90575e-12,3.08301
5978,8.28635e-12,-1.73717
5979,5.43249e-12,-2.03869
5980,3.51009e-12,-1.85829
5981,2.75159e-12,-3.00232
5982,5.29341e-12,-2.81985
5983,6.34011e-12,2.93417
5984,1.40497e-11,2.46937
5985,8.44707e-12,2.73368
5986,2.49151e-12,-0.119159
5987,4.82482e-12,-2.33829
5988,6.06801e-12,-1.94726
5989,2.79926e-12,-3.13036
5990,5.30897e-12,3.10977
5991,3.73277e-11,-1.82328
5992,5.23309e-12,-1.32778
5993,9.66757e-12,1.44326
5994,3.62626e-12,-2.41752
5995,8.84958e-12,-2.76107
5996,6.23829e-13,-2.11861
5997,8.16362e-12,2.26279
5998,1.5631e-12,-3.02697
5999,7.03801e-12,-2.48939
6000,4.27895e-12,3.08397
6001,5.70645e-12,-2.90083
6002,2.61611e-12,-2.45087
6003,1.58692e-12,-3.11852
6004,1.38008e-12,2.20385
6005,2.28635e-12,-0.953605
6006,4.71536e-12,2.94731
6007,4.03671e-12,-0.520734
6008,1.44888e-11,1.83453
6009,5.44464e-12,-2.45937
6010,3.35809e-12,2.12607
6011,3.63708e-12,-2.62325
6012,1.54118e-12,-2.92605
6013,3.8572e-11,-2.35043
6014,3.28011e-12,0.920827
6015,2.27049e-12,-2.9006
6016,3.54123e-12,-2.62272
6017,7.65173e-12,2.63234
6018,4.74456e-12,-2.15496
6019,1.27669e-12,2.65765
6020,1.07111e-12,-2.21132
6021,2.05128e-12,2.98802
6022,4.01565e-12,-2.21123
6023,1.20373e-12,-1.80154
6024,4.04306e-12,2.45051
6025,3.63098e-12,-2.59091
6026,1.45349e-11,-1.73777
6027,2.46455e-12,2.65391
6028,2.50293e-12,3.08664
6029,5.32471e-12,-2.45881
6030,2.05431e-12,2.23845
6031,1.91058e-12,2.97692
6032,3.76529e-12,-1.49432
6033,2.48353e-12,3.07091
6034,4.2989e-12,-2.84123
6035,1.40259e-12,2.42469
6036,3.07373e-12,-2.55895
6037,1.72353e-11,-3.04371
6038,2.13849e-12,-1.79517
6039,2.0664e-12,3.0141
6040,5.9669e-12,2.75013
6041,4.78081e-12,2.8935
6042,3.06828e-12,-2.68326
6043,6.07917e-12,-2.35451
6044,7.23847e-12,-1.90698
6045,5.56355e-12,-0.456141
6046,2.74072e-12,-2.51779
6047,4.89793e-12,2.00615
6048,1.98376e-12,0.368406
6049,7.14619e-12,-3.04179
6050,2.09625e-12,-2.9572
6051,4.10002e-12,-2.20235
6052,6.1266e-12,-2.8052
6053,2.37995e-12,-2.18937
6054,2.31589e-12,-2.87439
6055,2.1034e-12,1.72906
6056,6.3719e-12,-2.66484
6057,1.93824e-12,-2.584
6058,2.56632e-12,2.06048
6059,5.66207e-12,-2.35031
6060,2.62274e-12,-3.12755
6061,3.46689e-12,-3.07018
6062,2.29326e-11,2.97246
6063,2.5654e-12,-2.76406
6064,3.6678e-12,1.1423
6065,2.6509e-11,1.53937
6066,2.65846e-12,-2.80206
6067,1.82164e-12,-2.50842
6068,3.71828e-12,-1.4123
6069,2.56892e-12,-3.0237
6070,7.33344e-13,0.653824
6071,3.39199e-12,3.10223
6072,9.06532e-12,-2.20645
6073,2.0361e-12,2.82193
6074,3.38495e-12,-2.95111
6075,1.59088e-12,0.864095
6076,4.26851e-12,-1.46507
6077,9.36526e-12,-1.94347
6078,4.3597e-13,-2.50131
6079,4.02006e-12,2.51805
6080,1.95192e-12,1.44495
6081,2.5864e-12,-2.34126
6082,8.90068e-12,-1.78501
6083,1.70679e-12,2.99088
6084,3.69216e-12,2.80881
6085,2.82178e-12,-2.57745
6086,2.79657e-12,-0.958921
6087,4.55432e-12,3.01389
6088,3.86764e-12,-0.996963
6089,2.68732e-12,-1.9377
6090,1.51716e-12,-1.98658
6091,3.75723e-12,2.40943
6092,3.19507e-12,-2.78821
6093,7.64785e-13,-1.934
6094,2.71512e-12,-2.78395
6095,2.12513e-12,-3.12034
6096,5.34186e-12,-2.82475
6097,4.17047e-12,-1.5269
6098,2.57976e-12,-2.76005
6099,2.02062e-12,3.01499
6100,4.26227e-11,0.675628
6101,2.86638e-12,-2.71158
6102,4.05474e-12,-2.54326
6103,3.69387e-12,1.16535
6104,3.78574e-12,-1.42718
6105,2.85357e-12,-2.6792
6106,3.86518e-12,-2.43397
6107,8.28993e-12,-0.362227
6108,3.27977e-12,2.20159
6109,3.8288e-12,0.294922
6110,2.18973e-12,-2.44997
6111,2.54114e-12,1.44425
6112,6.7576e-12,-2.81476
6113,2.74343e-12,2.86751
6114,7.02419e-12,-2.62981
6115,3.21585e-12,2.5944
6116,3.14741e-12,-2.72806
6117,1.97766e-11,-2.01151
6118,7.45595e-13,-2.35179
6119,4.33674e-12,1.3457
6120,2.82601e-12,1.24439
6121,1.54134e-11,0.20424
6122,1.59436e-12,2.77472
6123,8.84143e-12,-0.75739
6124,2.19536e-12,3.1318
6125,3.24256e-12,-2.44301
6126,1.30374e-12,-2.0756
6127,1.5324e-11,0.207723
6128,4.55221e-12,-1.75749
6129,2.5276e-12,-2.96942
6130,6.17306e-12,-3.12037
6131,2.71837e-12,2.4222
6132,7.57313e-12,0.563079
6133,6.38207e-12,-2.18994
6134,2.05652e-12,-2.69765
6135,1.63225e-12,-0.943772
6136,5.85081e-12,0.0962703
6137,1.6078e-12,-1.86559
6138,7.57955e-12,2.86727
6139,5.98923e-12,-0.681231
6140,6.30723e-12,1.59656
6141,3.56408e-12,-2.56059
6142,7.60701e-12,0.836676
6143,1.54354e-12,2.96196
6144,7.34301e-12,-2.38848
6145,2.9755e-12,1.01112
6146,4.44815e-12,-1.23556
6147,3.27669e-12,2.9503
6148,1.53136e-12,-1.9464
6149,7.65477e-12,3.01761
6150,9.73474e-13,-2.1712
6151,5.16038e-12,-3.07253
6152,2.85133e-12,-0.209414
6153,1.38118e-11,2.6346
6154,2.43993e-12,-0.91089
6155,5.74293e-12,-2.7498
6156,8.80882e-12,-0.181033
6157,1.41788e-11,2.50161
6158,4.56551e-12,3.00412
6159,1.01428e-11,2.67937
6160,4.52903e-12,-0.346658
6161,4.71042e-12,1.29735
6162,9.36286e-12,-3.10414
6163,3.90624e-11,1.69672
6164,2.1871e-11,1.61531
6165,2.48953e-12,-1.71964
6166,8.19936e-12,-0.759888
6167,3.50802e-12,-2.53735
6168,4.68459e-12,2.01816
6169,9.8081e-12,-3.02292
6170,3.65942e-12,2.69102
6171,1.05469e-11,-0.676328
6172,3.44579e-12,-2.03819
6173,2.20781e-12,-0.129741
6174,5.12325e-12,-2.07216
6175,1.08798e-11,3.1305
6176,1.33142e-12,1.82571
6177,4.13752e-12,2.18018
6178,1.93164e-12,2.73363
6179,9.92788e-13,1.40046
6180,2.59383e-12,-1.54634
6181,8.35514e-12,1.67421
6182,7.34374e-12,-2.49172
6183,4.73419e-12,-3.02492
6184,1.15202e-11,-2.17833
6185,9.86759e-13,0.344046
6186,2.3265e-13,1.99604
6187,4.12447e-12,-2.12872
6188,1.72063e-11,-1.5705
6189,1.37279e-11,-2.45134
6190,8.32678e-12,-2.77448
6191,1.60698e-12,-2.12995
6192,5.63354e-12,1.80953
6193,1.36253e-12,0.522492
6194,7.94943e-12,0.229179
6195,1.00939e-12,-0.240736
6196,3.56471e-12,0.24352
6197,4.2069e-12,-1.77965
6198,5.10975e-12,-0.313173
6199,5.1188e-12,-1.41403
6200,9.7397e-12,-2.36657
6201,2.01142e-12,-1.38693
6202,1.97513e-11,-1.75877
6203,1.79804e-12,1.43119
6204,9.57533e-12,0.547382
6205,2.88061e-12,0.609443
6206,3.54955e-12,-2.39519
6207,3.90766e-11,0.515753
6208,1.3259e-12,1.8304
6209,1.89725e-11,3.00706
6210,5.48852e-12,-0.87603
6211,3.41096e-12,0.894018
6212,7.11304e-12,-1.08675
6213,2.93296e-12,-0.381102
6214,2.68663e-12,1.43944
6215,5.52415e-12,-2.44222
6216,7.02204e-12,-2.16648
6217,1.33591e-12,-2.48809
6218,2.2594e-12,2.59632
6219,3.38744e-12,2.2956
6220,7.31274e-12,2.04659
6221,9.60437e-12,-0.625395
6222,9.34274e-12,2.92285
6223,8.07922e-13,-1.31821
6224,3.53659e-12,2.05081
6225,4.23802e-12,2.40987
6226,5.35017e-12,-2.58609
6227,3.6536e-12,-1.68863
6228,5.22929e-12,-1.05677
6229,1.34913e-12,1.64803
6230,2.20989e-12,-1.30407
6231,6.73139e-12,1.80849
6232,1.36982e-12,-1.36162
6233,4.68014e-12,1.58368
6234,2.74792e-12,2.11925
6235,8.9688e-12,0.944353
6236,1.23839e-12,2.89621
6237,6.81958e-12,-1.07994
6238,3.45449e-12,2.21259
6239,4.59212e-12,2.64323
6240,3.98481e-12,-2.62451
6241,5.40004e-13,-2.33947
6242,2.88537e-12,-1.54623
6243,7.0538e-13,3.05741
6244,2.20553e-12,-2.63358
6245,5.37931e-12,2.66213
6246,6.86272e-12,-3.07468
6247,3.1217e-12,2.75295
6248,3.42216e-12,2.11744
6249,2.03608e-11,-0.682949
6250,7.53803e-13,-2.18655
6251,3.29254e-12,2.70858
6252,1.91508e-12,0.483984
6253,6.60831e-12,3.08588
6254,2.15189e-12,-0.739055
6255,9.52127e-12,0.945564
6256,8.78505e-13,-2.44212
6257,2.54085e-12,1.56418
6258,1.16919e-11,-0.959125
6259,2.49032e-12,-2.90148
6260,7.67201e-12,-1.58929
6261,8.44769e-12,-2.23378
6262,3.64126e-12,-2.35439
6263,8.29069e-12,-1.84323
6264,2.71916e-12,3.00031
6265,1.8685e-12,0.0987934
6266,5.8458e-12,2.89583
6267,4.71691e-12,2.07299
6268,2.32841e-12,2.9218
6269,8.27107e-12,0.0662207
6270,4.41292e-12,-2.87975
6271,1.29133e-11,0.823588
6272,1.38741e-12,2.84116
6273,2.71785e-12,2.43769
6274,3.97798e-12,2.78036
6275,2.43916e-12,-1.74684
6276,1.02499e-12,-0.533802
6277,5.06744e-12,2.59189
6278,1.19912e-11,0.866769
6279,7.83628e-12,-0.593144
6280,1.77786e-11,-1.47179
6281,1.94364e-12,-2.22592
6282,5.12591e-12,0.994527
6283,3.47112e-12,0.77142
6284,4.12577e-12,2.85432
6285,3.02723e-12,-0.0267079
6286,1.37564e-11,1.66986
6287,3.81288e-12,2.82532
6288,3.03573e-12,0.461265
6289,4.7871e-12,-2.08055
6290,4.17293e-12,-2.3781
6291,4.18664e-12,0.21865
6292,1.50215e-12,-2.39707
6293,1.57816e-12,-2.83193
6294,3.32613e-12,2.76612
6295,6.89826e-12,-3.12196
6296,2.55341e-12,-2.59738
6297,4.08124e-12,-1.21223
6298,3.05606e-12,-1.40283
6299,1.0882e-11,1.13239
6300,6.51111e-12,-2.34625
6301,4.83138e-12,-2.07295
6302,2.99922e-12,2.5001
6303,1.06282e-11,-1.36484
6304,2.75814e-12,-1.76036
6305,2.56301e-12,-2.73182
6306,5.07797e-12,-3.01669
6307,3.74151e-12,2.03622
6308,3.50531e-12,2.37262
6309,4.6296e-12,2.03736
6310,6.23634e-12,-1.60288
6311,2.64083e-12,2.73935
6312,2.94104e-12,-2.27862
6313,6.40095e-13,-1.12891
6314,1.29698e-12,-2.25439
6315,2.19958e-12,3.02586
6316,2.43782e-12,-1.63784
6317,3.04887e-11,0.0546502
6318,3.04368e-12,-1.78743
6319,1.22977e-12,3.02147
6320,3.85129e-11,0.557577
6321,2.14383e-12,2.03632
6322,8.1585e-11,0.772277
6323,8.97888e-13,-0.776443
6324,2.7217e-12,-2.18643
6325,2.81941e-11,2.02316
6326,6.49195e-12,1.63195
6327,4.45697e-12,0.424934
6328,1.81754e-12,1.62221
6329,1.78301e-12,-0.988066
6330,8.30293e-12,2.29314
6331,3.18818e-12,-1.83155
6332,1.51808e-12,2.84881
6333,1.72772e-12,-1.9774
6334,4.07533e-12,-0.257016
6335,9.01903e-11,-1.01953
6336,5.82203e-12,-2.18591
6337,7.24297e-13,1.38372
6338,3.04303e-12,-2.96736
6339,1.12214e-11,-1.36609
6340,5.60767e-12,-2.32153
6341,8.63344e-12,-2.08898
6342,2.45783e-12,1.65846
6343,5.6952e-12,3.00385
6344,4.66365e-12,-0.342487
6345,1.34084e-12,0.149902
6346,3.03713e-12,-2.03867
6347,5.10117e-12,-3.01229
6348,5.56201e-12,-2.02893
6349,2.82361e-12,-0.318843
6350,1.70156e-11,-2.26307
6351,2.17909e-12,1.31045
6352,2.75743e-12,-2.9965
6353,3.54689e-12,2.44073
6354,9.63373e-13,-2.02449
6355,5.59568e-12,1.6175
6356,1.97875e-12,-0.137458
6357,3.61826e-12,-0.242655
6358,1.76617e-12,1.10599
6359,1.28306e-12,-2.92491
6360,1.36433e-12,1.93114
6361,9.28226e-13,1.90055
6362,3.15373e-12,0.796348
6363,2.83005e-11,-2.14886
6364,2.3736e-12,-2.39932
6365,2.58414e-12,-2.93301
6366,2.52799e-12,-2.03057
6367,4.82646e-12,2.37833
6368,7.16691e-12,-1.47088
6369,3.85036e-12,-2.7963
6370,3.4746e-12,-1.70272
6371,5.10356e-13,2.57426
6372,3.82495e-12,-2.80117
6373,2.6898e-12,-1.9223
6374,4.10948e-12,-0.317157
6375,3.68339e-12,2.95502
6376,4.72075e-12,1.62071
6377,5.40947e-12,1.61522
6378,1.7846e-12,2.52006
6379,7.32718e-12,-3.12605
6380,6.0354e-12,3.08313
6381,4.19536e-12,3.036
6382,4.75908e-12,0.961926
6383,1.87045e-12,-1.65692
6384,8.11689e-12,2.84894
6385,3.42488e-12,1.48712
6386,3.6056e-12,-1.84268
6387,2.94349e-12,2.30194
6388,2.20764e-12,-1.33547
6389,1.53905e-11,-1.69468
6390,4.67789e-12,2.1576
6391,3.32693e-12,-1.28127
6392,2.0301e-12,2.10569
6393,4.76588e-12,1.62204
6394,9.05078e-12,1.25094
6395,2.60085e-12,0.431657
6396,6.53844e-12,-2.35845
6397,2.79652e-12,-1.97707
6398,1.09907e-11,1.46645
6399,5.81178e-12,-1.42895
6400,5.12267e-12,2.71496
6401,1.30639e-12,1.54439
6402,6.21877e-12,0.233997
6403,5.06943e-12,-1.86963
6404,3.39744e-12,2.37938
6405,8.52108e-13,-0.664719
6406,2.30454e-12,-2.18454
6407,1.33786e-12,1.83758
6408,5.85577e-12,-2.32631
6409,6.18891e-13,1.13138
6410,3.31028e-12,0.118739
6411,2.94562e-12,-1.7973
6412,7.03839e-12,-0.914097
6413,5.37444e-12,-2.13353
6414,3.75446e-12,-1.45188
6415,1.51539e-12,-3.01875
6416,3.67997e-12,2.43771
6417,2.58474e-12,-2.54545
6418,3.83316e-12,0.740714
6419,2.73211e-12,2.75841
6420,2.58715e-12,2.70034
6421,1.46156e-12,-1.22167
6422,3.6117e-12,2.79604
6423,3.31029e-12,0.506996
6424,8.57521e-12,-2.02333
6425,1.10006e-11,-2.25507
6426,1.00995e-11,-2.70426
6427,3.50964e-12,-1.78487
6428,2.74974e-12,0.661639
6429,2.12422e-12,0.144434
6430,5.57876e-12,2.90258
6431,4.28538e-13,-1.72405
6432,5.38701e-12,2.3865
6433,1.03366e-11,1.65316
6434,5.04857e-11,1.7379
6435,1.66958e-12,1.40272
6436,1.28462e-12,-1.20663
6437,3.25208e-12,-0.778701
6438,1.03e-11,0.306513
6439,1.12392e-11,0.699396
6440,4.27924e-12,2.55606
6441,1.15509e-11,2.08939
6442,1.36917e-12,-3.12132
6443,3.27179e-12,-1.92634
6444,4.74073e-13,1.22107
6445,2.48697e-12,-0.350265
6446,7.72255e-13,1.0452
6447,1.50794e-12,0.331033
6448,3.06751e-12,-2.3804
6449,7.20213e-12,0.625346
6450,4.75793e-12,-2.7174
6451,7.90474e-12,-2.3043
6452,1.67029e-11,2.6226
6453,1.01449e-12,-1.05746
6454,5.58701e-12,0.41795
6455,1.60354e-11,2.25871
6456,2.87606e-12,0.485069
6457,5.65194e-11,-2.93131
6458,2.42352e-12,0.255567
6459,8.27936e-12,-0.541929
6460,7.675e-13,-2.8335
6461,2.03946e-12,2.66489
6462,5.21407e-12,0.411263
6463,9.32647e-12,1.6012
6464,1.18017e-11,-2.62768
6465,8.90141e-12,-2.33248
6466,8.47421e-12,-0.889117
6467,1.87669e-12,2.23429
6468,3.39365e-12,1.71488
6469,3.79192e-12,-1.37248
6470,1.12685e-11,-2.9062
6471,5.45031e-12,-2.3287
6472,7.9928e-12,-2.71867
6473,8.06576e-13,0.0929684
6474,4.81213e-11,-0.302376
6475,3.09947e-12,-2.76647
6476,1.41342e-12,-1.37603
6477,4.02787e-12,-1.52568
6478,1.28742e-12,-1.16912
6479,4.69269e-12,-2.85462
6480,5.49572e-11,1.12842
6481,1.29297e-11,1.91404
6482,1.70488e-12,-0.361019
6483,3.34409e-12,-2.37285
6484,4.4438e-12,-2.01952
6485,6.55985e-12,2.44466
6486,4.11267e-12,-2.97436
6487,1.03892e-11,0.902818
6488,3.09476e-12,2.27045
6489,1.58589e-12,-0.180796
6490,1.33597e-11,-1.96379
6491,3.61882e-11,0.733283
6492,4.53342e-12,-2.48643
6493,3.68966e-12,-1.49411
6494,1.48873e-12,2.37336
6495,8.50812e-13,0.620153
6496,4.40153e-12,0.0834569
6497,8.75377e-12,-3.03178
6498,5.74465e-12,3.10999
6499,1.88605e-12,-0.321529
6500,1.21549e-11,-1.38345
6501,4.01926e-12,-1.01393
6502,2.79964e-12,0.839004
6503,1.35175e-12,-2.9153
6504,1.59952e-12,2.19124
6505,4.39622e-12,-2.54583
6506,1.31157e-11,-2.47037
6507,4.36772e-11,1.47896
6508,2.78262e-12,-1.84174
6509,7.55329e-13,0.911806
6510,2.63006e-12,-2.45914
6511,6.79192e-12,3.13527
6512,1.37906e-11,-0.61604
6513,1.35641e-12,-0.73842
6514,1.75649e-12,1.96138
6515,2.02267e-12,0.464619
6516,9.18018e-12,-2.48972
6517,2.89478e-12,-2.85854
6518,2.55672e-12,3.11439
6519,1.64126e-12,-1.51668
6520,7.53549e-13,1.26081
6521,4.97596e-12,1.90844
6522,1.19097e-12,-1.98992
6523,2.25162e-12,-2.34512
6524,5.66069e-12,2.2777
6525,5.09148e-12,-1.81318
6526,1.92516e-12,-2.86637
6527,1.64639e-12,0.556889
6528,7.74816e-12,2.50045
6529,7.76728e-12,1.94686
6530,5.67866e-12,-2.07281
6531,3.75672e-12,-2.23827
6532,2.81053e-12,1.94894
6533,3.57247e-13,-1.49142
6534,3.40416e-12,-0.0517465
6535,9.11707e-12,2.34522
6536,5.49709e-11,-2.23605
6537,1.46375e-12,1.12854
6538,3.11687e-12,1.23177
6539,6.5716e-12,-2.45174
6540,7.90327e-12,-1.85812
6541,9.04365e-11,-1.53584
6542,3.88526e-12,-0.705171
6543,2.92129e-12,-3.10032
6544,1.55513e-12,-2.17892
6545,1.86191e-12,1.57773
6546,1.0143e-12,-1.7762
6547,1.81722e-12,-2.99263
6548,1.23112e-12,2.89434
6549,8.31797e-13,1.14632
6550,5.41969e-12,0.207243
6551,1.97054e-11,0.152727
6552,6.86229e-13,0.170976
6553,6.51058e-12,-2.93958
6554,9.87152e-12,1.82993
6555,6.62393e-12,-1.39552
6556,1.92103e-12,-2.45066
6557,3.18448e-12,-1.27563
6558,5.09382e-12,-2.57878
6559,2.77586e-12,-2.05953
6560,3.34298e-12,2.45763
6561,1.12518e-12,-1.68957
6562,9.17999e-12,-0.270169
6563,2.353e-12,0.452533
6564,9.45276e-13,-1.90642
6565,5.89792e-12,2.56193
6566,5.80466e-12,-1.93944
6567,1.41458e-12,-1.10633
6568,6.09233e-11,0.429819
6569,3.55176e-12,2.1689
6570,2.35776e-12,-2.11325
6571,9.13356e-12,0.764282
6572,2.84377e-12,2.08318
6573,4.96581e-12,-0.770235
6574,1.96831e-11,-1.6302
6575,1.70926e-12,0.5771
6576,1.90822e-12,2.73874
6577,6.09509e-12,-1.37806
6578,7.82391e-12,-0.622142
6579,3.43056e-12,1.81215
6580,1.08764e-11,2.12267
6581,2.36031e-12,-2.38982
6582,2.90756e-12,-0.735641
6583,3.95359e-11,1.49957
6584,1.02397e-11,0.849555
6585,1.94806e-10,-2.975
6586,1.64396e-11,-0.255114
6587,4.65516e-12,2.72806
6588,2.86931e-12,0.536144
6589,2.20569e-12,-3.12224
6590,1.58195e-12,0.779386
6591,2.87228e-11,-0.265122
6592,7.54502e-12,-1.59375
6593,9.87946e-12,-0.692645
6594,1.9398e-12,-2.54895
6595,7.66789e-12,1.91565
6596,1.71214e-12,-2.5253
6597,5.19095e-12,0.637854
6598,4.83525e-12,0.234585
6599,5.50216e-12,-1.34994
6600,3.2851e-12,2.58549
6601,3.02266e-12,3.08969
6602,6.22543e-12,-0.107526
6603,3.54984e-12,-1.04462
6604,2.78547e-12,1.20449
6605,3.01411e-12,0.861383
6606,2.52866e-12,-0.430399
6607,4.16617e-12,1.23934
6608,4.00405e-12,0.231178
6609,6.76579e-13,2.00165
6610,3.3706e-12,2.55217
6611,4.5914e-12,-1.45865
6612,1.2485e-12,-0.906545
6613,6.94398e-12,1.26693
6614,1.93403e-12,2.31866
6615,6.73382e-12,2.2624
6616,1.78517e-11,-2.08592
6617,3.83434e-12,2.90625
6618,1.2767e-12,0.532531
6619,7.28612e-11,1.00052
6620,4.39441e-12,3.00192
6621,2.193e-11,2.72881
6622,8.13196e-13,0.971366
6623,9.43925e-11,1.4291
6624,4.85245e-12,-1.234
6625,3.52069e-12,0.644366
6626,2.59679e-12,-2.26427
6627,5.9152e-12,-2.94101
6628,3.15583e-12,-1.67917
6629,4.44883e-12,2.29594
6630,3.81932e-12,-2.60273
6631,2.37421e-12,1.92358
6632,1.11245e-11,0.923723
6633,2.2477e-12,-2.71879
6634,8.33371e-11,1.98202
6635,3.98914e-12,1.15215
6636,6.31557e-12,0.56347
6637,1.06156e-11,2.82771
6638,5.17768e-12,-2.02093
6639,1.08676e-12,-2.64061
6640,2.73409e-12,-1.12822
6641,4.0581e-12,1.46188
6642,4.79393e-12,2.04972
6643,2.37317e-12,-2.6521
6644,7.16654e-12,-2.08004
6645,6.54295e-12,1.63271
6646,7.78927e-12,2.15214
6647,2.45622e-12,1.93672
6648,2.20379e-12,-2.46772
6649,3.27317e-12,1.85364
6650,9.50023e-12,0.483329
6651,3.96654e-12,2.34262
6652,1.22588e-11,-2.35397
6653,6.21685e-12,-1.98085
6654,4.01958e-12,-1.21482
6655,1.75879e-12,-2.36421
6656,1.37578e-11,1.24894
6657,5.92434e-12,0.435746
6658,1.69755e-12,1.30095
6659,7.18899e-12,-0.439243
6660,7.67959e-12,0.263763
6661,1.40808e-12,-2.47006
6662,2.59504e-12,-0.465757
6663,1.14845e-11,-3.033
6664,1.27113e-11,2.96871
6665,1.14438e-11,-1.69384
6666,6.2302e-12,2.52376
6667,4.75088e-12,3.0451
6668,3.79384e-12,-0.303512
6669,1.44096e-11,-0.655508
6670,2.29288e-12,1.09114
6671,2.73751e-12,0.450162
6672,3.94386e-12,2.79072
6673,7.34727e-11,-0.637373
6674,3.79461e-12,-3.10757
6675,3.64419e-12,-1.43014
6676,4.9371e-12,-0.265256
6677,2.11277e-12,2.19941
6678,2.37348e-12,2.70982
6679,2.6791e-12,2.84427
6680,1.07665e-11,-0.510571
6681,8.35235e-12,1.39868
6682,5.11071e-12,2.98906
6683,4.42528e-12,-2.43352
6684,1.09408e-11,1.05595
6685,3.38393e-12,0.889432
6686,9.11642e-13,-0.645089
6687,3.47822e-12,-2.41758
6688,7.76985e-12,-1.45545
6689,2.06717e-12,2.18696
6690,6.56003e-13,-1.75112
6691,1.84727e-13,-1.50391
6692,6.95351e-12,0.299922
6693,6.01421e-12,-2.45528
6694,2.49022e-12,2.92909
6695,6.43097e-12,-1.75287
6696,4.22621e-12,1.60905
6697,4.4855e-12,2.93295
6698,2.89965e-12,1.87885
6699,2.70162e-12,-0.422486
6700,3.85619e-12,2.66162
6701,4.93289e-12,0.909419
6702,7.4972e-13,2.48123
6703,1.18545e-12,2.68241
6704,2.25736e-12,-1.24365
6705,1.06258e-11,-1.03692
6706,3.79595e-12,1.12229
6707,3.9107e-12,1.67343
6708,8.2911e-12,-1.64321
6709,9.32491e-13,3.10549
6710,2.02841e-12,-1.22651
6711,2.73638e-12,-0.986744
6712,1.66054e-12,0.994154
6713,6.90752e-12,3.10311
6714,9.46886e-13,0.394447
6715,1.93359e-12,-2.12669
6716,2.13955e-12,2.56321
6717,1.45645e-11,-1.66358
6718,8.09194e-12,2.5971
6719,7.62075e-12,2.94917
6720,4.77892e-12,-1.53237
6721,2.43831e-12,-1.23707
6722,4.64623e-12,2.47011
6723,4.62505e-12,-0.966349
6724,2.57309e-12,-0.733488
6725,3.04873e-12,-2.73412
6726,5.02175e-12,1.15493
6727,1.03087e-11,-0.475675
6728,4.53061e-12,-2.59914
6729,6.81216e-12,-1.27281
6730,2.96307e-12,-0.805063
6731,4.01922e-12,-2.64878
6732,5.34425e-12,-1.71138
6733,8.68598e-12,2.82774
6734,9.69688e-13,-1.68852
6735,2.50264e-12,-2.50008
6736,1.12791e-12,2.75901
6737,2.37751e-12,3.08735
6738,2.90343e-12,-0.964192
6739,8.44318e-13,2.79101
6740,1.56758e-12,2.92293
6741,4.9429e-12,-2.40962
6742,4.74016e-12,2.93429
6743,3.75492e-12,1.37477
6744,3.73576e-12,-1.0683
6745,2.36028e-12,3.03842
6746,7.62524e-12,-2.07524
6747,1.5883e-12,-2.29957
6748,3.34013e-12,-1.15272
6749,9.20729e-13,2.17629
6750,1.61182e-12,2.02917
6751,5.13872e-12,-2.86575
6752,9.95371e-12,-0.00623725
6753,1.0009e-11,1.65803
6754,2.9386e-12,2.57411
6755,9.14067e-12,-0.592136
6756,1.76501e-12,-2.11232
6757,1.98404e-10,-0.156664
6758,4.07541e-11,0.813209
6759,1.42888e-12,0.1269
6760,8.33238e-12,-0.186504
6761,2.344e-12,1.73601
6762,1.91753e-11,-2.92756
6763,8.79168e-13,3.06871
6764,3.33901e-12,-1.45479
6765,1.31033e-12,-0.233993
6766,1.68107e-11,1.90014
6767,1.21462e-11,-0.487689
6768,1.30952e-12,-0.906298
6769,1.39301e-12,0.975803
6770,1.52591e-12,-1.60344
6771,3.52762e-12,1.92094
6772,2.75352e-12,0.541111
6773,3.7043e-12,-1.26682
6774,1.91287e-12,-0.225225
6775,8.34699e-11,-1.987
6776,2.94062e-12,0.284928
6777,4.94139e-13,0.542662
6778,6.40888e-12,-2.76953
6779,3.56748e-12,0.0199206
6780,2.19497e-12,-1.11133
6781,3.31017e-11,1.61504
6782,4.35669e-12,-3.14153
6783,1.35913e-12,2.98578
6784,1.27322e-11,-1.05755
6785,4.95163e-12,-1.8726
6786,2.85957e-12,-1.20901
6787,1.80025e-12,1.02687
6788,1.19755e-12,-2.54762
6789,5.19761e-12,-0.558955
6790,1.13964e-12,1.69342
6791,1.22114e-12,-1.70147
6792,7.00724e-13,-1.4116
6793,1.98006e-12,-2.54034
6794,2.68342e-12,0.0620279
6795,1.89115e-12,2.82236
6796,6.93897e-12,1.33016
6797,5.04224e-12,1.57051
6798,7.3503e-12,3.04599
6799,1.79219e-11,0.486563
6800,2.31615e-11,1.76305
6801,1.24779e-12,2.95845
6802,4.21231e-12,-2.14967
6803,3.52747e-12,-2.61314
6804,2.44777e-12,1.96644
6805,3.59644e-12,0.487222
6806,8.32621e-13,-0.486247
6807,5.22871e-12,2.43193
6808,3.85816e-12,1.4755
6809,1.75495e-11,0.97783
6810,6.83844e-12,2.87346
6811,3.27281e-12,-0.778364
6812,1.71883e-12,2.69873
6813,1.68753e-11,-1.99725
6814,6.59142e-12,-0.726398
6815,9.59577e-12,2.55945
6816,4.02314e-12,-1.78475
6817,6.35366e-12,1.22552
6818,2.87369e-12,1.09094
6819,1.03567e-11,2.9608
6820,5.31481e-12,0.0255289
6821,2.27455e-12,-1.24042
6822,8.64189e-12,-0.671701
6823,2.35931e-12,-0.0880958
6824,2.01662e-12,2.74039
6825,5.23672e-12,-1.74491
6826,2.55578e-12,-2.34867
6827,6.49526e-12,0.331475
6828,3.73047e-12,1.60255
6829,2.289e-12,3.01667
6830,3.13254e-12,-3.08237
6831,1.29145e-12,2.54284
6832,1.05242e-11,-1.18029
6833,5.24919e-12,-2.29625
6834,1.23701e-11,0.928066
6835,4.33316e-12,-2.92544
6836,2.93621e-12,-1.27876
6837,3.01436e-12,1.13084
6838,3.74069e-12,-0.934115
6839,6.07784e-12,-3.05854
6840,7.3092e-12,2.77048
6841,2.0157e-11,-2.683
6842,1.00802e-11,-0.397132
6843,4.19283e-11,1.22185
6844,3.79604e-12,0.151976
6845,1.17783e-12,-1.89152
6846,1.43481e-12,1.6787
6847,1.2745e-12,2.42906
6848,8.78214e-13,-1.14907
6849,6.16879e-12,1.43216
6850,8.45685e-12,0.0912057
6851,8.2648e-13,0.54661
6852,4.15353e-12,-2.85718
6853,5.4144e-12,-1.74574
6854,8.53643e-13,2.88625
6855,1.34278e-12,-2.22406
6856,2.14457e-12,-2.76487
6857,8.92178e-12,-1.7717
6858,1.44261e-11,-1.5066
6859,2.61432e-12,3.08033
6860,1.28911e-12,-2.53201
6861,4.29301e-12,1.80616
6862,7.47351e-12,-0.169731
6863,1.08539e-11,2.8767
6864,1.30159e-11,-0.210395
6865,4.07266e-12,1.09497
6866,7.407e-12,1.94535
6867,1.4981e-12,-2.15711
6868,4.32482e-11,-3.05005
6869,1.37784e-12,0.901014
6870,7.61132e-12,-0.854611
6871,2.56213e-12,1.9406
6872,8.94876e-12,1.70072
6873,4.52003e-12,-0.301844
6874,3.32386e-12,-1.55114
6875,2.04316e-13,0.108719
6876,5.29239e-12,2.85591
6877,2.08747e-11,-0.114323
6878,5.44617e-12,-2.58047
6879,7.87082e-12,-1.90439
6880,4.03483e-12,-0.875494
6881,8.52588e-12,-2.01137
6882,6.7568e-12,-1.89108
6883,4.01649e-12,0.0840351
6884,3.07019e-12,1.89074
6885,3.35701e-12,-0.944936
6886,2.34229e-12,-3.02441
6887,1.49103e-12,2.37988
6888,5.50654e-12,1.97512
6889,3.51871e-12,-2.76735
6890,5.27218e-12,-1.45013
6891,3.27183e-12,-0.54852
6892,3.4776e-12,-0.936718
6893,2.36964e-11,-2.40496
6894,2.78583e-11,-2.5251
6895,6.08669e-12,0.453859
6896,9.0817e-12,1.7079
6897,2.89027e-11,0.756177
6898,3.30837e-12,-2.72038
6899,3.22856e-12,2.41357
6900,1.61699e-11,-0.830742
6901,4.03366e-12,-3.07602
6902,5.73014e-12,0.0867051
6903,6.16622e-12,-0.684474
6904,5.25358e-12,1.40003
6905,2.60587e-12,1.11999
6906,1.11002e-11,0.782735
6907,2.9302e-12,-2.10566
6908,2.38006e-12,-2.62874
6909,5.03414e-12,-0.0339946
6910,3.80214e-12,2.58817
6911,1.36922e-11,0.126434
6912,5.63682e-11,1.52425
6913,5.07738e-12,1.06107
6914,5.55347e-12,-2.88408
6915,4.40013e-12,-2.1307
6916,3.06605e-12,-1.25013
6917,4.50237e-12,-1.7974
6918,7.94071e-12,-2.7353
6919,4.65085e-12,2.26161
6920,7.8272e-12,1.12042
6921,1.96315e-12,0.375587
6922,4.80776e-12,-1.98189
6923,3.21828e-13,-2.92284
6924,3.48973e-12,-0.948209
6925,8.13778e-11,-1.79678
6926,1.50842e-11,-0.580811
6927,3.84084e-12,-1.29196
6928,1.65629e-11,2.05986
6929,3.94105e-12,-2.88661
6930,5.4579e-12,0.770164
6931,7.85391e-12,0.832051
6932,3.70406e-12,-1.35139
6933,6.89901e-12,-1.88942
6934,3.38211e-12,1.24945
6935,5.62657e-12,-2.3131
6936,5.44798e-12,1.59654
6937,6.92184e-12,1.70034
6938,1.80057e-12,-0.215809
6939,4.77988e-12,-0.609594
6940,3.03824e-12,2.69304
6941,5.47707e-12,2.94099
6942,1.04843e-11,0.374595
6943,6.24834e-12,2.32019
6944,5.42844e-12,-1.32611
6945,3.83558e-12,1.75244
6946,1.08861e-12,0.805858
6947,3.65261e-12,-1.48631
6948,3.94002e-12,-1.66425
6949,4.53868e-12,-0.225453
6950,6.28538e-12,2.74008
6951,7.75887e-12,1.59956
6952,6.9458e-12,1.64256
6953,6.15263e-12,2.78387
6954,3.53903e-12,-0.811361
6955,2.20427e-11,0.79447
6956,5.37165e-12,-0.596131
6957,4.0107e-12,-0.0490076
6958,4.01847e-12,-0.97068
6959,1.06934e-11,-1.06659
6960,3.42434e-12,1.16986
6961,3.62415e-12,3.09072
6962,6.83221e-13,-2.46583
6963,9.79519e-12,0.554077
6964,1.37625e-11,-3.13719
6965,2.04695e-11,-0.328731
6966,3.70909e-12,3.08018
6967,4.09654e-12,1.46852
6968,8.84998e-12,0.0697359
6969,1.0985e-12,1.69525
6970,4.30222e-12,0.229615
6971,1.84002e-11,0.564999
6972,2.18608e-11,1.08793
6973,2.44487e-12,-1.08696
6974,9.10526e-13,0.890382
6975,3.91723e-12,1.69755
6976,4.18467e-12,-2.57654
6977,3.00869e-12,1.93131
6978,1.37241e-11,-0.766271
6979,2.97043e-12,-2.25771
6980,2.15181e-11,-1.91081
6981,6.3204e-12,-0.623362
6982,5.3645e-12,-2.46815
6983,9.77253e-11,3.03271
6984,1.00875e-11,-2.97557
6985,4.34532e-12,-2.66576
6986,6.45219e-12,1.13776
6987,3.08655e-12,2.73091
6988,4.61524e-12,-2.22564
6989,7.19058e-12,-2.98254
6990,3.33802e-12,2.97638
6991,7.10212e-12,-2.36052
6992,1.49348e-12,-1.70455
6993,6.10146e-12,1.38285
6994,1.02137e-11,-2.65618
6995,4.04659e-12,2.95869
6996,3.82484e-12,-0.169692
6997,6.04147e-12,1.34764
6998,7.99974e-12,-0.980318
6999,1.52342e-11,-0.780976
7000,1.26218e-11,-1.38831
7001,1.66625e-12,0.155004
7002,2.63466e-11,1.27381
7003,5.1192e-12,0.753792
7004,1.67486e-12,-0.72556
7005,1.87401e-11,-2.96966
7006,3.70596e-12,-1.31324
7007,8.46508e-12,-0.0923744
7008,3.2383e-12,-3.08076
7009,1.49882e-12,-0.149431
7010,1.54538e-11,2.34053
7011,2.7911e-12,-3.06601
7012,3.26622e-12,-2.40363
7013,1.9336e-11,-2.55552
7014,9.13623e-12,2.98406
7015,1.75254e-11,-2.01843
7016,6.28263e-12,2.56449
7017,2.94964e-12,-2.12467
7018,1.98524e-12,1.47941
7019,1.22949e-12,-2.44277
7020,3.41059e-12,-0.9663
7021,1.1626e-11,0.680002
7022,1.59895e-11,0.945307
7023,3.43709e-12,0.358027
7024,2.65321e-12,1.68298
7025,3.94801e-12,0.44206
7026,1.24844e-11,-0.802504
7027,6.50642e-12,-2.98304
7028,4.81379e-12,-1.13152
7029,3.88211e-12,-2.37045
7030,3.89879e-12,-1.23305
7031,4.77085e-12,1.38497
7032,5.60297e-12,2.72189
7033,8.62917e-12,1.9814
7034,1.99685e-12,2.62425
7035,7.15239e-12,2.04113
7036,3.10042e-12,1.39929
7037,5.2954e-12,-0.677205
7038,3.37363e-12,-3.0287
7039,2.65029e-12,1.16607
7040,1.171e-12,2.89207
7041,5.00963e-13,1.75092
7042,7.29315e-12,2.0449
7043,3.71127e-12,2.60501
7044,3.91316e-12,0.646068
7045,1.52168e-11,-0.329209
7046,1.46165e-12,0.625519
7047,2.25822e-12,-0.151686
7048,3.50669e-12,-0.277047
7049,1.33592e-12,1.8134
7050,8.28377e-12,-1.57384
7051,6.12216e-12,2.63524
7052,1.75149e-11,0.263201
7053,2.93592e-12,2.95864
7054,6.20465e-12,-1.7568
7055,2.60097e-12,1.80431
7056,1.47348e-11,0.00928268
7057,5.25384e-12,1.9664
7058,1.00715e-11,2.9891
7059,6.29457e-12,-0.189522
7060,8.29497e-12,2.7412
7061,2.11402e-12,-2.79401
7062,4.83194e-12,0.131598
7063,3.61209e-12,2.67759
7064,6.94591e-13,1.78168
7065,1.12182e-11,0.177585
7066,1.39055e-11,-1.79445
7067,1.9316e-12,2.40914
7068,6.19405e-11,-1.12409
7069,1.07189e-10,-2.31915
7070,3.69946e-11,-2.45538
7071,4.88924e-11,3.03045
7072,8.65488e-12,-0.27903
7073,1.52747e-11,2.764
7074,1.35251e-12,-2.16965
7075,2.03583e-11,2.54365
7076,1.92041e-11,1.94679
7077,1.52693e-11,1.16828
7078,2.04472e-12,-3.14054
7079,2.4183e-11,-1.32723
7080,1.75825e-11,-2.8314
7081,1.2671e-11,-2.24012
7082,5.61826e-11,1.83174
7083,1.87469e-12,0.0814068
7084,2.92112e-12,0.41485
7085,9.46017e-13,1.62133
7086,3.34636e-12,0.054258
7087,1.38915e-11,1.9825
7088,3.46303e-12,2.49162
7089,9.60715e-12,-0.513358
7090,4.94775e-12,-2.87325
7091,2.21285e-12,0.57656
7092,3.12018e-12,2.01881
7093,1.11543e-11,2.75718
7094,5.08901e-12,-0.824477
7095,3.79979e-12,1.04013
7096,2.14273e-12,-0.911841
7097,8.2847e-11,-1.32539
7098,3.99153e-12,1.35521
7099,6.03588e-12,0.93797
7100,4.13597e-12,0.134839
7101,1.44846e-12,-2.89381
7102,2.37333e-10,1.40581
7103,2.96104e-12,-0.479285
7104,6.73775e-12,-1.01863
7105,7.65033e-12,-0.707266
7106,1.08909e-12,-2.92109
7107,4.8693e-12,1.47675
7108,4.78487e-12,0.711077
7109,6.48119e-12,0.401085
7110,1.57228e-12,1.37639
7111,9.00308e-12,-1.05345
7112,2.25751e-12,-0.796417
7113,4.67224e-13,-2.52588
7114,6.55949e-12,0.182582
7115,3.29994e-12,0.577873
7116,1.05661e-11,-1.98398
7117,5.24809e-12,-1.14678
7118,6.71252e-12,2.23913
7119,1.09888e-12,0.886017
7120,4.88213e-12,2.20989
7121,2.61843e-12,2.79911
7122,1.50573e-11,-0.0250296
7123,2.96772e-12,-2.0589
7124,6.56707e-12,-0.456563
7125,3.38503e-12,1.54282
7126,1.96594e-12,2.0285
7127,3.75674e-12,-1.923
7128,2.04161e-12,-2.87383
7129,9.42728e-12,-1.34484
7130,1.8487e-11,2.7456
7131,3.8058e-12,2.5643
7132,1.10967e-11,-0.875929
7133,4.11782e-12,0.927766
7134,2.89939e-13,2.98592
7135,3.51588e-12,-1.18078
7136,2.98757e-12,-2.55841
7137,2.65025e-12,2.17403
7138,2.73731e-12,-0.346398
7139,5.83466e-12,-1.68141
7140,4.77949e-12,1.02349
7141,3.59454e-12,0.271422
7142,1.3532e-11,1.34262
7143,5.52164e-12,-1.20526
7144,9.65248e-12,-2.00776
7145,7.45712e-12,-1.095
7146,5.4361e-12,-0.883479
7147,1.7482e-12,-1.1549
7148,5.12268e-12,-0.754279
7149,1.43049e-11,2.28151
7150,7.78826e-12,-0.665503
7151,2.75252e-12,1.119
7152,4.81118e-12,0.187808
7153,2.32042e-12,-1.70041
7154,4.8549e-12,-1.84401
7155,6.60091e-12,1.0153
7156,6.61575e-12,-2.6443
7157,1.22532e-12,-0.720158
7158,2.9187e-12,-1.8162
7159,2.86092e-12,-0.995482
7160,3.59025e-12,-1.88135
7161,3.09463e-12,1.13812
7162,6.80531e-12,1.30643
7163,1.10552e-12,-2.56372
7164,3.01405e-11,0.285653
7165,3.47228e-12,-1.49519
7166,6.17016e-12,2.83341
7167,8.28982e-12,-0.245208
7168,1.56304e-12,-1.77605
7169,1.66927e-12,2.07437
7170,2.58383e-12,-2.07167
7171,1.8179e-12,-1.76794
7172,1.31239e-11,-1.01045
7173,6.23386e-13,-3.11268
7174,3.18017e-12,-2.32837
7175,1.55992e-12,-2.45097
7176,5.10376e-12,1.75872
7177,1.87722e-11,3.10655
7178,1.09265e-12,1.55386
7179,1.13754e-11,-1.59848
7180,8.62428e-12,-3.13253
7181,5.06219e-12,-3.04019
7182,2.44215e-12,-2.68786
7183,1.7087e-12,-1.00043
7184,5.52102e-12,-1.78182
7185,1.50909e-11,0.998501
7186,4.99226e-11,2.16762
7187,1.1128e-12,2.10966
7188,4.98086e-12,1.33811
7189,7.89435e-12,0.578739
7190,1.3304e-11,1.57681
7191,2.59685e-12,1.90493
7192,9.23838e-12,0.73818
7193,6.58216e-12,-3.02988
7194,7.23523e-12,1.21352
7195,1.38805e-11,2.15548
7196,6.15534e-12,2.77395
7197,3.05165e-12,-1.30437
7198,2.05419e-11,0.642568
7199,2.381e-12,1.19474
7200,1.90925e-11,2.58965
7201,2.33512e-12,2.72242
7202,3.09345e-12,1.24546
7203,2.53255e-12,-2.25144
7204,3.09518e-12,-0.258546
7205,2.19275e-10,1.09905
7206,4.73353e-12,-0.363028
7207,6.64859e-12,-1.56748
7208,2.30995e-12,0.547204
7209,6.20391e-12,-1.54284
7210,3.38427e-12,2.11171
7211,4.0533e-13,0.0855193
7212,2.83469e-12,0.0856453
7213,6.05062e-12,1.38179
7214,3.1346e-12,-0.163109
7215,5.39487e-12,-2.82631
7216,4.83323e-12,-1.54682
7217,1.39143e-12,1.42864
7218,1.69968e-11,0.153171
7219,3.27353e-12,-0.78483
7220,1.42571e-11,-1.11894
7221,7.60226e-13,-0.898952
7222,1.13986e-11,0.495709
7223,9.96507e-12,2.0864
7224,1.59205e-11,-2.17812
7225,2.46208e-12,-2.90724
7226,8.69543e-12,1.57061
7227,2.09034e-12,2.87411
7228,1.36096e-12,0.0866476
7229,8.27898e-11,2.59814
7230,9.92085e-12,1.27694
7231,9.64733e-12,-2.10033
7232,5.11965e-12,0.242898
7233,6.46507e-12,2.78369
7234,5.119e-12,-2.36238
7235,4.47673e-12,-0.0747354
7236,4.7663e-12,0.184078
7237,1.69922e-11,-2.93301
7238,1.74698e-12,0.383022
7239,5.554e-12,-0.02824
7240,4.58514e-11,-0.293548
7241,2.58657e-12,1.24865
7242,8.43975e-12,-0.0753263
7243,2.04176e-12,-1.38067
7244,3.49759e-13,-0.363553
7245,3.87167e-12,-0.217086
7246,4.86582e-12,2.52868
7247,3.95983e-12,-1.39009
7248,1.38285e-12,-1.16567
7249,9.02396e-12,2.91338
7250,8.74145e-12,1.2524
7251,3.61709e-12,0.535325
7252,9.44415e-12,-2.07947
7253,5.1669e-12,1.17255
7254,1.41197e-11,0.56525
7255,2.91409e-12,0.370503
7256,2.269e-12,3.09806
7257,3.24246e-12,-2.12507
7258,3.89467e-12,2.63261
7259,1.50248e-11,-0.735004
7260,2.65035e-12,-0.351027
7261,9.10954e-12,-0.917521
7262,1.60063e-11,-1.14988
7263,7.5358e-13,-2.74856
7264,1.65089e-11,-0.562544
7265,1.20398e-11,-1.59245
7266,1.66862e-11,0.470923
7267,4.62212e-12,-2.358
7268,4.76963e-12,-2.51399
7269,6.63046e-12,-1.643
7270,4.91635e-12,-2.65887
7271,5.20308e-12,-1.03894
7272,7.46898e-12,-1.92303
7273,1.62e-12,1.12626
7274,7.17774e-12,1.64591
7275,6.06958e-12,1.54926
7276,8.37138e-12,-2.19932
7277,5.37019e-13,-2.20719
7278,1.54987e-11,-1.95389
7279,2.31417e-12,2.34396
7280,6.36109e-12,2.88659
7281,1.32335e-11,-2.1864
7282,6.69007e-12,1.05184
7283,4.74025e-12,-0.866571
7284,1.17489e-11,2.88869
7285,6.41723e-12,0.146622
7286,3.65651e-12,1.74835
7287,3.06484e-12,0.843176
7288,4.36544e-12,-1.42064
7289,2.66237e-11,0.43662
7290,8.39202e-12,0.426226
7291,7.01647e-12,1.99479
7292,8.68662e-12,2.00141
7293,1.63893e-11,-1.27081
7294,9.69999e-12,-1.51579
7295,4.21961e-12,2.01716
7296,2.66866e-12,-1.43812
7297,1.89928e-11,2.02058
7298,1.04075e-11,-1.89576
7299,1.25923e-11,-1.81022
7300,1.59111e-12,-0.065329
7301,9.39595e-12,-0.912746
7302,5.04293e-12,2.10113
7303,4.64841e-12,-1.59919
7304,1.9968e-11,-1.55196
7305,2.33324e-11,0.372243
7306,1.09145e-11,-0.614336
7307,4.06059e-11,-0.478704
7308,2.72277e-12,-1.81496
7309,1.60557e-11,-1.39281
7310,3.31016e-11,1.82588
7311,2.29494e-12,2.19352
7312,7.62799e-13,-0.296492
7313,1.08323e-11,-3.12078
7314,8.36659e-12,-1.97125
7315,2.94606e-12,-2.19636
7316,3.77359e-12,-0.537775
7317,1.26473e-11,0.468463
7318,1.49506e-12,-1.7469
7319,4.98185e-12,-1.09045
7320,2.12538e-11,-2.32562
7321,8.76384e-12,0.964376
7322,4.45223e-12,-1.22568
7323,1.94222e-12,-2.4251
7324,5.19028e-12,-2.91892
7325,3.92603e-11,2.93661
7326,2.29781e-11,-1.31042
7327,7.35452e-12,3.12131
7328,8.56371e-12,-2.29107
7329,2.61637e-12,-2.9381
7330,2.7616e-12,-1.69157
7331,1.02487e-11,-2.29088
7332,8.17111e-12,-2.4231
7333,5.76517e-11,-0.0231029
7334,3.80003e-12,-1.71893
7335,3.97856e-12,1.01257
7336,7.50787e-12,3.06343
7337,5.0451e-12,1.10191
7338,5.63926e-12,-1.28232
7339,9.17863e-12,0.243097
7340,6.44465e-12,2.44096
7341,9.08311e-12,-2.17796
7342,6.15836e-12,-2.93022
7343,2.62437e-12,-1.77242
7344,2.18963e-11,-1.6324
7345,1.2215e-11,-1.85171
7346,1.09706e-11,-1.43645
7347,8.62884e-12,1.73951
7348,1.60962e-11,-2.778
7349,1.78795e-11,-3.10687
7350,5.44451e-12,-3.06123
7351,1.40343e-11,0.229771
7352,9.77825e-12,-0.155694
7353,4.4219e-11,-1.81606
7354,2.17221e-12,-1.00485
7355,1.93476e-12,-1.91448
7356,1.2686e-11,2.38356
7357,2.91425e-12,-1.84277
7358,1.77486e-11,-2.92395
7359,1.61061e-11,-3.09395
7360,2.94769e-12,0.113281
7361,1.47222e-10,-1.55207
7362,6.91157e-12,-2.56117
7363,2.38275e-13,1.5159
7364,3.93626e-12,2.14069
7365,7.33222e-12,-2.01442
7366,8.7527e-12,-2.09976
7367,3.49597e-13,2.00676
7368,5.66887e-12,0.336818
7369,5.52271e-12,-0.523988
7370,1.47078e-11,-1.65692
7371,8.49632e-12,3.09264
7372,8.16788e-12,-0.0553091
7373,3.84576e-12,-1.97977
7374,7.81503e-12,2.13586
7375,1.30857e-12,-0.6722
7376,4.05898e-11,0.459231
7377,9.76879e-12,-1.65123
7378,8.07065e-13,2.70415
7379,2.53877e-11,-0.0563865
7380,5.852e-12,-1.07131
7381,1.87276e-12,3.11654
7382,4.57221e-12,-0.0533662
7383,1.21841e-11,3.06282
7384,1.43805e-11,-0.897193
7385,1.59143e-11,-0.700726
7386,5.35749e-12,0.786562
7387,1.71753e-11,2.69745
7388,5.89757e-12,-1.49193
7389,2.57961e-11,-1.00722
7390,5.43075e-12,0.54631
7391,1.11072e-11,1.38133
7392,1.99642e-12,-1.09569
7393,6.7252e-12,0.0168767
7394,7.57632e-12,-2.98347
7395,1.63758e-12,1.0573
7396,1.11309e-11,-1.47151
7397,4.82569e-12,-1.43935
7398,2.92712e-11,1.31127
7399,1.15265e-11,2.03534
7400,4.508e-11,-1.34301
7401,2.48893e-11,-2.78408
7402,1.14953e-10,1.23593
7403,4.88315e-12,-2.42579
7404,5.46081e-12,2.3713
7405,1.52812e-11,1.53653
7406,3.16741e-11,1.41942
7407,8.24603e-12,0.179096
7408,2.49208e-12,-1.60979
7409,1.78068e-12,2.36616
7410,1.89987e-11,-2.38797
7411,4.11224e-11,1.16734
7412,1.07589e-11,0.974838
7413,3.1397e-12,0.855091
7414,7.10708e-11,-1.09501
7415,5.43233e-12,0.0810887
7416,9.44601e-12,-2.09468
7417,6.1368e-12,1.34038
7418,1.71553e-11,-2.10616
7419,4.57029e-12,1.59384
7420,2.6309e-11,2.47809
7421,7.38438e-12,2.98376
7422,6.72695e-12,3.04462
7423,7.84977e-12,-2.47838
7424,3.89404e-13,1.45639
7425,8.98476e-12,1.03476
7426,1.20829e-11,0.983446
7427,3.26013e-12,0.619961
7428,4.59801e-12,-2.80615
7429,2.33204e-11,-0.482361
7430,4.13257e-12,-2.35793
7431,3.13386e-12,1.81413
7432,1.44217e-11,-1.90489
7433,7.10696e-12,-1.52013
7434,9.96536e-12,0.705296
7435,1.68148e-11,3.06362
7436,4.03578e-12,2.83126
7437,7.43732e-12,0.369656
7438,9.76791e-12,-0.00777417
7439,1.00485e-11,0.818199
7440,1.17405e-11,-0.989824
7441,5.86444e-12,-2.1515
7442,2.32779e-12,1.32428
7443,2.72567e-12,0.135913
7444,1.10559e-11,0.119877
7445,4.84826e-12,2.48512
7446,1.92094e-12,-0.930465
7447,9.26085e-11,0.238371
7448,2.83605e-12,1.60832
7449,2.12804e-11,2.31672
7450,3.77938e-12,-2.66702
7451,3.74094e-11,-0.660925
7452,2.2114e-12,-0.942319
7453,1.64875e-12,2.04592
7454,7.031e-12,-2.63659
7455,8.0044e-12,0.599366
7456,1.89928e-11,-1.14442
7457,1.30771e-11,3.01235
7458,1.2725e-11,2.79534
7459,7.1742e-12,-0.416503
7460,4.83836e-12,-1.20572
7461,2.35636e-11,-0.332801
7462,8.42592e-12,2.26072
7463,1.55157e-11,-1.83399
7464,2.04218e-11,-2.81338
7465,3.38615e-12,2.3223
7466,1.22847e-11,2.66986
7467,1.19179e-11,-0.636918
7468,4.40922e-12,1.02721
7469,4.01072e-11,-2.64024
7470,1.0093e-11,2.88131
7471,6.14604e-13,2.77107
7472,4.49683e-12,-1.7875
7473,2.1609e-11,0.558904
7474,7.16814e-12,1.27536
7475,1.90936e-11,-2.90784
7476,1.50532e-11,-1.56554
7477,3.49956e-12,2.87022
7478,1.6165e-11,1.63371
7479,6.63596e-12,-2.82548
7480,6.93968e-12,2.53416
7481,8.24963e-12,1.17032
7482,2.23002e-12,2.8946
7483,1.42943e-11,-2.05309
7484,6.28942e-11,2.19415
7485,5.96872e-12,-2.20828
7486,9.84228e-12,2.88961
7487,1.60625e-11,1.38413
7488,4.66325e-12,-1.76195
7489,5.1348e-12,0.620996
7490,5.18684e-12,-1.93472
7491,5.41135e-12,-3.07364
7492,2.91271e-12,-2.85798
7493,7.65679e-12,-0.308099
7494,1.09443e-11,-3.00437
7495,2.84478e-12,-1.6489
7496,3.02219e-11,-1.17093
7497,2.49727e-11,-1.64132
7498,4.0054e-10,-2.19669
7499,4.81281e-12,-2.30604
7500,2.00454e-11,1.88839
7501,1.35714e-11,-0.367918
7502,2.91975e-11,-0.141015
7503,3.14738e-12,0.267305
7504,1.11138e-12,0.251341
7505,8.21111e-12,0.540464
7506,1.97535e-11,-1.58263
7507,3.90885e-12,-1.82068
7508,5.93945e-12,-1.62782
7509,1.87908e-11,-2.02361
7510,7.46146e-12,1.83761
7511,1.1902e-11,-1.54562
7512,7.5909e-13,2.94043
7513,8.92113e-12,-0.962404
7514,5.67706e-12,0.72136
7515,8.04108e-12,-1.27658
7516,5.16993e-12,-0.670609
7517,7.25891e-12,-2.43464
7518,7.40146e-12,-0.319759
7519,2.45123e-12,-0.156405
7520,3.44594e-12,1.55566
7521,2.22754e-11,-1.97231
7522,3.72851e-12,-0.617428
7523,4.47005e-12,0.592764
7524,9.53887e-11,-0.638223
7525,1.27553e-11,-0.838988
7526,2.9279e-12,0.215026
7527,1.93174e-11,2.78385
7528,8.40743e-12,2.97807
7529,1.01047e-11,-2.77965
7530,1.15515e-11,0.642746
7531,1.38191e-12,1.85753
7532,1.27078e-11,1.64626
7533,9.32209e-13,-1.76516
7534,7.91539e-12,3.09418
7535,4.14616e-12,-2.43868
7536,1.34671e-11,2.76249
7537,7.36203e-12,0.219992
7538,5.76895e-12,-0.485619
7539,1.47038e-11,1.04758
7540,4.54009e-12,-3.12005
7541,9.28291e-12,1.39863
7542,3.56776e-12,-1.51896
7543,3.30749e-12,0.532047
7544,5.30055e-12,2.66259
7545,7.61175e-12,-2.58133
7546,5.5766e-11,2.31981
7547,3.03313e-12,2.91638
7548,2.76051e-12,-1.51268
7549,7.84986e-12,-1.59971
7550,3.9512e-12,-3.04446
7551,1.25715e-12,1.076
7552,3.11253e-11,-1.76267
7553,7.35463e-12,-1.62498
7554,1.01255e-11,-2.88827
7555,4.43612e-12,-2.9744
7556,9.72343e-12,2.99613
7557,2.57119e-12,0.615602
7558,8.85007e-13,-2.84815
7559,1.59361e-12,-2.86621
7560,3.9969e-12,0.979754
7561,4.58198e-12,2.02154
7562,3.02134e-12,3.10651
7563,2.45322e-12,-1.57114
7564,8.21907e-12,-1.85771
7565,1.67044e-11,1.7882
7566,1.30384e-11,0.195322
7567,4.71598e-12,-1.05625
7568,2.13582e-12,2.18886
7569,1.3446e-12,1.35129
7570,7.94832e-12,0.386223
7571,7.06105e-12,1.58952
7572,3.22895e-11,1.18612
7573,4.49519e-12,-1.64132
7574,5.44298e-12,2.56783
7575,7.57415e-12,2.76746
7576,1.72824e-11,-2.26811
7577,5.96396e-12,1.64691
7578,2.22261e-12,2.78491
7579,3.50405e-12,-2.47107
7580,5.20834e-12,-1.33474
7581,8.02624e-12,-0.387282
7582,1.92273e-11,-3.0992
7583,1.4672e-12,-1.12047
7584,8.75946e-12,-2.43137
7585,1.41864e-11,-2.7938
7586,5.42718e-11,0.780122
7587,1.53929e-11,1.38154
7588,1.85825e-12,-0.278536
7589,5.93363e-12,-2.35345
7590,4.80147e-11,-2.11824
7591,1.50547e-11,-0.414969
7592,1.0268e-11,0.161187
7593,6.17165e-12,-1.88926
7594,1.86169e-12,-0.379399
7595,1.87609e-11,-2.55961
7596,2.11525e-11,-1.88693
7597,3.63768e-12,-1.89867
7598,1.25755e-11,-2.25744
7599,5.48658e-12,-0.265626
7600,6.36787e-12,0.472499
7601,7.94308e-12,2.31842
7602,2.20492e-12,0.974555
7603,1.90824e-12,-1.05659
7604,5.83057e-12,-1.09746
7605,2.2349e-11,1.85318
7606,1.68429e-11,0.491129
7607,2.048e-12,-1.22839
7608,4.66622e-12,-2.40189
7609,3.85121e-12,2.30954
7610,3.15355e-12,-1.54621
7611,7.88408e-12,-1.57411
7612,1.04873e-11,-0.259214
7613,2.59089e-12,-0.851147
7614,3.67429e-12,-0.484342
7615,1.09213e-11,1.0011
7616,6.19696e-12,1.67386
7617,5.36497e-12,1.43866
7618,4.26813e-12,-0.0584141
7619,3.92088e-12,-0.984784
7620,5.14315e-12,2.50754
7621,3.73483e-12,-0.470738
7622,1.17714e-12,2.2823
7623,4.11491e-11,-1.2777
7624,3.91612e-12,2.16167
7625,1.50681e-11,-0.601993
7626,3.25357e-12,-2.16873
7627,4.70411e-12,1.30115
7628,5.34688e-12,-0.700981
7629,5.19398e-13,-0.0508325
7630,1.21444e-11,-2.34877
7631,2.7927e-12,3.10747
7632,4.27131e-12,1.2123
7633,6.57427e-12,2.79158
7634,2.51392e-11,1.68062
7635,1.3064e-11,-0.473422
7636,8.67531e-13,1.65502
7637,6.70268e-12,-1.18022
7638,1.44229e-11,1.60358
7639,8.92553e-12,-3.11887
7640,6.90199e-12,-1.99929
7641,6.53405e-12,-0.872583
7642,2.18708e-12,2.57762
7643,3.56124e-12,3.08433
7644,6.63342e-11,2.03955
7645,1.6107e-12,0.758556
7646,1.00286e-11,2.84033
7647,4.19318e-12,0.711452
7648,7.63881e-12,1.64648
7649,1.28524e-12,2.33248
7650,5.37515e-12,-2.40071
7651,3.96655e-12,2.51899
7652,3.63014e-12,-0.0459365
7653,8.67874e-12,1.17054
7654,4.33068e-12,-1.82851
7655,4.06167e-11,2.39582
7656,8.62283e-12,2.43787
7657,3.00902e-11,1.01858
7658,1.47641e-12,-0.114132
7659,1.76826e-11,-1.48752
7660,1.75084e-11,-0.492517
7661,3.25279e-11,-1.85065
7662,2.50667e-12,2.95649
7663,4.2939e-12,-0.181414
7664,9.02728e-12,0.639943
7665,3.4255e-12,2.98429
7666,6.7836e-12,-1.36035
7667,1.71508e-11,-2.20211
7668,2.7056e-12,2.58534
7669,4.26106e-12,-1.09628
7670,1.85581e-11,-2.30588
7671,2.51448e-11,1.69379
7672,6.54955e-12,-0.205521
7673,3.8746e-12,-1.38895
7674,7.6849e-12,1.9066
7675,5.6946e-12,-1.23151
7676,2.00268e-11,-1.26554
7677,2.7105e-12,-1.66746
7678,2.93572e-12,-0.290316
7679,3.12642e-12,2.82915
7680,3.37676e-12,1.0747
7681,6.89088e-12,0.301369
7682,2.3196e-12,2.61835
7683,8.3313e-12,2.70775
7684,2.46362e-12,3.11974
7685,4.24501e-12,-1.8452
7686,4.24194e-11,-0.679167
7687,2.43066e-12,1.56957
7688,8.51672e-12,-1.71947
7689,3.26483e-12,1.30696
7690,2.60809e-11,-3.1293
7691,7.00079e-12,-1.56833
7692,4.4376e-12,0.322141
7693,2.63323e-10,-0.898696
7694,1.3651e-12,2.13203
7695,5.09268e-11,2.09369
7696,4.843e-12,0.72605
7697,6.72427e-12,-1.30849
7698,2.72456e-13,-0.429961
7699,5.63747e-12,0.141612
7700,6.61402e-12,1.55737
7701,4.13558e-12,2.02291
7702,8.47848e-12,-0.466082
7703,1.55906e-11,0.378168
7704,5.94449e-13,0.0663919
7705,2.55664e-11,-1.45007
7706,1.62793e-12,-0.855084
7707,3.52582e-11,0.602913
7708,7.36339e-11,-1.50175
7709,6.5401e-12,2.56939
7710,4.55761e-12,2.72367
7711,1.10741e-11,1.05044
7712,6.71172e-12,-0.601512
7713,7.28545e-12,0.365444
7714,2.83921e-12,1.99526
7715,6.7633e-12,0.0029006
7716,5.41026e-12,-2.62402
7717,1.08773e-11,-1.78434
7718,4.92334e-12,-1.18681
7719,2.79118e-12,-0.525028
7720,4.80534e-12,1.63835
7721,3.1682e-12,1.64588
7722,2.44641e-12,0.548023
7723,1.47212e-11,2.21798
7724,3.14815e-12,2.22902
7725,7.57025e-12,-2.26838
7726,1.14867e-11,1.11555
7727,3.92011e-12,0.903196
7728,7.3758e-12,-1.06831
7729,7.91626e-12,2.66584
7730,1.05252e-11,-1.23068
7731,9.82111e-12,2.38787
7732,4.37846e-13,1.01326
7733,1.20736e-11,-1.47375
7734,9.86225e-12,-0.533815
7735,1.1508e-11,-2.70732
7736,6.78149e-12,1.02879
7737,1.32969e-11,1.93101
7738,9.61204e-12,1.6774
7739,3.61208e-12,0.334601
7740,1.29108e-11,2.9093
7741,7.7977e-12,1.36363
7742,1.45344e-12,2.09371
7743,1.39044e-11,-1.65787
7744,4.69517e-12,0.127909
7745,7.4299e-12,0.0101847
7746,4.5663e-12,-1.44984
7747,2.00487e-11,1.58849
7748,7.2108e-12,-0.525244
7749,3.55065e-12,2.0298
7750,1.53287e-11,-2.61309
7751,5.35918e-12,-0.236482
7752,2.01218e-12,-1.92685
7753,8.06073e-12,2.51138
7754,1.59994e-12,-2.78293
7755,4.78733e-12,2.4365
7756,6.58239e-12,-1.22988
7757,6.66009e-12,2.29995
7758,1.94046e-11,1.71903
7759,7.63111e-12,2.87136
7760,1.05099e-11,-0.0830985
7761,1.9601e-11,1.4207
7762,9.03985e-12,2.25708
7763,8.12468e-12,-2.13969
7764,7.50979e-12,0.0615356
7765,3.51734e-12,0.0261846
7766,5.55269e-12,-1.87294
7767,1.03072e-11,0.977711
7768,1.6039e-11,2.35376
7769,4.59808e-12,-1.57033
7770,2.53756e-12,-0.487342
7771,2.54468e-11,-2.55464
7772,8.93015e-13,-2.30847
7773,1.29752e-11,3.10159
7774,7.95371e-12,-1.30539
7775,8.40185e-13,1.90048
7776,1.92446e-11,-1.92559
7777,1.45096e-11,0.189817
7778,1.7935e-11,0.463816
7779,1.07802e-11,-1.60816
7780,4.36747e-11,1.94854
7781,2.79265e-12,2.88886
7782,4.9781e-12,0.606751
7783,8.36122e-12,2.12178
7784,4.43544e-12,2.16886
7785,1.44286e-12,-0.997947
7786,6.71503e-12,-1.39111
7787,2.64446e-11,3.07854
7788,3.83337e-11,1.6365
7789,8.07607e-12,1.21343
7790,2.63525e-12,1.74283
7791,9.10826e-11,-0.343448
7792,3.5096e-12,-0.737883
7793,4.85896e-12,0.782085
7794,1.3299e-11,0.953391
7795,1.48636e-11,3.09186
7796,3.28673e-11,2.89165
7797,5.78993e-12,-2.64068
7798,6.33176e-11,2.9198
7799,7.73055e-12,-0.149481
7800,8.88889e-12,-1.73955
7801,2.19378e-12,-1.79776
7802,2.2992e-11,-2.01739
7803,2.63818e-11,-1.00165
7804,4.84286e-12,2.69818
7805,2.80122e-12,-2.97406
7806,3.22965e-11,2.80135
7807,4.49479e-12,3.05569
7808,3.76865e-12,-1.4456
7809,5.50761e-12,-0.551557
7810,4.43677e-11,1.63351
7811,1.70779e-11,-0.681339
7812,3.96968e-12,-1.88569
7813,6.21765e-12,3.13671
7814,7.86739e-12,1.82407
7815,8.41584e-12,-1.52616
7816,3.29236e-11,-1.76465
7817,9.3882e-12,-0.486912
7818,3.52662e-12,2.19525
7819,1.44157e-12,-2.10725
7820,6.7961e-12,-2.89128
7821,4.75009e-12,1.01253
7822,2.55931e-11,-0.0810326
7823,3.26863e-11,0.315374
7824,3.40354e-12,-0.981357
7825,5.38454e-12,0.577421
7826,3.59094e-12,1.88234
7827,1.04676e-11,1.30491
7828,1.41047e-11,2.8472
7829,8.55407e-12,-0.886416
7830,1.76788e-12,-0.443906
7831,5.31773e-12,2.61081
7832,3.66607e-12,-2.67101
7833,4.13281e-12,0.279863
7834,1.23537e-12,2.21713
7835,1.54795e-11,1.98486
7836,5.59155e-12,-1.00946
7837,4.47275e-12,2.50457
7838,5.27183e-12,-2.07142
7839,2.27264e-12,2.84242
7840,7.1295e-12,1.37193
7841,5.87162e-12,2.8887
7842,6.64634e-12,1.46024
7843,1.0338e-11,2.24807
7844,7.17665e-12,-1.12839
7845,1.67137e-11,1.62463
7846,8.34848e-12,0.492615
7847,1.30146e-11,-2.73599
7848,1.35e-12,2.86937
7849,8.25209e-12,-0.912184
7850,7.76169e-12,2.4296
7851,2.48099e-12,-2.25734
7852,3.30297e-12,0.140461
7853,1.03928e-11,-0.676954
7854,2.78826e-12,2.12618
7855,2.401e-12,-1.45845
7856,1.41576e-11,-2.86212
7857,4.31983e-11,-2.3766
7858,1.0309e-11,0.609498
7859,1.47081e-11,-2.5169
7860,2.31893e-11,-2.84845
7861,1.02258e-11,-0.848811
7862,1.55398e-12,-1.73168
7863,1.69072e-12,1.73105
7864,1.3337e-12,2.27455
7865,8.05182e-12,2.43383
7866,6.98364e-12,-1.50519
7867,2.29471e-12,0.468563
7868,3.64184e-11,0.0606292
7869,1.21204e-11,-2.6608
7870,4.34148e-11,-3.10874
7871,1.19038e-11,2.88147
7872,6.38425e-12,-0.229739
7873,4.71303e-12,-1.26025
7874,1.00668e-11,-0.074798
7875,2.41916e-12,-2.10436
7876,5.26702e-12,-1.26744
7877,3.58201e-12,0.186974
7878,3.57143e-12,-1.66344
7879,3.51288e-12,0.956339
7880,1.80138e-12,-0.675975
7881,2.23916e-11,-0.288107
7882,1.32137e-11,-0.648157
7883,9.75411e-12,-2.30295
7884,3.94605e-12,1.73183
7885,1.19332e-11,2.73803
7886,1.71206e-11,-2.48169
7887,8.97821e-12,-1.34403
7888,2.10344e-12,-2.16398
7889,6.68488e-12,1.38338
7890,1.76265e-10,-1.1082
7891,2.6102e-11,1.73098
7892,3.96858e-11,-2.06346
7893,1.36575e-11,-0.149956
7894,1.08089e-10,1.67645
7895,1.44363e-11,-2.09586
7896,5.56633e-12,1.13011
7897,2.48143e-12,-1.89541
7898,5.84373e-12,2.8345
7899,1.44132e-11,-2.12418
7900,5.25604e-12,-0.626767
7901,7.62234e-12,1.56566
7902,9.93335e-12,-1.02524
7903,8.41184e-12,2.70112
7904,1.12708e-11,1.9933
7905,5.09457e-12,-1.34923
7906,6.82038e-12,0.642933
7907,1.74503e-11,-0.71274
7908,1.19456e-11,1.73381
7909,8.61263e-12,0.906399
7910,1.30907e-12,-1.44395
7911,9.43323e-12,0.225608
7912,1.207e-11,-1.6084
7913,2.4443e-11,1.12404
7914,1.85465e-11,-2.87625
7915,2.58179e-12,3.07019
7916,3.97885e-12,1.08332
7917,8.9011e-12,1.14809
7918,1.11857e-11,1.57554
7919,3.01913e-12,-0.3994
7920,7.85329e-12,-1.51346
7921,1.42715e-11,-0.909311
7922,4.33679e-12,-2.75281
7923,3.53825e-11,-0.571496
7924,7.11577e-12,-2.86135
7925,6.85184e-12,0.522579
7926,1.17212e-11,-1.70465
7927,1.01524e-12,0.646136
7928,6.91434e-11,1.73315
7929,3.01799e-12,0.957788
7930,1.00243e-11,-0.417906
7931,1.77302e-12,1.87148
7932,3.53111e-12,2.23982
7933,4.20126e-11,0.72956
7934,3.57945e-12,0.675338
7935,6.36351e-12,0.129002
7936,2.86536e-12,-0.896447
7937,6.44874e-12,1.79979
7938,4.50465e-12,1.76964
7939,1.99692e-12,-0.382949
7940,5.50624e-12,-2.20035
7941,6.55118e-12,2.57921
7942,1.43716e-11,-1.03627
7943,1.40875e-11,-2.52533
7944,8.95571e-12,-1.00899
7945,7.94971e-12,-2.74839
7946,7.99611e-12,0.555316
7947,6.30802e-12,0.205776
7948,7.68061e-12,-0.259624
7949,2.22975e-13,-2.83738
7950,8.67887e-12,1.50617
7951,1.05799e-11,2.87388
7952,9.6991e-12,-0.89534
7953,2.89824e-11,0.516594
7954,4.03565e-12,3.03395
7955,9.11831e-12,-0.304703
7956,6.72705e-12,-0.040781
7957,4.12921e-12,1.46203
7958,2.98153e-11,1.74093
7959,4.91204e-12,2.39844
7960,1.43767e-11,-1.68331
7961,1.07221e-11,1.82331
7962,1.28001e-11,-0.42286
7963,1.37466e-11,0.0425961
7964,1.88325e-11,-2.76611
7965,3.8104e-12,-0.846208
7966,1.0701e-11,-1.85915
7967,9.05826e-12,0.431304
7968,8.56795e-12,1.7101
7969,3.41078e-11,-2.1273
7970,4.93073e-12,-2.47802
7971,2.47359e-11,2.38229
7972,3.22122e-12,0.10619
7973,6.7545e-12,-1.95491
7974,4.65086e-12,0.126168
7975,6.03172e-12,0.18259
7976,3.62484e-12,-1.37589
7977,2.54872e-12,-3.07849
7978,1.47872e-11,2.76498
7979,5.29207e-12,0.0510482
7980,4.00568e-12,1.21697
7981,9.77294e-12,3.00038
7982,2.76527e-12,3.00307
7983,5.95755e-12,-1.96723
7984,1.37208e-11,-0.842599
7985,8.81225e-12,-2.84883
7986,5.78946e-12,-2.52696
7987,6.89751e-12,0.0383843
7988,3.93545e-12,-1.47098
7989,3.05045e-12,-1.83446
7990,3.8944e-12,3.0806
7991,5.60457e-12,-0.697863
7992,1.06121e-11,-2.88831
7993,1.68126e-12,2.92198
7994,7.78703e-12,0.300907
7995,1.1489e-11,0.348005
7996,6.9369e-12,-1.03028
7997,1.12803e-11,0.267711
7998,3.68629e-12,-0.32994
7999,7.89616e-12,-1.9904
8000,1.84849e-11,0.834469
8001,1.49311e-11,3.12401
8002,7.3374e-12,2.40145
8003,3.65364e-11,2.83544
8004,4.36533e-12,-1.84051
8005,7.33279e-12,0.273224
8006,7.53449e-12,2.95683
8007,1.0561e-11,2.19399
8008,1.80451e-11,1.56499
8009,1.50093e-11,0.290395
8010,3.92508e-12,1.27889
8011,9.20551e-12,-0.164379
8012,1.07897e-11,2.43951
8013,3.70876e-12,1.10141
8014,3.70257e-12,-2.69672
8015,5.94396e-12,1.58959
8016,1.87103e-12,2.52269
8017,6.96077e-12,0.0267522
8018,1.88907e-12,0.819164
8019,5.13455e-12,2.43475
8020,1.29127e-11,0.0116691
8021,1.53999e-11,0.304767
8022,5.60631e-12,0.703802
8023,5.42505e-12,-0.985957
8024,1.91471e-12,-3.07853
8025,1.34705e-11,-2.10089
8026,1.5868e-11,-1.67706
8027,6.80024e-12,2.08404
8028,1.41187e-11,2.62025
8029,3.32486e-12,2.26965
8030,3.97393e-12,-2.60311
8031,3.79842e-12,3.03945
8032,1.17703e-12,2.89881
8033,2.44387e-11,1.34865
8034,2.3688e-11,-1.64716
8035,1.07593e-11,0.963742
8036,8.37621e-12,-2.57498
8037,4.80558e-12,3.03983
8038,9.05327e-13,1.1534
8039,1.23627e-11,-0.402436
8040,3.40974e-12,-3.08244
8041,8.84945e-12,-3.02544
8042,1.58583e-11,2.19778
8043,2.92345e-11,2.40876
8044,8.17213e-12,-2.66578
8045,3.92985e-12,-1.76771
8046,3.97206e-12,-2.54763
8047,7.14785e-12,2.36819
8048,9.75708e-12,0.872942
8049,5.59389e-12,-1.22322
8050,1.6863e-11,-0.265699
8051,2.50045e-11,-2.67673
8052,9.38795e-12,-2.98058
8053,3.02199e-11,2.27452
8054,6.07352e-12,-0.278254
8055,1.33072e-12,-0.264974
8056,3.82587e-12,0.153176
8057,6.9713e-12,-2.00037
8058,1.38898e-11,-0.289623
8059,5.00102e-12,1.89612
8060,8.50885e-12,2.1955
8061,7.08148e-12,-1.91206
8062,4.56367e-12,3.12083
8063,1.20847e-11,2.79694
8064,7.33024e-12,-1.07718
8065,7.30161e-12,-2.31221
8066,2.82658e-12,0.16659
8067,5.4927e-11,-0.943387
8068,1.49314e-12,-2.72242
8069,5.1961e-12,-2.65916
8070,7.43369e-12,1.47934
8071,8.56403e-12,-2.5006
8072,2.74386e-12,2.98039
8073,1.25293e-11,2.26124
8074,1.41382e-11,-2.22979
8075,2.85446e-12,-2.57313
8076,1.75222e-12,-0.248076
8077,3.38081e-12,1.95227
8078,1.51074e-11,-1.9581
8079,1.75075e-11,-3.00835
8080,2.26492e-11,1.25574
8081,1.31838e-11,2.27968
8082,1.1098e-11,2.15176
8083,4.82932e-11,-1.70712
8084,1.5454e-10,2.20426
8085,1.27026e-12,2.919
8086,1.54182e-11,-0.791104
8087,9.33975e-12,-1.37014
8088,4.22675e-11,0.567077
8089,5.90976e-12,2.31686
8090,5.59017e-12,1.14605
8091,5.87438e-12,-2.94428
8092,5.6934e-12,1.73421
8093,3.36973e-13,1.41191
8094,1.45621e-12,-0.223424
8095,1.76205e-12,0.125751
8096,3.7505e-12,1.38725
8097,2.09183e-12,2.61531
8098,5.08323e-12,-1.51638
8099,3.61582e-11,0.389198
8100,3.48185e-12,3.12527
8101,2.86544e-12,3.04036
8102,6.76134e-11,0.481477
8103,3.93169e-12,-0.174847
8104,4.25714e-12,0.97767
8105,1.13904e-11,-0.742254
8106,5.07088e-12,0.324885
8107,9.67044e-13,0.0267784
8108,1.0438e-11,-2.59666
8109,7.39051e-12,0.572949
8110,6.17544e-12,-1.43236
8111,3.42289e-12,0.529204
8112,5.0681e-12,1.53372
8113,3.87699e-12,2.56907
8114,1.42966e-11,-1.94896
8115,4.75837e-13,2.1012
8116,7.52801e-12,-1.11645
8117,5.86036e-12,-2.56235
8118,5.64054e-12,1.9293
8119,6.97266e-12,2.21441
8120,5.62879e-12,-0.62998
8121,2.35091e-11,-2.7052
8122,1.87229e-12,-0.187697
8123,6.08004e-12,0.55709
8124,6.7644e-12,-0.650223
8125,4.73394e-12,1.22249
8126,1.62591e-12,0.417522
8127,5.27661e-12,-0.0957458
8128,2.60528e-12,-1.88228
8129,9.28537e-12,-1.9586
8130,1.01212e-12,1.39889
8131,4.25839e-12,1.84214
8132,1.67636e-11,1.0443
8133,9.96325e-12,-1.35536
8134,2.66945e-11,-0.676861
8135,7.39931e-12,2.87239
8136,2.52694e-11,2.68289
8137,3.12677e-12,-2.11027
8138,3.5037e-12,2.36668
8139,1.22679e-11,1.434
8140,1.44703e-11,2.53256
8141,4.177e-12,-2.23536
8142,1.06706e-11,-2.67869
8143,7.92268e-12,-1.22839
8144,1.17303e-11,-1.684
8145,5.44283e-12,-1.95565
8146,1.30821e-11,-1.67819
8147,1.47278e-11,-1.12666
8148,5.57177e-12,-2.43427
8149,4.63021e-12,-2.44529
8150,7.56297e-12,2.96364
8151,3.5795e-11,-2.94243
8152,8.63748e-12,-3.12393
8153,2.35398e-10,-1.69149
8154,1.01883e-11,-1.63084
8155,7.95158e-11,0.677701
8156,7.98829e-12,-2.01075
8157,3.04295e-12,1.85779
8158,1.08991e-11,1.00387
8159,7.3629e-12,-1.24822
8160,2.51222e-12,3.05012
8161,9.40715e-12,-2.82347
8162,1.1783e-12,-0.452412
8163,2.22548e-12,-0.951822
8164,1.17428e-10,-0.171179
8165,2.0773e-12,-2.82685
8166,7.85087e-12,-0.930941
8167,3.52775e-12,2.0921
8168,2.71627e-12,2.48611
8169,8.56214e-13,2.76275
8170,1.30468e-10,-3.06546
8171,1.073e-11,0.0356179
8172,4.19394e-12,0.35464
8173,1.48167e-11,-1.05759
8174,6.52083e-12,2.70308
8175,3.02846e-12,1.08673
8176,1.19743e-11,1.15308
8177,8.07069e-12,-0.353949
8178,1.67234e-12,1.80774
8179,3.57594e-12,2.89811
8180,1.3551e-11,2.11063
8181,1.74672e-11,-2.35452
8182,5.09171e-11,2.0857
8183,1.14171e-11,-1.32254
8184,6.83058e-12,1.26008
8185,7.78481e-12,-1.42574
8186,1.34232e-11,0.955765
8187,2.88289e-12,-0.553839
8188,2.7792e-12,0.0087701
8189,2.56372e-11,0.902305
8190,9.57711e-12,-2.46558
8191,7.89524e-12,1.4835
8192,2.92089e-12,0.132194
8193,8.18252e-12,-0.030248
8194,7.88136e-12,-1.74075
8195,4.98458e-12,-1.0114
8196,1.33497e-11,1.8689
8197,3.81507e-12,1.16357
8198,6.20637e-12,0.828319
8199,6.71917e-12,1.39449
8200,4.3889e-12,-2.804
8201,5.42728e-11,-0.254562
8202,1.45015e-11,0.325783
8203,3.39832e-12,-1.90941
8204,2.09626e-12,-0.792621
8205,1.05998e-12,2.45949
8206,2.49565e-12,-0.0823767
8207,7.9195e-12,0.611972
8208,2.08068e-11,0.660792
8209,7.06198e-12,-2.77948
8210,1.30161e-12,-0.721638
8211,3.49077e-11,0.148362
8212,1.20704e-11,0.895791
8213,3.62873e-12,1.72167
8214,5.24584e-12,-0.862613
8215,6.71667e-12,2.05721
8216,1.27912e-11,2.87543
8217,5.35992e-12,0.00472097
8218,2.8004e-11,-0.418816
8219,8.29163e-11,1.96575
8220,2.49843e-11,2.58696
8221,1.46463e-12,0.880661
8222,1.50791e-11,3.08005
8223,5.25241e-12,2.47793
8224,3.878e-11,0.428316
8225,5.84803e-12,0.584982
8226,2.92665e-11,1.35176
8227,1.07334e-11,0.616192
8228,8.2819e-12,0.304344
8229,2.50459e-11,-2.13339
8230,1.39962e-11,1.01587
8231,1.73578e-12,-2.82169
8232,5.61621e-12,2.3455
8233,6.30613e-12,-1.11018
8234,8.54856e-12,2.6901
8235,2.52999e-11,2.58695
8236,3.44341e-12,1.99073
8237,2.56145e-11,2.20713
8238,2.21495e-11,-0.741574
8239,3.07542e-12,-0.478384
8240,7.31436e-12,0.226014
8241,4.2626e-12,1.8551
8242,3.9012e-12,-0.322602
8243,6.51059e-12,1.48376
8244,1.63667e-12,1.17058
8245,1.22899e-11,-0.550411
8246,3.54921e-12,1.28987
8247,3.98865e-12,1.11744
8248,8.4859e-12,1.60074
8249,2.88499e-13,-0.00728712
8250,4.21631e-12,-2.17053
8251,3.62584e-12,-1.18427
8252,2.2674e-11,2.15115
8253,4.5625e-12,-1.42103
8254,7.84203e-12,0.336505
8255,1.14725e-12,1.48048
8256,8.62794e-12,-1.38915
8257,1.11584e-12,-2.42706
8258,2.16927e-12,1.27667
8259,1.50011e-11,1.89367
8260,4.28541e-12,1.7335
8261,1.00353e-11,3.06541
8262,5.53024e-12,1.60686
8263,4.88958e-12,1.92958
8264,2.34661e-11,-1.69733
8265,4.20944e-12,0.83017
8266,1.67836e-11,2.9223
8267,3.68766e-12,2.64762
8268,4.13267e-12,1.00218
8269,1.14771e-11,-2.81987
8270,1.17005e-11,-1.90891
8271,5.17315e-12,1.38912
8272,4.53293e-11,2.80434
8273,1.11946e-11,-0.710187
8274,8.23098e-12,-0.259464
8275,1.97622e-12,-1.86801
8276,6.29879e-12,2.76086
8277,1.49868e-12,-2.33108
8278,2.1445e-12,-2.3383
8279,9.84782e-12,-2.73638
8280,8.83255e-12,1.52901
8281,6.36738e-12,-1.26564
8282,6.76565e-12,-2.69712
8283,2.75898e-12,-1.98339
8284,1.13184e-11,-0.682389
8285,3.76136e-12,0.657678
8286,1.15891e-11,2.21934
8287,4.77355e-12,-0.185173
8288,1.11787e-11,-0.975923
8289,8.93322e-12,1.11825
8290,9.11668e-12,1.81335
8291,5.35775e-12,-0.25562
8292,2.44367e-12,-0.862006
8293,1.71402e-11,-2.09935
8294,5.07566e-12,1.53967
8295,1.43082e-11,0.60146
8296,4.94148e-12,0.708329
8297,8.44979e-12,-1.34289
8298,2.89978e-11,-0.755663
8299,1.47244e-11,2.33417
8300,1.91427e-11,0.831037
8301,7.46408e-12,1.76974
8302,4.09915e-12,1.1145
8303,2.15363e-11,0.873718
8304,3.54262e-12,-1.20898
8305,7.11123e-11,2.85547
8306,1.59218e-12,0.253052
8307,2.95514e-11,-3.00636
8308,9.30015e-12,2.62052
8309,2.31966e-11,-0.770311
8310,2.75349e-12,-0.049052
8311,4.40062e-12,-1.95802
8312,4.75545e-11,3.04926
8313,4.28094e-12,2.82897
8314,1.99393e-11,-1.44355
8315,1.4137e-11,3.09081
8316,1.50775e-12,2.20161
8317,9.28221e-11,1.64221
8318,4.14144e-12,1.95841
8319,3.88136e-12,-2.09165
8320,6.88864e-12,2.00337
8321,1.7094e-11,0.34921
8322,6.87309e-12,1.95375
8323,2.25233e-11,0.978241
8324,3.3458e-12,2.59967
8325,1.27765e-11,-2.47378
8326,5.28295e-12,-1.64399
8327,2.52218e-11,1.56117
8328,1.52035e-10,1.86604
8329,3.71526e-11,1.88717
8330,4.22112e-12,1.80805
8331,2.21974e-11,-2.95246
8332,8.23102e-12,-3.13833
8333,2.45223e-12,1.31882
8334,4.14447e-11,-2.67488
8335,4.64835e-12,2.34062
8336,4.15322e-11,1.29089
8337,2.0861e-12,2.85004
8338,1.98437e-11,-3.11528
8339,2.75954e-12,0.574073
8340,1.27993e-12,-2.91049
8341,1.09196e-11,1.61419
8342,3.88582e-12,2.38678
8343,1.56381e-11,0.685181
8344,1.02692e-11,-2.7127
8345,1.21875e-11,-0.94242
8346,2.77767e-11,-0.942355
8347,3.45901e-12,0.303708
8348,1.11911e-11,-0.696353
8349,1.71583e-11,1.00649
8350,2.56294e-12,-2.35133
8351,3.49033e-12,1.90372
8352,5.54737e-12,2.35911
8353,8.45909e-12,-2.18704
8354,1.16008e-12,2.63374
8355,4.64119e-12,-0.666283
8356,2.5124e-11,1.98954
8357,1.99519e-11,-0.999175
8358,1.43202e-12,-2.49219
8359,2.69098e-12,-2.75566
8360,6.96606e-12,-2.41158
8361,6.40691e-12,1.54539
8362,1.06032e-11,-0.114958
8363,1.52618e-11,-0.90535
8364,6.398e-12,-0.523468
8365,3.11247e-12,-0.106975
8366,2.68333e-12,1.14309
8367,3.642e-11,0.604997
8368,4.69138e-12,0.245053
8369,2.35398e-11,0.0823989
8370,7.89807e-12,-0.431729
8371,5.33854e-12,-2.86141
8372,2.99762e-12,0.938423
8373,1.45945e-12,2.25188
8374,1.15796e-11,-2.86656
8375,6.51907e-12,-1.79009
8376,9.24107e-12,-0.87303
8377,1.77647e-11,1.12777
8378,5.81695e-12,-0.646804
8379,2.00746e-12,-2.13667
8380,1.89512e-11,-0.0371861
8381,8.79809e-12,3.10273
8382,1.20779e-11,-2.39579
8383,7.9155e-12,0.935195
8384,4.20457e-12,-2.78257
8385,3.4776e-11,1.5076
8386,5.11651e-12,1.23343
8387,4.53444e-12,-0.711694
8388,2.57534e-12,0.114594
8389,4.07419e-12,-0.783781
8390,3.44461e-12,-1.18169
8391,6.71518e-11,-1.91468
8392,3.43002e-11,0.708256
8393,7.32782e-12,-1.97373
8394,3.09259e-12,-1.28608
8395,3.10723e-12,1.26964
8396,2.12678e-11,1.02358
8397,3.27932e-11,1.67791
8398,2.25558e-11,-1.67978
8399,8.02547e-12,1.02777
8400,9.20036e-12,1.71933
8401,1.35763e-11,0.194468
8402,6.73333e-12,-0.066973
8403,6.81396e-12,2.14293
8404,7.47637e-12,1.68937
8405,4.11104e-12,2.78101
8406,1.47846e-11,-2.37332
8407,9.08483e-12,1.30688
8408,2.47584e-12,0.825573
8409,2.85871e-12,-1.93039
8410,1.59785e-11,2.20201
8411,6.85054e-12,2.07621
8412,8.39548e-11,1.7094
8413,1.23267e-11,-0.676725
8414,1.07971e-11,3.09841
8415,3.75117e-13,1.27839
8416,1.04434e-11,-0.209106
8417,8.68537e-12,1.37655
8418,1.31687e-11,1.39152
8419,2.48834e-11,0.383359
8420,7.43177e-12,1.78744
8421,1.37397e-11,1.89516
8422,9.60942e-12,3.10547
8423,3.08068e-12,1.037
8424,2.66254e-12,1.56841
8425,5.41536e-12,-0.955128
8426,1.94547e-12,1.17008
8427,1.1686e-11,1.12703
8428,2.10012e-11,2.7868
8429,3.44646e-11,-2.3347
8430,1.23709e-11,-1.72092
8431,4.82487e-12,-0.744162
8432,6.53449e-12,-1.53918
8433,4.69058e-12,-1.70615
8434,5.2147e-12,-1.07715
8435,5.86779e-12,-1.11948
8436,1.85874e-11,-1.41211
8437,4.49058e-11,1.48204
8438,3.62305e-12,1.20876
8439,2.06215e-11,0.929497
8440,1.89363e-12,1.32186
8441,7.13216e-13,-1.04766
8442,5.29775e-12,0.768829
8443,6.72871e-12,-0.621076
8444,2.03804e-12,-0.518432
8445,5.62763e-11,2.19968
8446,6.38973e-12,-2.03773
8447,3.53611e-12,-1.87449
8448,2.51664e-12,2.16463
8449,1.13007e-11,-1.17151
8450,1.29616e-11,1.13989
8451,1.36017e-11,-2.36968
8452,1.84066e-11,-2.52795
8453,2.83071e-12,0.252122
8454,3.66824e-11,0.280553
8455,9.4867e-12,2.59992
8456,9.79957e-12,1.25982
8457,1.25885e-12,-1.91553
8458,9.47079e-12,-0.0154703
8459,1.30378e-11,2.13846
8460,4.53869e-12,2.55999
8461,1.77431e-11,0.742931
8462,7.96726e-12,-1.71529
8463,6.58009e-12,-2.32388
8464,8.80469e-12,-1.86546
8465,3.14168e-11,-2.81374
8466,3.77556e-11,1.96011
8467,9.4741e-11,1.5974
8468,3.38761e-12,-0.54457
8469,2.76991e-12,-2.83986
8470,9.27412e-12,0.864402
8471,1.90858e-12,-2.55594
8472,8.90992e-12,-0.554393
8473,9.62213e-12,0.946217
8474,2.60387e-12,-1.60689
8475,4.26918e-12,1.99861
8476,1.30498e-11,-0.753963
8477,5.61035e-13,-1.50432
8478,1.1762e-12,1.98385
8479,6.57986e-12,2.44442
8480,2.8254e-12,-2.55195
8481,1.23837e-11,-2.44603
8482,3.48395e-11,2.70648
8483,3.29174e-11,-2.71204
8484,2.96961e-11,-0.959326
8485,2.64345e-12,-2.87731
8486,1.28567e-11,1.84769
8487,4.55847e-12,1.84869
8488,7.64495e-12,1.46948
8489,2.50715e-12,0.685264
8490,1.02352e-11,-2.07273
8491,6.96703e-12,1.36605
8492,1.02569e-11,-1.81184
8493,5.49182e-12,-2.10754
8494,4.78016e-12,2.63858
8495,2.94406e-11,1.07088
8496,8.02951e-12,2.87283
8497,1.07546e-11,2.10802
8498,2.729e-12,2.90029
8499,4.77145e-12,2.87671
8500,1.46771e-11,0.422303
8501,4.68815e-12,1.45388
8502,1.33098e-11,2.98353
8503,3.81363e-12,-0.00891247
8504,5.45733e-12,-0.0923487
8505,4.17402e-11,0.0547881
8506,1.6791e-11,-1.9066
8507,8.54313e-12,2.17762
8508,1.08212e-12,-1.29423
8509,3.07869e-12,2.60205
8510,7.21533e-12,0.195201
8511,1.00611e-11,-1.51436
8512,1.76045e-11,-2.11167
8513,5.80286e-12,0.720678
8514,1.77611e-10,-0.411248
8515,1.43669e-12,-2.36903
8516,1.63462e-11,1.7931
8517,1.57151e-11,-0.63048
8518,1.40879e-12,-2.63756
8519,1.44679e-11,2.03686
8520,1.0789e-11,-2.06999
8521,2.05674e-12,1.53622
8522,6.21839e-12,1.04554
8523,5.61768e-12,1.96611
8524,2.6632e-12,-1.28781
8525,1.9113e-11,-0.0116451
8526,3.88781e-12,0.348947
8527,5.25294e-12,-1.34019
8528,9.72006e-12,1.80616
8529,3.87884e-12,0.312465
8530,2.89537e-12,-2.54277
8531,3.57625e-11,-1.25983
8532,2.58268e-11,1.09763
8533,7.32455e-12,-0.787975
8534,7.25183e-12,3.11564
8535,1.81003e-12,3.03286
8536,7.04697e-12,-2.24263
8537,5.78727e-11,-1.02379
8538,8.58518e-12,0.687392
8539,8.97324e-12,-2.88312
8540,8.94622e-12,-0.545403
8541,8.17375e-13,-1.76053
8542,5.88872e-12,-0.250518
8543,8.65417e-12,-2.69261
8544,1.43814e-11,0.0961703
8545,9.71268e-12,-0.346526
8546,5.47933e-13,-2.05766
8547,1.62603e-11,-3.0449
8548,2.42749e-12,-0.279999
8549,1.17474e-12,0.309271
8550,2.53419e-11,-2.72816
8551,1.07669e-10,2.30252
8552,3.13231e-12,-2.81467
8553,5.01968e-12,1.5711
8554,1.04871e-11,-0.898063
8555,9.37456e-12,0.0822736
8556,8.01047e-12,1.22036
8557,7.67944e-12,3.03744
8558,9.73377e-12,2.54992
8559,5.36322e-12,1.25694
8560,8.7683e-12,2.73594
8561,1.02989e-11,2.60099
8562,2.06583e-11,0.656804
8563,1.11214e-11,2.72097
8564,1.17348e-11,0.786476
8565,1.03852e-11,1.815
8566,9.15879e-13,-2.0128
8567,1.60598e-11,-2.71036
8568,5.31045e-12,-0.881325
8569,4.77706e-11,2.28647
8570,4.12915e-12,2.49488
8571,5.63578e-12,0.624707
8572,4.09307e-12,0.282402
8573,7.8053e-12,2.95218
8574,9.33438e-12,1.01866
8575,8.26512e-11,3.13481
8576,4.42496e-11,1.59922
8577,4.08765e-12,2.01532
8578,6.58973e-12,3.10753
8579,7.62853e-12,-2.10966
8580,1.06711e-11,-3.09207
8581,2.71372e-11,0.488282
8582,4.97188e-12,1.6028
8583,3.45638e-11,2.02495
8584,2.14525e-12,-2.16029
8585,4.91977e-12,0.109135
8586,3.23922e-12,-1.75521
8587,1.09536e-11,-1.96432
8588,3.48751e-11,-1.53027
8589,1.36422e-10,-0.592535
8590,2.84843e-11,-1.71817
8591,3.70465e-12,1.64988
8592,1.55528e-11,-1.2738
8593,5.58145e-12,2.58737
8594,1.81356e-11,-1.39592
8595,3.98128e-12,1.77016
8596,1.37491e-11,-3.09942
8597,2.20749e-11,-0.00282192
8598,4.1293e-11,1.89314
8599,1.1212e-11,0.315896
8600,2.22119e-11,1.66879
8601,1.89831e-12,2.58504
8602,6.4529e-13,-0.738402
8603,4.05046e-12,0.924984
8604,1.21723e-11,-1.73327
8605,3.13396e-11,0.697361
8606,2.58246e-11,0.113769
8607,5.58502e-12,0.152006
8608,8.70978e-12,-1.51787
8609,2.14105e-11,-2.28408
8610,5.42996e-12,2.36229
8611,1.12672e-11,-1.85749
8612,1.44775e-12,-1.68415
8613,9.21322e-12,-0.819131
8614,2.636e-11,-2.18062
8615,3.2056e-11,0.33284
8616,4.02082e-12,2.51479
8617,2.44921e-11,-2.0739
8618,1.44394e-11,-2.2208
8619,2.02253e-11,-2.22817
8620,9.43715e-12,0.67983
8621,6.26447e-11,1.39166
8622,4.29922e-12,1.58055
8623,3.55989e-11,-0.426082
8624,3.77038e-13,-2.18832
8625,7.75141e-12,-1.08525
8626,2.34477e-11,-3.11696
8627,2.28047e-11,1.68759
8628,1.1228e-11,-2.52206
8629,1.88496e-11,1.19573
8630,1.33774e-11,2.73785
8631,1.011e-11,-2.80504
8632,9.65507e-12,-2.64406
8633,4.32526e-12,-2.52247
8634,1.10554e-11,-1.22828
8635,4.6864e-12,-1.68153
8636,6.5766e-12,-0.23834
8637,1.50398e-11,1.42071
8638,9.22594e-12,-2.32784
8639,6.05559e-12,1.82526
8640,3.56262e-12,-2.12367
8641,5.93466e-12,-1.93591
8642,2.89899e-12,0.527621
8643,7.05419e-12,0.0554473
8644,2.86232e-11,1.22532
8645,2.44513e-11,0.448413
8646,3.13173e-12,0.377523
8647,2.0947e-11,1.64154
8648,6.41217e-12,-0.480274
8649,4.67769e-12,2.34342
8650,4.83207e-12,1.15771
8651,2.4745e-12,-0.511678
8652,4.66585e-12,-1.62337
8653,3.63633e-11,-2.71001
8654,4.97071e-12,-0.0692835
8655,5.04604e-12,1.74906
8656,7.95568e-12,1.60162
8657,4.30645e-12,0.796237
8658,5.69795e-12,1.64986
8659,2.88308e-12,2.72077
8660,1.90728e-11,-1.55273
8661,4.91555e-12,0.950391
8662,1.52733e-11,-0.579534
8663,8.33273e-12,2.76926
8664,1.68397e-11,-0.030927
8665,3.13336e-11,2.79431
8666,2.37818e-11,0.959031
8667,1.18272e-11,1.05038
8668,3.75957e-12,-1.87425
8669,2.22695e-12,-2.91229
8670,3.32277e-12,1.95907
8671,9.14121e-12,0.767507
8672,5.68902e-12,2.43499
8673,2.55769e-11,1.18372
8674,1.84469e-11,-2.02772
8675,1.46911e-11,-0.616667
8676,1.12914e-10,-3.06304
8677,3.25995e-11,-2.39193
8678,4.42449e-12,-1.07571
8679,2.40165e-12,-2.37396
8680,6.67598e-12,-0.71347
8681,2.54339e-12,1.10147
8682,3.31976e-11,-0.0325229
8683,3.01411e-11,-2.62422
8684,1.93149e-11,-1.07541
8685,1.56418e-11,-0.487955
8686,4.04696e-11,-2.56235
8687,2.54083e-12,0.346291
8688,3.29272e-13,1.93234
8689,3.76861e-12,-0.316972
8690,1.10057e-11,1.35026
8691,1.53099e-11,2.3007
8692,6.43641e-12,-1.24536
8693,4.07201e-12,2.6309
8694,2.14836e-11,2.62097
8695,8.29159e-12,-1.35672
8696,1.83829e-12,-1.13639
8697,6.75697e-12,-0.00301725
8698,6.71573e-12,-2.38998
8699,8.5907e-12,2.27313
8700,6.33771e-12,2.66409
8701,4.37975e-11,0.885139
8702,2.62863e-12,2.51507
8703,3.84265e-11,2.90035
8704,1.04432e-11,-0.892939
8705,2.91743e-11,3.07769
8706,2.33729e-12,-0.883694
8707,8.72889e-12,-1.14106
8708,1.2122e-11,0.89799
8709,1.34275e-11,-1.12656
8710,1.41283e-11,1.97942
8711,1.09937e-11,0.941824
8712,9.19076e-12,-0.00628285
8713,5.11201e-12,0.794478
8714,7.20656e-12,-1.34961
8715,2.14062e-11,-0.528614
8716,5.60624e-12,1.14609
8717,2.86309e-11,-2.26524
8718,1.56054e-11,-2.75325
8719,1.92791e-11,0.308611
8720,1.59418e-12,-2.98156
8721,1.62066e-12,1.9551
8722,1.1558e-11,1.52824
8723,1.26228e-11,-2.61137
8724,1.70818e-11,-2.67545
8725,6.32237e-11,-2.4996
8726,5.06801e-11,-0.531233
8727,1.19873e-11,1.43114
8728,2.57444e-12,-2.87116
8729,1.19275e-11,2.37333
8730,1.6825e-11,0.534292
8731,9.54771e-12,-0.672647
8732,9.91714e-12,2.20947
8733,3.29229e-11,-1.27368
8734,9.82717e-12,2.4979
8735,7.40995e-11,0.426998
8736,8.831e-12,-2.79434
8737,2.75486e-11,1.2326
8738,8.60187e-12,0.288248
8739,7.76302e-12,-0.0285171
8740,6.83433e-12,0.715866
8741,1.14726e-11,-2.72565
8742,4.50759e-12,-1.09415
8743,1.70056e-11,1.86979
8744,1.38126e-11,0.250039
8745,1.0373e-11,2.29638
8746,6.56379e-12,-2.91287
8747,1.71121e-12,2.23034
8748,1.00755e-11,1.41071
8749,4.41067e-12,-1.77896
8750,3.17513e-11,-2.56633
8751,1.17092e-11,-0.39247
8752,8.75596e-12,-2.44775
8753,8.15823e-12,0.168938
8754,4.8181e-11,-1.61395
8755,1.53282e-11,0.101047
8756,1.25853e-11,2.34773
8757,8.01301e-12,-1.09039
8758,8.65046e-12,2.65769
8759,5.43308e-12,-1.25048
8760,5.93119e-12,-2.02135
8761,3.04679e-12,0.334017
8762,9.62462e-12,-1.6714
8763,7.4618e-12,-1.48167
8764,1.04419e-11,-2.30048
8765,2.69757e-12,2.57576
8766,1.09533e-11,1.96999
8767,7.65049e-12,0.690773
8768,6.07687e-11,-2.47036
8769,7.81594e-12,-2.21025
8770,5.19636e-12,-1.88915
8771,1.02158e-11,2.4835
8772,6.93505e-12,-0.219124
8773,1.03563e-11,-1.85012
8774,6.06568e-12,1.58208
8775,9.97426e-12,2.21977
8776,8.87693e-12,1.79203
8777,5.61061e-12,1.81944
8778,2.38946e-11,1.49807
8779,1.38028e-12,-2.3102
8780,5.67687e-11,-3.10347
8781,1.55752e-11,1.53976
8782,4.85226e-12,-2.51291
8783,3.21617e-11,-2.67812
8784,5.1197e-12,-0.315083
8785,7.36397e-12,0.176367
8786,7.54239e-11,3.04183
8787,6.41915e-12,2.78622
8788,5.41868e-12,-0.906813
8789,9.93361e-12,-1.90311
8790,6.03479e-12,-2.20405
8791,1.1653e-11,-1.11011
8792,1.14864e-11,-1.02444
8793,4.13633e-11,-1.47611
8794,1.80064e-11,-0.676741
8795,2.41739e-11,-1.8504
8796,4.15684e-11,0.609212
8797,1.18937e-11,0.223042
8798,2.0606e-11,1.74194
8799,2.93653e-11,2.09984
8800,1.00217e-11,1.62381
8801,1.15277e-11,1.26127
8802,7.34228e-12,-1.59652
8803,4.38503e-12,-0.99188
8804,7.82229e-12,-1.41698
8805,3.99053e-11,0.454469
8806,1.72021e-11,-0.934515
8807,1.0728e-12,0.944758
8808,7.43174e-12,0.834568
8809,6.29612e-12,-0.111062
8810,5.52085e-12,-2.66667
8811,1.82649e-11,-1.15941
8812,1.2257e-11,-2.26218
8813,2.02082e-12,-1.05246
8814,6.93235e-12,0.626311
8815,1.66363e-11,2.85266
8816,1.53929e-11,0.36984
8817,1.20482e-11,2.37885
8818,1.1508e-11,-0.758448
8819,4.19651e-11,-2.0793
8820,4.45021e-11,-1.00617
8821,1.47806e-11,2.81829
8822,2.02271e-11,1.92627
8823,2.52216e-12,-1.6098
8824,1.34959e-10,0.372202
8825,9.17123e-12,2.54504
8826,6.05643e-12,-3.04883
8827,1.02576e-10,-3.04348
8828,7.68881e-11,-1.12569
8829,5.47553e-12,1.79753
8830,7.75462e-12,1.24766
8831,4.17078e-12,2.31816
8832,1.05849e-11,-0.0756571
8833,4.07094e-11,0.54449
8834,1.28444e-12,-1.77476
8835,7.39027e-12,2.51259
8836,2.84843e-11,1.85779
8837,1.82354e-11,0.781931
8838,1.81214e-11,2.77145
8839,4.95844e-11,1.96114
8840,1.22842e-11,-2.52463
8841,1.99688e-11,2.72403
8842,2.10223e-11,-0.623868
8843,1.67042e-11,0.416003
8844,1.28246e-11,-0.846586
8845,5.77929e-12,2.14237
8846,9.74084e-12,0.718498
8847,8.84278e-12,2.61704
8848,9.45529e-11,-1.37318
8849,1.33991e-12,-1.66571
8850,2.72625e-10,-0.521356
8851,6.70055e-12,-2.18363
8852,9.72073e-12,1.37415
8853,4.76885e-12,-0.543705
8854,1.36615e-11,2.10593
8855,7.3287e-12,2.64964
8856,2.79152e-11,1.20678
8857,8.08165e-12,2.70044
8858,1.60492e-11,-1.12237
8859,1.20185e-11,1.55309
8860,1.30162e-11,-1.85364
8861,9.94144e-12,-0.193336
8862,3.94968e-12,1.93806
8863,5.90771e-11,1.45088
8864,1.90924e-11,0.659005
8865,7.78641e-12,-2.62811
8866,5.28538e-12,0.794282
8867,5.73282e-12,0.955998
8868,1.33737e-11,-2.71412
8869,6.28794e-11,-1.01063
8870,7.20955e-12,2.27152
8871,1.0263e-11,2.50004
8872,7.36305e-12,-0.543527
8873,2.83859e-12,-2.18369
8874,1.91361e-11,0.8502
8875,1.36866e-11,0.408214
8876,4.55686e-12,0.289558
8877,8.17971e-12,0.0906703
8878,3.64666e-11,-0.96692
8879,2.74294e-11,-1.7718
8880,1.98968e-12,3.13738
8881,3.61604e-12,1.85064
8882,3.74613e-12,-0.855747
8883,3.56837e-11,-0.50438
8884,7.39369e-12,2.81634
8885,2.10326e-11,-0.939308
8886,2.00568e-11,2.39557
8887,1.34085e-11,-0.917506
8888,4.2656e-11,-2.70243
8889,4.84761e-12,1.29802
8890,1.25646e-11,0.220593
8891,7.27671e-12,-1.78939
8892,4.28754e-11,-0.323497
8893,1.20737e-11,0.0800474
8894,8.63243e-12,-0.904816
8895,1.60374e-11,0.406842
8896,5.95041e-12,1.18437
8897,1.12594e-11,0.702677
8898,4.71716e-12,0.39214
8899,1.0362e-11,-2.21149
8900,1.55509e-11,0.246553
8901,2.31078e-11,2.39965
8902,8.39685e-12,0.718271
8903,1.19744e-11,1.7218
8904,7.42549e-12,2.01646
8905,2.78768e-11,2.49473
8906,5.92073e-12,-2.32554
8907,1.41757e-11,-0.489858
8908,1.46899e-11,1.66125
8909,3.1316e-12,-0.109642
8910,9.42697e-12,2.63586
8911,5.22664e-12,1.62404
8912,1.35504e-11,-0.422207
8913,1.89787e-11,-0.0289077
8914,1.66935e-11,1.68474
8915,4.66047e-11,1.99546
8916,6.32518e-12,0.281865
8917,9.18499e-12,0.244682
8918,5.81314e-12,0.151288
8919,2.65366e-11,-2.0974
8920,1.19824e-11,-1.52626
8921,1.98377e-10,0.529697
8922,2.58444e-11,3.00956
8923,6.34403e-12,-1.33969
8924,1.32017e-11,1.8034
8925,2.02783e-11,0.864408
8926,6.71697e-12,0.266786
8927,1.44433e-11,2.15455
8928,9.04849e-12,-1.34243
8929,4.5861e-12,-2.10873
8930,5.19306e-11,-3.00537
8931,1.91879e-11,-2.86762
8932,1.00767e-11,2.60944
8933,9.70281e-12,2.16126
8934,4.63208e-12,-1.33857
8935,5.39822e-11,2.87847
8936,1.84934e-11,1.81601
8937,2.64945e-12,1.3076
8938,7.28925e-11,2.15376
8939,8.18785e-12,0.209645
8940,8.13138e-12,-1.57488
8941,1.58854e-10,2.9646
8942,5.9986e-12,0.277471
8943,1.73716e-12,2.56721
8944,2.37674e-12,1.8949
8945,2.07261e-10,-0.66772
8946,9.78467e-12,-2.16768
8947,1.99644e-11,-1.58145
8948,1.13741e-11,-2.98921
8949,5.89688e-12,-1.24307
8950,1.76344e-11,1.25251
8951,2.14471e-11,-2.37164
8952,1.1034e-11,-0.689577
8953,2.98845e-11,2.04419
8954,2.19929e-11,2.61007
8955,8.61601e-12,-0.0120017
8956,3.16553e-11,2.90054
8957,1.49631e-11,2.02143
8958,1.95956e-11,1.39597
8959,5.19177e-12,-2.9803
8960,3.50703e-11,-2.17258
8961,1.56249e-11,-2.64515
8962,3.67962e-11,-2.27717
8963,5.69239e-11,-2.71946
8964,9.7711e-12,1.24814
8965,1.7604e-12,0.874446
8966,7.32319e-11,-2.72673
8967,8.53749e-12,-1.62658
8968,8.00024e-12,1.45523
8969,4.04554e-12,1.67677
8970,9.70067e-12,0.146567
8971,3.58134e-12,0.492975
8972,1.01224e-11,3.10429
8973,3.58829e-12,-1.7336
8974,1.98918e-12,1.24413
8975,1.16716e-11,1.58629
8976,3.44464e-11,-2.21051
8977,1.91807e-11,-1.69067
8978,4.50598e-11,0.955321
8979,3.06362e-12,1.32117
8980,2.95322e-11,1.7758
8981,3.31678e-12,1.6263
8982,1.05987e-11,-0.543537
8983,2.0824e-11,-1.95535
8984,1.34602e-11,0.83949
8985,9.40945e-12,1.83443
8986,1.5972e-11,1.36276
8987,1.32005e-10,1.24586
8988,1.06239e-11,-1.05562
8989,2.56544e-11,-1.91605
8990,1.11636e-11,-1.58931
8991,3.8255e-12,-1.78656
8992,5.23244e-12,1.46385
8993,1.96888e-11,-1.19253
8994,6.58781e-12,0.679155
8995,9.8681e-12,-0.691562
8996,2.36144e-11,-2.11366
8997,2.4829e-11,-0.141324
8998,2.5287e-11,-2.22428
8999,1.78147e-11,-2.42045
9000,1.46089e-11,2.572
9001,1.21101e-11,2.19033
9002,7.31803e-12,-1.5162
9003,5.71806e-12,2.55882
9004,1.81528e-11,1.80882
9005,1.44519e-11,-1.03219
9006,1.09681e-10,2.79708
9007,8.7729e-12,-0.210795
9008,9.14837e-12,-2.64392
9009,1.2072e-11,1.42371
9010,3.94929e-11,-0.509886
9011,1.0587e-11,2.29159
9012,1.43987e-11,0.528138
9013,1.02245e-11,-1.21373
9014,1.57461e-11,2.43025
9015,7.3963e-12,-2.48085
9016,1.19361e-11,0.799545
9017,1.22961e-11,-0.614816
9018,7.15272e-12,-2.27098
9019,2.05366e-11,3.02512
9020,1.63738e-11,1.55057
9021,1.80666e-11,2.29769
9022,6.79673e-12,-2.02031
9023,7.26175e-12,1.12743
9024,5.23959e-12,2.16895
9025,1.26832e-11,1.94037
9026,6.23259e-12,-0.756741
9027,4.96665e-12,2.40081
9028,1.59798e-12,1.92067
9029,3.97843e-11,-1.27362
9030,8.118e-12,-2.04234
9031,9.60641e-12,0.491115
9032,1.1433e-11,-0.283745
9033,4.27985e-11,-1.90722
9034,2.41828e-11,0.300021
9035,9.7686e-12,2.59925
9036,1.53655e-11,-1.50492
9037,7.43051e-12,-0.559476
9038,1.84425e-11,0.306064
9039,5.42778e-12,-1.90597
9040,1.06025e-11,-2.6237
9041,3.47178e-11,-2.03261
9042,9.05638e-12,0.815495
9043,1.2411e-11,0.948526
9044,1.06568e-11,-1.32781
9045,9.70593e-12,-1.78391
9046,3.21559e-11,-0.0358973
9047,3.7792e-12,1.19263
9048,1.04347e-11,-1.75704
9049,6.63108e-12,-0.359775
9050,1.82607e-11,1.78188
9051,6.57239e-12,-2.02499
9052,5.07749e-11,2.81534
9053,6.51805e-12,0.280084
9054,1.15954e-11,-2.80413
9055,3.65488e-12,-2.88976
9056,6.78908e-12,0.788515
9057,5.03667e-12,0.292893
9058,1.02403e-11,1.52385
9059,8.36652e-12,-1.75052
9060,6.30824e-12,-2.65748
9061,6.03104e-12,2.14044
9062,7.23386e-12,-0.384688
9063,1.45006e-11,-0.461826
9064,5.38592e-11,-2.25125
9065,6.81622e-11,-0.0443
9066,1.45586e-11,1.87927
9067,1.04297e-11,0.858159
9068,5.57127e-11,-2.61805
9069,3.26779e-11,-2.2017
9070,4.63009e-12,-0.490248
9071,2.06021e-11,-0.752537
9072,4.4556e-12,0.697762
9073,1.10508e-11,-1.71352
9074,5.69523e-12,0.116147
9075,7.38848e-12,2.89278
9076,6.10521e-12,-0.826253
9077,1.62602e-11,2.25385
9078,3.73659e-11,1.80486
9079,9.66474e-12,1.32505
9080,1.8541e-11,-1.95952
9081,9.1837e-12,1.08406
9082,7.37417e-12,2.498
9083,6.39097e-12,-2.3026
9084,6.5106e-12,-0.403993
9085,9.01465e-12,1.48574
9086,2.84989e-11,-0.800879
9087,1.53156e-11,-3.07845
9088,3.50738e-12,2.79889
9089,9.76683e-12,-0.172082
9090,6.01851e-11,1.82634
9091,2.80622e-11,-2.55236
9092,2.21573e-11,1.72746
9093,5.33e-12,1.83246
9094,8.28265e-12,-2.38237
9095,9.70383e-13,-1.12339
9096,3.32759e-10,-2.14853
9097,6.48257e-12,-2.93529
9098,1.7437e-11,1.65246
9099,5.58776e-13,1.88659
9100,8.65692e-12,1.89875
9101,8.09448e-12,1.68248
9102,6.55574e-12,1.50354
9103,1.53714e-11,1.26656
9104,6.06164e-12,1.9442
9105,2.30831e-12,3.06234
9106,1.25424e-11,-0.265189
9107,8.76984e-12,0.430136
9108,1.16159e-11,-2.15414
9109,1.38201e-11,-0.0586677
9110,6.46782e-12,0.102394
9111,2.34281e-10,-3.05747
9112,2.5261e-11,-0.392226
9113,1.54935e-12,0.728567
9114,1.47179e-11,-0.118346
9115,2.72087e-11,0.362895
9116,3.29143e-11,2.83481
9117,1.34881e-10,1.04498
9118,8.19361e-12,0.381767
9119,3.1909e-12,2.10787
9120,7.70997e-12,1.53501
9121,7.15897e-12,2.96646
9122,6.469e-12,1.17819
9123,1.25251e-11,0.107699
9124,1.53703e-10,-1.52841
9125,1.43437e-11,0.588911
9126,1.90948e-12,2.25428
9127,4.73879e-12,-1.35581
9128,1.33181e-11,-2.8923
9129,2.63797e-11,-2.19214
9130,1.72509e-11,2.31261
9131,1.26377e-11,-2.47347
9132,9.22676e-12,1.80383
9133,3.49068e-11,0.689206
9134,1.5879e-11,1.99841
9135,2.41561e-12,1.87256
9136,1.19972e-10,2.65623
9137,1.18717e-11,-2.79922
9138,2.01214e-10,-2.15051
9139,6.51745e-12,-0.819612
9140,1.87102e-11,1.27477
9141,2.81858e-11,-1.26863
9142,3.31306e-11,2.39201
9143,4.76322e-12,-1.18207
9144,3.52976e-11,1.0506
9145,7.25047e-12,1.12321
9146,6.97547e-12,-2.5104
9147,1.17472e-11,-0.309149
9148,2.70589e-12,2.56607
9149,7.21873e-12,-2.28649
9150,2.10781e-11,-0.702626
9151,1.38115e-11,-0.960351
9152,1.35797e-11,-0.320983
9153,4.77436e-12,2.87003
9154,7.05808e-12,-2.88591
9155,4.78707e-12,1.98089
9156,1.185e-11,1.46533
9157,5.79874e-12,1.9796
9158,1.36343e-11,2.04723
9159,4.24142e-12,-2.13473
9160,1.58349e-11,-0.802186
9161,1.51819e-11,1.05409
9162,6.36492e-12,1.84223
9163,1.8196e-12,-0.61316
9164,4.49531e-11,-1.27776
9165,6.53274e-12,1.12267
9166,4.19064e-12,-1.69345
9167,1.50454e-11,2.79472
9168,1.80589e-12,-2.51177
9169,2.79859e-11,0.0684897
9170,3.49114e-11,-0.600889
9171,4.74576e-11,-2.57367
9172,6.55108e-12,-0.125583
9173,2.55574e-11,1.02111
9174,9.27172e-12,-1.66443
9175,4.19931e-12,0.225073
9176,2.31959e-11,1.84223
9177,6.3492e-12,-0.922074
9178,1.05235e-11,-1.8707
9179,7.97304e-12,-1.2211
9180,1.51725e-11,0.072859
9181,8.65646e-12,-0.805064
9182,4.7205e-11,2.36195
9183,6.15355e-11,-0.0673294
9184,2.60936e-12,-3.1198
9185,3.81425e-12,1.54362
9186,1.71893e-11,-3.01652
9187,1.51299e-11,-0.886343
9188,2.26236e-12,-0.574311
9189,5.42188e-12,3.09203
9190,1.94331e-12,-1.29858
9191,1.89452e-12,-1.34303
9192,1.35425e-11,0.702205
9193,2.68342e-11,0.784689
9194,7.74512e-11,0.245255
9195,7.57256e-12,2.47745
9196,2.23184e-12,-2.4433
9197,3.21841e-11,-0.644477
9198,1.72537e-12,-1.07841
9199,7.91187e-12,1.90468
9200,5.18955e-12,-1.99472
9201,2.89483e-12,-1.30583
9202,8.41992e-12,-2.74752
9203,5.47189e-12,2.26034
9204,3.20291e-10,2.28264
9205,1.08404e-11,2.81619
9206,3.02969e-11,-2.81635
9207,2.00488e-11,-1.56608
9208,6.68939e-12,-1.23987
9209,9.3956e-12,-1.02346
9210,2.70902e-12,-0.169461
9211,7.74586e-12,1.2847
9212,1.86118e-10,2.7724
9213,8.34519e-11,0.571011
9214,3.60925e-12,-1.08324
9215,5.3883e-12,-2.65416
9216,5.4141e-12,0.57637
9217,1.77403e-11,1.73938
9218,7.556e-12,3.00233
9219,1.36538e-11,2.20703
9220,2.59429e-11,-1.10871
9221,2.19731e-11,-0.598546
9222,1.40406e-11,1.93596
9223,2.79502e-12,-1.76563
9224,4.69185e-12,1.61231
9225,6.3138e-12,2.70508
9226,4.52815e-12,0.535533
9227,6.964e-12,-2.73046
9228,5.74674e-12,-0.359232
9229,1.94465e-11,2.35223
9230,3.08536e-12,2.54467
9231,2.68843e-12,-1.89337
9232,6.28535e-12,0.74211
9233,5.0596e-12,-1.62004
9234,1.93265e-11,1.14178
9235,2.66134e-11,2.82029
9236,1.00212e-12,-2.24535
9237,1.98994e-11,0.779418
9238,4.11595e-12,2.30322
9239,2.0421e-12,-3.10866
9240,7.89754e-12,-1.32626
9241,7.06556e-12,1.95227
9242,7.63229e-13,0.340094
9243,5.89813e-12,-0.553012
9244,8.47551e-12,2.04824
9245,9.01442e-12,1.55576
9246,4.64607e-11,2.18119
9247,3.66036e-12,-0.389161
9248,8.05993e-12,2.22185
9249,3.67615e-11,1.12542
9250,5.00656e-11,-1.80952
9251,1.36362e-11,-2.7827
9252,8.21686e-13,-0.749957
9253,3.45624e-11,0.50301
9254,4.74766e-12,-2.99572
9255,4.27924e-12,-0.363703
9256,1.61977e-11,-2.65392
9257,1.61771e-11,1.38331
9258,7.41907e-12,2.81662
9259,8.36085e-12,0.00406447
9260,1.63262e-11,-1.38634
9261,9.39778e-12,-0.952191
9262,4.20107e-12,2.07254
9263,2.53675e-11,-0.481779
9264,1.5182e-11,-3.09085
9265,3.89764e-11,0.480015
9266,9.89678e-12,2.20908
9267,1.393e-11,-0.156518
9268,1.05161e-11,2.58386
9269,2.08408e-11,-0.696641
9270,7.92757e-12,-1.16037
9271,7.44111e-12,1.51861
9272,6.48067e-12,2.99666
9273,1.49744e-11,0.529816
9274,2.83222e-12,1.26863
9275,6.37714e-12,2.76687
9276,1.59172e-11,-0.118823
9277,7.67065e-12,0.0239904
9278,5.42371e-11,1.57658
9279,3.22372e-12,0.416033
9280,5.63634e-11,-2.90433
9281,4.70674e-12,-1.67369
9282,5.52337e-12,-3.06655
9283,1.91406e-12,2.57715
9284,5.23371e-12,-0.43634
9285,2.8001e-12,0.84871
9286,5.39899e-12,1.38781
9287,3.51661e-12,1.07911
9288,3.54713e-12,-0.115202
9289,7.16765e-12,0.174532
9290,1.26119e-12,-1.931
9291,9.17121e-12,2.62502
9292,3.41334e-11,1.19664
9293,1.08087e-11,-2.2183
9294,5.9902e-12,-2.40713
9295,1.01865e-11,-0.553871
9296,5.50055e-12,-1.73516
9297,4.49236e-11,0.791901
9298,1.14201e-11,-0.658933
9299,7.712e-12,-2.5024
9300,5.02193e-12,2.90039
9301,6.42207e-12,-0.0653643
9302,3.92369e-11,-0.487713
9303,9.43123e-12,0.235298
9304,5.55683e-12,2.48969
9305,2.67456e-12,1.8696
9306,2.47534e-11,-2.45871
9307,7.7807e-12,1.25677
9308,1.85281e-12,2.31281
9309,4.22029e-11,-0.0310707
9310,1.17985e-10,0.0401301
9311,5.8261e-12,2.82725
9312,3.51337e-12,2.35614
9313,1.67101e-11,-0.48777
9314,9.68332e-12,-1.0401
9315,1.74455e-11,0.25953
9316,1.51157e-12,2.82235
9317,4.85563e-12,0.626043
9318,1.2029e-11,-1.19826
9319,5.91069e-12,-2.48048
9320,4.14988e-12,0.732216
9321,8.31114e-12,-2.05692
9322,3.01681e-11,-2.29366
9323,1.23281e-11,2.56867
9324,4.38163e-12,0.931566
9325,2.4266e-11,-1.77384
9326,4.53902e-12,0.880483
9327,1.30882e-11,-1.27651
9328,1.93986e-11,1.57432
9329,1.97697e-11,-0.624349
9330,2.37208e-10,2.49876
9331,6.93302e-12,-0.362528
9332,5.1546e-12,-0.367656
9333,5.21874e-11,2.22692
9334,3.39421e-12,2.6669
9335,9.5537e-12,-1.56559
9336,5.80422e-11,-1.63716
9337,5.10881e-12,-0.706166
9338,6.68929e-12,0.453028
9339,5.73725e-12,-1.58805
9340,1.07594e-11,-0.813146
9341,5.50159e-12,2.87535
9342,1.07913e-11,-1.56764
9343,1.15789e-11,-2.1585
9344,1.15072e-11,-1.95465
9345,4.67111e-10,1.40199
9346,5.99901e-12,0.968276
9347,8.10126e-12,-0.312571
9348,3.46499e-11,-0.454918
9349,1.75061e-11,-0.718226
9350,7.55828e-12,-2.57294
9351,2.41547e-12,2.19265
9352,1.24175e-11,-1.18697
9353,6.84962e-11,1.64598
9354,6.83314e-12,-1.70762
9355,3.15121e-12,-1.23858
9356,9.54172e-12,1.79341
9357,5.3999e-12,-1.25547
9358,1.17214e-11,1.10966
9359,1.8259e-11,2.51981
9360,7.0274e-11,-1.83455
9361,2.6756e-11,-1.73291
9362,6.29287e-12,-2.24824
9363,2.26945e-12,-2.735
9364,4.40737e-11,-1.29967
9365,1.75923e-11,1.7705
9366,3.52522e-12,-1.60018
9367,2.59379e-12,-2.30593
9368,5.54999e-12,2.44318
9369,7.02505e-12,-1.10699
9370,1.89653e-11,2.86703
9371,4.9472e-12,2.29861
9372,1.65128e-10,2.90096
9373,5.758e-12,1.8224
9374,9.29031e-12,0.839673
9375,6.62135e-12,-1.4127
9376,1.16674e-12,-2.52834
9377,2.75333e-11,-3.0712
9378,4.69698e-12,2.11522
9379,3.23829e-12,-1.18263
9380,2.95424e-12,-1.0237
9381,5.62919e-12,2.20561
9382,4.0754e-12,-0.838558
9383,6.71323e-12,-2.54161
9384,1.24036e-11,-1.46083
9385,3.81708e-11,-1.86956
9386,5.34806e-12,-1.34395
9387,3.00025e-12,0.586442
9388,6.1676e-12,-2.80943
9389,7.45466e-12,0.160515
9390,3.75378e-11,-1.10178
9391,3.61667e-12,1.87105
9392,1.8101e-11,-1.43132
9393,1.20709e-11,0.824508
9394,8.24054e-12,0.827355
9395,3.11299e-11,-0.819444
9396,1.06654e-11,0.461417
9397,5.22012e-12,1.40713
9398,1.16482e-11,-2.87299
9399,1.71299e-11,2.17388
9400,1.94224e-11,-1.36005
9401,2.05928e-11,-1.36469
9402,1.83005e-11,-3.11361
9403,5.62856e-11,-0.288076
9404,1.33282e-11,-0.263631
9405,1.37382e-11,-2.55142
9406,1.24713e-11,-1.31627
9407,4.3543e-11,-1.63845
9408,7.79381e-13,2.50728
9409,2.70616e-11,-3.08173
9410,3.92205e-10,-2.45299
9411,1.41628e-11,0.471539
9412,6.05704e-12,2.85037
9413,1.43365e-11,-2.07044
9414,7.45229e-12,-1.37742
9415,3.08252e-11,-0.0332625
9416,1.10566e-11,2.37423
9417,6.43047e-11,2.92634
9418,7.39127e-12,-0.805544
9419,1.62565e-11,-2.98974
9420,7.56217e-12,0.844991
9421,9.21945e-12,2.87538
9422,4.64775e-12,-0.504551
9423,6.87182e-12,1.58305
9424,2.29664e-12,0.559804
9425,6.01166e-12,3.08638
9426,5.40728e-12,0.429054
9427,5.74864e-12,-2.49285
9428,6.42482e-12,-1.42731
9429,4.58243e-12,-0.0799975
9430,8.05473e-12,1.4379
9431,1.5382e-11,-1.53707
9432,3.73215e-12,-0.105676
9433,2.59907e-11,1.94653
9434,1.02009e-11,2.74277
9435,7.57097e-12,-0.326154
9436,7.22559e-12,-2.64736
9437,9.46934e-12,1.72678
9438,3.475e-12,-2.87775
9439,3.0047e-11,-2.83263
9440,7.66631e-12,-2.59851
9441,1.98663e-11,-1.01495
9442,1.70369e-10,-1.42968
9443,9.47027e-12,-1.60795
9444,1.29078e-11,-2.31536
9445,1.79111e-11,-0.130887
9446,8.75255e-12,2.83911
9447,1.20915e-11,2.14274
9448,4.88889e-11,-1.19968
9449,5.26113e-12,0.464667
9450,1.80568e-11,0.124525
9451,8.86212e-12,-2.30522
9452,8.35525e-12,1.58632
9453,4.18709e-11,1.45001
9454,4.65268e-11,-2.70497
9455,4.7575e-12,2.80012
9456,1.36815e-12,-1.17716
9457,7.43133e-12,1.52866
9458,6.19169e-12,-2.38316
9459,8.36397e-12,1.22564
9460,1.13898e-11,-2.99175
9461,6.36083e-12,0.0826865
9462,2.35751e-11,-1.08881
9463,1.16523e-10,-0.705392
9464,3.49813e-12,-1.65237
9465,1.39012e-11,2.2965
9466,5.96717e-12,-1.03109
9467,9.25793e-12,-2.43243
9468,1.10367e-11,-0.0808648
9469,1.80578e-11,-1.9799
9470,2.37585e-11,-0.185711
9471,1.07028e-12,2.66896
9472,3.22648e-12,0.284023
9473,9.34355e-12,2.5956
9474,6.84137e-12,-1.85671
9475,2.15136e-12,0.838233
9476,8.14894e-12,1.77703
9477,7.99909e-12,1.35298
9478,3.8389e-11,2.45422
9479,7.50602e-11,-2.13816
9480,3.37847e-11,-1.36077
9481,1.96533e-11,-0.341525
9482,3.17068e-12,-2.16311
9483,4.72586e-12,1.78559
9484,1.45629e-11,-2.3728
9485,3.22212e-11,-0.705681
9486,2.4855e-12,-2.68745
9487,1.68074e-11,-0.720978
9488,2.08986e-11,2.51902
9489,6.46642e-12,2.25029
9490,1.36581e-11,-2.6586
9491,9.05014e-12,2.52408
9492,6.81206e-12,0.54975
9493,1.11231e-11,-1.97523
9494,1.38417e-11,0.268423
9495,7.12287e-12,-0.793816
9496,1.13846e-11,-1.08606
9497,5.86509e-12,3.07619
9498,1.34288e-11,3.00334
9499,1.83487e-12,-2.26947
9500,4.0438e-11,-3.08534
9501,8.2805e-12,-0.279033
9502,1.50646e-11,-1.43969
9503,5.02395e-12,2.49763
9504,1.61439e-11,-2.51708
9505,9.41947e-12,0.00612858
9506,8.36388e-12,-2.3262
9507,7.08065e-11,0.251469
9508,2.41507e-11,1.17311
9509,2.3787e-12,-1.83139
9510,7.981e-12,-1.14536
9511,2.69262e-12,2.17988
9512,7.12693e-12,-2.92845
9513,3.62131e-11,2.98005
9514,9.84335e-11,-0.963317
9515,6.18749e-12,0.0460997
9516,1.17218e-10,-0.196886
9517,2.21952e-12,0.689452
9518,1.29325e-11,1.8886
9519,1.98061e-11,1.10593
9520,5.89451e-12,-0.557173
9521,1.22833e-11,2.30728
9522,1.04797e-11,2.51999
9523,2.40541e-11,-3.01077
9524,1.01051e-11,1.71634
9525,6.61255e-12,-3.10038
9526,3.72585e-12,2.08218
9527,4.34686e-12,-0.214301
9528,1.42528e-11,1.54219
9529,1.67971e-11,-0.777822
9530,4.57599e-11,-1.92667
9531,5.31195e-12,1.94525
9532,2.24943e-11,-0.210403
9533,8.00494e-12,-1.80746
9534,8.91595e-12,-0.168289
9535,1.02301e-11,2.69792
9536,6.54934e-12,-0.877213
9537,2.84699e-11,-2.87012
9538,6.19108e-12,1.71091
9539,5.86822e-12,0.313489
9540,4.56405e-12,-1.12167
9541,9.01879e-12,-2.4932
9542,9.91306e-12,0.591233
9543,3.81e-12,-1.38541
9544,1.11261e-11,-2.30046
9545,4.0373e-11,1.49029
9546,2.22667e-11,-2.65959
9547,1.50016e-11,1.38491
9548,3.78684e-12,1.73939
9549,3.88294e-11,2.81919
9550,8.57848e-12,-1.79681
9551,1.08629e-11,1.73295
9552,8.0813e-12,0.611203
9553,7.30986e-12,1.84006
9554,3.35968e-11,-1.63388
9555,1.19279e-11,1.67149
9556,1.69833e-11,1.27579
9557,4.7454e-12,0.770166
9558,2.64398e-12,2.4458
9559,3.90382e-11,2.21277
9560,1.08983e-11,-1.79754
9561,7.62465e-12,0.134858
9562,9.16996e-12,2.76464
9563,1.87539e-11,-2.9622
9564,3.28864e-11,-1.26339
9565,3.70655e-11,-0.540609
9566,3.22469e-11,-0.778043
9567,9.62469e-12,-1.17733
9568,8.03768e-12,-3.12981
9569,9.40928e-12,2.44427
9570,1.72185e-11,-1.24205
9571,3.34679e-12,2.9958
9572,3.36534e-11,-2.50401
9573,2.07699e-11,0.906556
9574,1.48231e-11,-1.64605
9575,1.31637e-11,0.766676
9576,1.57241e-11,-1.40961
9577,5.19946e-10,0.524792
9578,3.5962e-11,-0.0697181
9579,6.97195e-12,-2.31608
9580,1.14889e-11,-2.03816
9581,1.3915e-11,-0.100706
9582,2.65974e-12,2.14313
9583,2.54439e-11,-1.82583
9584,9.08497e-12,-0.460607
9585,1.77523e-11,1.22968
9586,1.45125e-11,-0.985897
9587,4.39993e-12,-1.88741
9588,1.96806e-11,1.89464
9589,1.84048e-11,-2.17214
9590,1.10117e-11,-1.30518
9591,1.95925e-11,1.64953
9592,1.40816e-11,2.48119
9593,1.51285e-11,0.498835
9594,2.90043e-11,0.469534
9595,3.83923e-11,2.98624
9596,1.20117e-11,-1.57907
9597,9.55737e-12,1.32525
9598,1.3138e-11,1.93569
9599,2.11618e-11,-0.0328028
9600,1.67699e-11,-3.04549
9601,1.63794e-11,-0.635641
9602,1.07385e-11,-0.636909
9603,3.76442e-11,1.42981
9604,1.70364e-11,-0.817061
9605,1.36184e-11,-0.657639
9606,7.51562e-12,0.550754
9607,1.79493e-11,0.583712
9608,1.40812e-11,1.55144
9609,2.65963e-11,2.95139
9610,1.6473e-11,-0.631146
9611,1.87376e-11,1.17253
9612,4.17412e-12,-1.44204
9613,1.3718e-11,3.08875
9614,6.39505e-12,-1.56851
9615,1.07195e-11,2.87174
9616,2.45002e-11,-2.11378
9617,1.02767e-11,-1.70371
9618,1.95044e-10,-0.792624
9619,1.11598e-11,2.44674
9620,2.52066e-11,-0.675291
9621,5.64896e-12,-0.945018
9622,1.41103e-11,-1.36118
9623,1.55925e-11,-3.01041
9624,5.78247e-12,-1.34402
9625,2.49338e-11,-2.75974
9626,1.03856e-11,0.798177
9627,5.45437e-11,-1.70946
9628,2.27562e-11,3.02528
9629,3.87455e-12,2.38324
9630,1.35495e-11,2.35
9631,2.61889e-11,2.24237
9632,4.19812e-12,1.59243
9633,1.40972e-10,0.712778
9634,1.08221e-11,2.07567
9635,4.67225e-12,-2.04529
9636,7.59661e-12,-0.678757
9637,1.25295e-11,1.68139
9638,1.66298e-11,-0.745774
9639,3.96698e-12,-0.271855
9640,1.47556e-11,-1.87738
9641,9.81777e-12,0.699791
9642,1.51406e-11,2.8027
9643,4.00043e-12,-1.70616
9644,1.26612e-11,-1.73706
9645,5.62108e-11,1.74596
9646,5.45309e-12,-0.626924
9647,5.09708e-12,2.86061
9648,1.74294e-11,-1.99185
9649,2.29698e-11,0.769659
9650,5.80938e-11,1.69645
9651,3.08701e-11,1.41355
9652,1.84979e-11,2.4744
9653,2.58696e-11,0.873565
9654,5.56747e-11,-1.33305
9655,3.28102e-11,2.24963
9656,1.59234e-11,1.8023
9657,1.04556e-11,-1.77691
9658,1.9828e-11,0.0819304
9659,4.41557e-12,-0.354729
9660,9.61295e-12,-0.824243
9661,8.27993e-12,1.62615
9662,1.30905e-11,-0.477012
9663,6.33697e-12,-0.0389246
9664,4.62707e-11,-1.09664
9665,2.25241e-12,1.04453
9666,1.1179e-10,-3.12122
9667,2.99621e-11,-0.637129
9668,1.00297e-11,1.85344
9669,1.8074e-11,2.8357
9670,1.91189e-11,-1.41089
9671,7.25366e-11,-1.55665
9672,1.25402e-11,-0.227083
9673,7.75802e-12,-3.04591
9674,1.32289e-11,-2.21777
9675,7.87268e-12,-2.90887
9676,4.86718e-12,-0.193154
9677,2.46524e-11,-1.99606
9678,2.89661e-11,-1.20599
9679,2.39126e-11,0.807279
9680,2.14361e-11,-1.62591
9681,1.49491e-11,1.00566
9682,1.52222e-11,1.8644
9683,1.12222e-11,-2.87337
9684,1.58756e-11,-3.05842
9685,1.12753e-11,2.31661
9686,4.36814e-12,-2.60205
9687,2.18477e-11,2.96873
9688,2.91104e-11,-2.65922
9689,3.02294e-12,0.748057
9690,1.83639e-11,-1.86929
9691,1.24551e-11,-1.65776
9692,3.01989e-11,1.54012
9693,2.35199e-11,1.16923
9694,1.41617e-11,-0.262064
9695,4.02531e-11,0.63638
9696,5.54562e-12,2.3484
9697,1.54542e-11,0.505524
9698,2.45497e-11,0.30365
9699,1.62538e-11,0.00411391
9700,9.99017e-12,-1.69658
9701,9.36486e-12,0.353385
9702,3.1964e-11,1.55425
9703,2.0342e-10,1.59231
9704,1.4828e-11,-1.26808
9705,5.36155e-11,2.15976
9706,3.89918e-11,-3.0199
9707,2.2866e-11,-0.43585
9708,2.20756e-11,-3.11158
9709,1.2757e-11,-1.71652
9710,3.36248e-12,2.9771
9711,2.8556e-11,-0.804865
9712,1.39209e-11,1.33829
9713,1.47616e-11,-2.2228
9714,2.8434e-12,0.928898
9715,1.45687e-11,-0.750315
9716,5.42502e-12,-2.38094
9717,1.86345e-11,-2.05262
9718,4.3821e-12,-2.81542
9719,2.89939e-11,1.48182
9720,4.95571e-12,2.19362
9721,1.22428e-10,1.98482
9722,3.30026e-11,-3.06726
9723,1.51254e-11,1.91754
9724,4.83464e-11,1.42793
9725,1.50854e-10,-0.070949
9726,9.07841e-12,0.465415
9727,1.03567e-11,0.661948
9728,1.37161e-11,-0.496482
9729,2.12749e-11,2.63762
9730,2.62738e-11,-2.40853
9731,9.31124e-11,2.63687
9732,9.55349e-12,2.08228
9733,1.05886e-11,-0.429935
9734,1.30277e-11,-3.00148
9735,4.61996e-11,0.00407318
9736,8.68219e-12,-2.38517
9737,1.59141e-10,2.59353
9738,1.88647e-12,-0.833355
9739,7.24349e-12,0.819527
9740,6.51058e-12,0.452931
9741,1.32813e-11,0.434298
9742,4.2914e-12,-2.74022
9743,2.77302e-11,-2.53326
9744,1.40308e-11,-1.43309
9745,6.79338e-12,-1.21695
9746,1.8963e-11,0.489363
9747,1.54519e-11,1.62328
9748,1.25503e-10,0.856783
9749,7.90046e-12,-3.12695
9750,1.19727e-11,-2.78993
9751,1.98223e-11,1.47983
9752,2.03388e-11,-0.519381
9753,1.12945e-11,-0.842779
9754,7.93418e-12,-1.53978
9755,1.03553e-10,-0.113205
9756,1.57728e-11,1.70345
9757,1.94658e-11,0.792712
9758,1.07009e-11,-0.892828
9759,1.1014e-11,-1.32594
9760,5.2901e-11,-2.7634
9761,2.04344e-11,2.93472
9762,2.2558e-10,-0.851579
9763,1.51416e-11,-2.72349
9764,1.49838e-11,-0.427546
9765,3.81092e-12,-1.55841
9766,1.43178e-11,-2.06063
9767,1.61835e-11,0.91297
9768,7.23787e-12,2.96608
9769,6.8572e-12,-2.1082
9770,1.75287e-11,2.87822
9771,3.10485e-12,1.42944
9772,1.00322e-11,1.45282
9773,2.25421e-11,-2.10023
9774,2.70831e-11,2.25823
9775,1.14105e-11,0.0152797
9776,9.91216e-12,0.0343003
9777,1.74178e-11,-0.321841
9778,4.86816e-12,0.779674
9779,3.36027e-11,1.52219
9780,1.99462e-11,-3.10142
9781,2.33235e-11,-2.98353
9782,3.56723e-11,0.802823
9783,1.85597e-11,-0.312188
9784,2.43173e-11,1.10534
9785,1.64831e-11,-1.89128
9786,1.03741e-11,-0.241823
9787,8.80283e-11,-1.75415
9788,1.06409e-11,2.32661
9789,2.08146e-12,-2.33921
9790,3.0054e-11,-2.7446
9791,1.05241e-11,-0.915431
9792,3.06361e-11,-0.931427
9793,1.82829e-11,-0.578687
9794,1.71179e-11,0.616531
9795,1.33764e-11,-2.55698
9796,3.67027e-11,1.32374
9797,2.71594e-11,2.667
9798,1.03131e-11,-0.818846
9799,1.64277e-11,1.83062
9800,3.69578e-11,1.26955
9801,3.97901e-12,-3.12672
9802,2.92309e-12,-2.54092
9803,9.40551e-12,-2.53542
9804,3.94821e-11,-1.51733
9805,1.50104e-11,-1.26034
9806,1.68825e-11,2.65142
9807,1.942e-11,-2.77893
9808,2.67582e-11,3.04118
9809,4.84252e-11,0.875898
9810,7.61719e-11,-1.36164
9811,2.447e-11,-1.96047
9812,5.66151e-11,-0.0747659
9813,7.23421e-12,1.15426
9814,3.35578e-11,-0.358925
9815,6.56303e-12,0.298856
9816,2.17648e-11,2.81206
9817,2.42829e-11,-0.695883
9818,4.6652e-11,-2.85049
9819,4.4355e-12,1.88009
9820,9.45405e-12,1.7488
9821,1.73943e-11,-2.68864
9822,1.66458e-11,-2.83195
9823,1.10517e-11,-2.20795
9824,2.38104e-11,-2.25169
9825,5.30477e-11,1.15738
9826,3.35109e-12,-0.00495487
9827,4.83839e-11,-0.11464
9828,5.71198e-12,-3.09684
9829,3.65458e-11,-0.625128
9830,5.58232e-11,-1.63404
9831,1.0237e-11,-0.0957117
9832,2.03531e-12,1.64117
9833,1.00672e-11,1.53745
9834,6.6097e-12,2.89111
9835,2.67991e-11,1.49444
9836,2.30845e-11,0.162741
9837,1.24781e-11,-0.86992
9838,2.254e-11,0.473659
9839,4.75894e-11,2.08225
9840,1.41944e-11,-2.08
9841,1.0378e-11,-2.33638
9842,3.15231e-11,-2.24903
9843,2.22337e-11,1.30253
9844,4.65938e-12,1.30448
9845,4.55415e-12,2.60519
9846,6.90789e-12,-2.06307
9847,2.27629e-11,-0.883606
9848,2.01833e-11,-2.16674
9849,1.66111e-11,-1.2816
9850,1.11433e-11,1.63479
9851,9.60973e-12,-2.91952
9852,1.12061e-11,0.177141
9853,1.81832e-11,0.327883
9854,7.1652e-11,-0.520877
9855,2.33509e-11,3.07851
9856,2.62509e-11,1.95486
9857,1.01296e-11,-0.18917
9858,1.9607e-11,3.00923
9859,1.71354e-11,-0.447701
9860,6.22742e-12,0.88326
9861,1.09948e-11,2.22111
9862,4.44553e-11,-2.13384
9863,1.10964e-11,0.805483
9864,1.61569e-11,1.67555
9865,2.32197e-11,0.217483
9866,1.19581e-11,0.502149
9867,1.13424e-11,-2.80191
9868,1.56038e-11,1.29607
9869,2.29911e-11,2.16776
9870,9.81998e-12,1.22836
9871,2.41769e-11,0.0589243
9872,2.46308e-11,-0.898431
9873,1.06934e-10,-2.80128
9874,1.12153e-11,0.788474
9875,1.72244e-11,2.24419
9876,1.5404e-11,-2.15749
9877,1.26306e-11,2.62878
9878,8.52133e-11,0.332953
9879,7.08393e-12,1.06541
9880,8.48475e-12,-0.498639
9881,4.48052e-11,2.82136
9882,9.85396e-12,0.533373
9883,2.67014e-11,-0.192418
9884,5.01094e-12,1.16183
9885,7.31364e-12,2.98181
9886,1.44196e-12,-1.11482
9887,2.37713e-11,1.89064
9888,9.5158e-12,-2.91671
9889,2.12729e-11,-1.08462
9890,1.31198e-11,-1.03983
9891,3.65827e-12,2.69024
9892,5.4484e-12,1.89801
9893,2.07155e-11,-1.58909
9894,8.93451e-11,-3.00116
9895,3.23121e-12,-3.1081
9896,1.39215e-11,-2.80402
9897,7.54401e-12,-1.73746
9898,8.75414e-12,-1.8632
9899,9.24537e-12,2.66235
9900,5.20451e-12,2.84135
9901,1.75306e-11,-1.57272
9902,7.34605e-12,1.04354
9903,9.05773e-12,-1.42017
9904,7.20931e-13,1.87737
9905,2.03689e-11,2.25867
9906,1.47796e-11,2.78844
9907,3.62818e-11,1.51953
9908,1.23707e-11,2.2316
9909,1.96067e-11,-0.521046
9910,1.48942e-11,-0.595411
9911,2.23353e-11,2.17424
9912,1.0368e-11,-0.724892
9913,6.54414e-12,-0.556304
9914,9.59719e-12,1.89305
9915,9.09347e-12,-1.50827
9916,5.40821e-11,-2.09266
9917,2.63361e-11,-2.43371
9918,2.64784e-11,2.3063
9919,3.78831e-12,1.98031
9920,5.71547e-12,-2.99779
9921,7.96191e-12,-2.384
9922,1.50079e-11,-2.15406
9923,7.26146e-12,0.320545
9924,1.02362e-11,0.694165
9925,1.27012e-11,2.91956
9926,1.01538e-11,-2.43528
9927,2.53557e-11,2.59808
9928,1.47328e-11,3.11456
9929,1.22019e-11,2.14416
9930,1.01336e-11,2.35516
9931,3.03935e-11,1.17329
9932,2.0831e-11,-2.92393
9933,1.87914e-12,-2.93204
9934,1.39345e-11,-1.50168
9935,6.21694e-11,-1.59399
9936,1.58408e-11,1.60846
9937,3.93758e-12,2.52891
9938,5.16416e-12,-1.8904
9939,1.82147e-12,-2.45387
9940,1.88297e-11,-1.11161
9941,8.71958e-12,2.86286
9942,2.21867e-11,1.73877
9943,3.46896e-11,2.24437
9944,2.70285e-11,2.18736
9945,2.03258e-11,0.952135
9946,1.55275e-10,2.11645
9947,1.97002e-11,-1.82728
9948,5.3269e-12,-0.150292
9949,6.59467e-12,1.35037
9950,3.51431e-12,-1.27533
9951,5.56035e-12,2.8907
9952,1.10002e-11,2.74428
9953,3.65397e-12,0.839323
9954,7.88718e-12,1.91952
9955,5.89591e-13,0.791117
9956,1.03758e-11,-1.05657
9957,9.35746e-12,2.37126
9958,1.13469e-11,2.19099
9959,1.2089e-10,1.15033
9960,6.57421e-12,0.00564601
9961,2.31668e-11,-1.16089
9962,3.83587e-11,-0.119714
9963,1.33113e-11,-2.92082
9964,3.38038e-11,-0.895861
9965,1.47854e-11,-2.67137
9966,2.11874e-11,-0.359799
9967,7.54741e-11,1.30022
9968,1.13725e-11,2.11428
9969,5.33519e-12,-0.780964
9970,1.11402e-11,-0.767764
9971,1.06514e-11,-0.264513
9972,1.10633e-11,-1.1581
9973,1.22263e-11,1.10446
9974,1.23591e-11,-1.37136
9975,3.26038e-11,0.819262
9976,8.12946e-12,2.47894
9977,2.3713e-11,0.838315
9978,8.74848e-12,2.7265
9979,1.64589e-11,0.739286
9980,1.31281e-11,-2.57881
9981,3.05245e-11,2.36645
9982,1.72792e-11,1.31019
9983,6.27347e-12,-0.0967115
9984,2.42264e-12,1.44456
9985,3.36119e-11,0.838249
9986,7.77583e-12,-1.28709
9987,1.02817e-11,1.09862
9988,4.5171e-12,-3.06553
9989,3.97353e-11,-2.01734
9990,2.97758e-12,-2.04706
9991,8.4619e-12,-2.15689
9992,2.34893e-11,-2.48836
9993,8.81289e-12,2.94996
9994,3.24451e-12,-2.41084
9995,1.39404e-11,-2.94799
9996,2.9168e-10,-2.23243
9997,1.45157e-11,2.32371
9998,5.19361e-12,0.000128459
9999,1.599e-11,2.01434
